unique_id,full_name,first_name,last_name,political_group,gender,congress_page
JoséLuisÁbalosMeco,José Luis Ábalos Meco, José Luis  ,Ábalos Meco,GS ,M,http://www.congreso.es/portal/page/portal/Congreso/Congreso/Diputados/BusqForm?_piref73_1333155_73_1333154_1333154.next_page=/wc/fichaDiputado?idDiputado=267&idLegislatura=14
SantiagoAbascalConde,Santiago  Abascal Conde, Santiago  ,Abascal Conde,GVOX ,M,http://www.congreso.es/portal/page/portal/Congreso/Congreso/Diputados/BusqForm?_piref73_1333155_73_1333154_1333154.next_page=/wc/fichaDiputado?idDiputado=43&idLegislatura=14
JoséLuisAcevesGalindo,José Luis  Aceves Galindo, José Luis  ,Aceves Galindo,GS ,M,http://www.congreso.es/portal/page/portal/Congreso/Congreso/Diputados/BusqForm?_piref73_1333155_73_1333154_1333154.next_page=/wc/fichaDiputado?idDiputado=56&idLegislatura=14
JosebaAndoniAgirretxeaUrresti,Joseba Andoni  Agirretxea Urresti, Joseba Andoni  ,Agirretxea Urresti,GV  EAJ-PNV,M,http://www.congreso.es/portal/page/portal/Congreso/Congreso/Diputados/BusqForm?_piref73_1333155_73_1333154_1333154.next_page=/wc/fichaDiputado?idDiputado=99&idLegislatura=14
JuanJoséAizcorbeTorra,Juan José  Aizcorbe Torra, Juan José  ,Aizcorbe Torra,GVOX ,M,http://www.congreso.es/portal/page/portal/Congreso/Congreso/Diputados/BusqForm?_piref73_1333155_73_1333154_1333154.next_page=/wc/fichaDiputado?idDiputado=151&idLegislatura=14
MertxeAizpuruaArzallus,Mertxe  Aizpurua Arzallus, Mertxe  ,Aizpurua Arzallus,GEH Bildu ,F,http://www.congreso.es/portal/page/portal/Congreso/Congreso/Diputados/BusqForm?_piref73_1333155_73_1333154_1333154.next_page=/wc/fichaDiputado?idDiputado=69&idLegislatura=14
FranciscoJoséAlcarazMartos,Francisco José  Alcaraz Martos, Francisco José  ,Alcaraz Martos,GVOX ,M,http://www.congreso.es/portal/page/portal/Congreso/Congreso/Diputados/BusqForm?_piref73_1333155_73_1333154_1333154.next_page=/wc/fichaDiputado?idDiputado=252&idLegislatura=14
JavierAlfonsoCendón,Javier  Alfonso Cendón, Javier  ,Alfonso Cendón,GS ,M,http://www.congreso.es/portal/page/portal/Congreso/Congreso/Diputados/BusqForm?_piref73_1333155_73_1333154_1333154.next_page=/wc/fichaDiputado?idDiputado=103&idLegislatura=14
AgustínAlmodóbarBarceló,Agustín  Almodóbar Barceló, Agustín  ,Almodóbar Barceló,GP ,M,http://www.congreso.es/portal/page/portal/Congreso/Congreso/Diputados/BusqForm?_piref73_1333155_73_1333154_1333154.next_page=/wc/fichaDiputado?idDiputado=305&idLegislatura=14
JoséÁngelAlonsoPérez,José Ángel  Alonso Pérez, José Ángel  ,Alonso Pérez,GP ,M,http://www.congreso.es/portal/page/portal/Congreso/Congreso/Diputados/BusqForm?_piref73_1333155_73_1333154_1333154.next_page=/wc/fichaDiputado?idDiputado=244&idLegislatura=14
MaríaOlgaAlonsoSuárez,María Olga  Alonso Suárez, María Olga  ,Alonso Suárez,GS ,F,http://www.congreso.es/portal/page/portal/Congreso/Congreso/Diputados/BusqForm?_piref73_1333155_73_1333154_1333154.next_page=/wc/fichaDiputado?idDiputado=72&idLegislatura=14
JaumeAlonso-CuevillasiSayrol,Jaume  Alonso-Cuevillas I Sayrol, Jaume  ,Alonso-Cuevillas i Sayrol,GPlu ,M,http://www.congreso.es/portal/page/portal/Congreso/Congreso/Diputados/BusqForm?_piref73_1333155_73_1333154_1333154.next_page=/wc/fichaDiputado?idDiputado=26&idLegislatura=14
CayetanaÁlvarezdeToledoPeralta-Ramos,Cayetana  Álvarez De Toledo Peralta-Ramos, Cayetana  ,Álvarez de Toledo Peralta-Ramos,GP ,F,http://www.congreso.es/portal/page/portal/Congreso/Congreso/Diputados/BusqForm?_piref73_1333155_73_1333154_1333154.next_page=/wc/fichaDiputado?idDiputado=308&idLegislatura=14
BeatrizÁlvarezFanjul,Beatriz  Álvarez Fanjul, Beatriz  ,Álvarez Fanjul,GP ,F,http://www.congreso.es/portal/page/portal/Congreso/Congreso/Diputados/BusqForm?_piref73_1333155_73_1333154_1333154.next_page=/wc/fichaDiputado?idDiputado=101&idLegislatura=14
CarmenAndrésAñón,Carmen  Andrés Añón, Carmen  ,Andrés Añón,GS ,F,http://www.congreso.es/portal/page/portal/Congreso/Congreso/Diputados/BusqForm?_piref73_1333155_73_1333154_1333154.next_page=/wc/fichaDiputado?idDiputado=204&idLegislatura=14
JosefaAndrésBarea,Josefa  Andrés Barea, Josefa  ,Andrés Barea,GS ,F,http://www.congreso.es/portal/page/portal/Congreso/Congreso/Diputados/BusqForm?_piref73_1333155_73_1333154_1333154.next_page=/wc/fichaDiputado?idDiputado=66&idLegislatura=14
OmarAnguitaPérez,Omar  Anguita Pérez, Omar  ,Anguita Pérez,GS ,M,http://www.congreso.es/portal/page/portal/Congreso/Congreso/Diputados/BusqForm?_piref73_1333155_73_1333154_1333154.next_page=/wc/fichaDiputado?idDiputado=354&idLegislatura=14
MaríaTeresaAnguloRomero,María Teresa  Angulo Romero, María Teresa  ,Angulo Romero,GP ,F,http://www.congreso.es/portal/page/portal/Congreso/Congreso/Diputados/BusqForm?_piref73_1333155_73_1333154_1333154.next_page=/wc/fichaDiputado?idDiputado=113&idLegislatura=14
JavierAntónCacho,Javier  Antón Cacho, Javier  ,Antón Cacho,GS ,M,http://www.congreso.es/portal/page/portal/Congreso/Congreso/Diputados/BusqForm?_piref73_1333155_73_1333154_1333154.next_page=/wc/fichaDiputado?idDiputado=100&idLegislatura=14
CarlosAragonésMendiguchía,Carlos  Aragonés Mendiguchía, Carlos  ,Aragonés Mendiguchía,GP ,M,http://www.congreso.es/portal/page/portal/Congreso/Congreso/Diputados/BusqForm?_piref73_1333155_73_1333154_1333154.next_page=/wc/fichaDiputado?idDiputado=232&idLegislatura=14
FranciscoArandaVargas,Francisco  Aranda Vargas, Francisco  ,Aranda Vargas,GS ,M,http://www.congreso.es/portal/page/portal/Congreso/Congreso/Diputados/BusqForm?_piref73_1333155_73_1333154_1333154.next_page=/wc/fichaDiputado?idDiputado=198&idLegislatura=14
GemmaAraujoMorales,Gemma  Araujo Morales, Gemma  ,Araujo Morales,GS ,F,http://www.congreso.es/portal/page/portal/Congreso/Congreso/Diputados/BusqForm?_piref73_1333155_73_1333154_1333154.next_page=/wc/fichaDiputado?idDiputado=364&idLegislatura=14
ManuelArribasMaroto,Manuel  Arribas Maroto, Manuel  ,Arribas Maroto,GS ,M,http://www.congreso.es/portal/page/portal/Congreso/Congreso/Diputados/BusqForm?_piref73_1333155_73_1333154_1333154.next_page=/wc/fichaDiputado?idDiputado=369&idLegislatura=14
InésArrimadasGarcía,Inés  Arrimadas García, Inés  ,Arrimadas García,GCs ,F,http://www.congreso.es/portal/page/portal/Congreso/Congreso/Diputados/BusqForm?_piref73_1333155_73_1333154_1333154.next_page=/wc/fichaDiputado?idDiputado=331&idLegislatura=14
Alberto  AsartaCuevas,Alberto  Asarta Cuevas, Alberto  ,Asarta Cuevas,GVOX ,M,http://www.congreso.es/portal/page/portal/Congreso/Congreso/Diputados/BusqForm?_piref73_1333155_73_1333154_1333154.next_page=/wc/fichaDiputado?idDiputado=129&idLegislatura=14
JaumeAsensLlodrà,Jaume  Asens Llodrà, Jaume  ,Asens Llodrà,GCUP-EC-GC ,M,http://www.congreso.es/portal/page/portal/Congreso/Congreso/Diputados/BusqForm?_piref73_1333155_73_1333154_1333154.next_page=/wc/fichaDiputado?idDiputado=291&idLegislatura=14
LázaroAzorínSalar,Lázaro  Azorín Salar, Lázaro  ,Azorín Salar,GS ,M,http://www.congreso.es/portal/page/portal/Congreso/Congreso/Diputados/BusqForm?_piref73_1333155_73_1333154_1333154.next_page=/wc/fichaDiputado?idDiputado=371&idLegislatura=14
EdmundoBalFrancés,Edmundo  Bal Francés, Edmundo  ,Bal Francés,GCs ,M,http://www.congreso.es/portal/page/portal/Congreso/Congreso/Diputados/BusqForm?_piref73_1333155_73_1333154_1333154.next_page=/wc/fichaDiputado?idDiputado=211&idLegislatura=14
JoanBaldovíRoda,Joan  Baldoví Roda, Joan  ,Baldoví Roda,GPlu ,M,http://www.congreso.es/portal/page/portal/Congreso/Congreso/Diputados/BusqForm?_piref73_1333155_73_1333154_1333154.next_page=/wc/fichaDiputado?idDiputado=247&idLegislatura=14
CarmenBañosRuiz,Carmen  Baños Ruiz, Carmen  ,Baños Ruiz,GS ,F,http://www.congreso.es/portal/page/portal/Congreso/Congreso/Diputados/BusqForm?_piref73_1333155_73_1333154_1333154.next_page=/wc/fichaDiputado?idDiputado=365&idLegislatura=14
ÍñigoBarandiaranBenito,Íñigo  Barandiaran Benito, Íñigo  ,Barandiaran Benito,GV  EAJ-PNV,M,http://www.congreso.es/portal/page/portal/Congreso/Congreso/Diputados/BusqForm?_piref73_1333155_73_1333154_1333154.next_page=/wc/fichaDiputado?idDiputado=97&idLegislatura=14
JavierBasCorugeira,Javier  Bas Corugeira, Javier  ,Bas Corugeira,GP ,M,http://www.congreso.es/portal/page/portal/Congreso/Congreso/Diputados/BusqForm?_piref73_1333155_73_1333154_1333154.next_page=/wc/fichaDiputado?idDiputado=118&idLegislatura=14
MontserratBassaColl,Montserrat  Bassa Coll, Montserrat  ,Bassa Coll,GR ,F,http://www.congreso.es/portal/page/portal/Congreso/Congreso/Diputados/BusqForm?_piref73_1333155_73_1333154_1333154.next_page=/wc/fichaDiputado?idDiputado=192&idLegislatura=14
MeritxellBatetLamaña,Meritxell  Batet Lamaña, Meritxell  ,Batet Lamaña,GS ,F,http://www.congreso.es/portal/page/portal/Congreso/Congreso/Diputados/BusqForm?_piref73_1333155_73_1333154_1333154.next_page=/wc/fichaDiputado?idDiputado=215&idLegislatura=14
FerranBelAccensi,Ferran  Bel Accensi, Ferran  ,Bel Accensi,GPlu ,M,http://www.congreso.es/portal/page/portal/Congreso/Congreso/Diputados/BusqForm?_piref73_1333155_73_1333154_1333154.next_page=/wc/fichaDiputado?idDiputado=14&idLegislatura=14
IoneBelarraUrteaga,Ione  Belarra Urteaga, Ione  ,Belarra Urteaga,GCUP-EC-GC ,F,http://www.congreso.es/portal/page/portal/Congreso/Congreso/Diputados/BusqForm?_piref73_1333155_73_1333154_1333154.next_page=/wc/fichaDiputado?idDiputado=139&idLegislatura=14
AnaMaríaBeltránVillalba,Ana María  Beltrán Villalba, Ana María  ,Beltrán Villalba,GP ,F,http://www.congreso.es/portal/page/portal/Congreso/Congreso/Diputados/BusqForm?_piref73_1333155_73_1333154_1333154.next_page=/wc/fichaDiputado?idDiputado=260&idLegislatura=14
LauraBerjaVega,Laura  Berja Vega, Laura  ,Berja Vega,GS ,F,http://www.congreso.es/portal/page/portal/Congreso/Congreso/Diputados/BusqForm?_piref73_1333155_73_1333154_1333154.next_page=/wc/fichaDiputado?idDiputado=70&idLegislatura=14
JoséAntonioBermúdezdeCastroFernández,José Antonio  Bermúdez De Castro Fernández, José Antonio  ,Bermúdez de Castro Fernández,GP ,M,http://www.congreso.es/portal/page/portal/Congreso/Congreso/Diputados/BusqForm?_piref73_1333155_73_1333154_1333154.next_page=/wc/fichaDiputado?idDiputado=181&idLegislatura=14
VicenteBetoretColl,Vicente  Betoret Coll, Vicente  ,Betoret Coll,GP ,M,http://www.congreso.es/portal/page/portal/Congreso/Congreso/Diputados/BusqForm?_piref73_1333155_73_1333154_1333154.next_page=/wc/fichaDiputado?idDiputado=228&idLegislatura=14
PatriciaBlanquerAlcaraz,Patricia  Blanquer Alcaraz, Patricia  ,Blanquer Alcaraz,GS ,F,http://www.congreso.es/portal/page/portal/Congreso/Congreso/Diputados/BusqForm?_piref73_1333155_73_1333154_1333154.next_page=/wc/fichaDiputado?idDiputado=71&idLegislatura=14
GenísBoadellaEsteve,Genís  Boadella Esteve, Genís  ,Boadella Esteve,GPlu ,M,http://www.congreso.es/portal/page/portal/Congreso/Congreso/Diputados/BusqForm?_piref73_1333155_73_1333154_1333154.next_page=/wc/fichaDiputado?idDiputado=24&idLegislatura=14
LauraBorràsCastanyer,Laura  Borràs Castanyer, Laura  ,Borràs Castanyer,GPlu ,F,http://www.congreso.es/portal/page/portal/Congreso/Congreso/Diputados/BusqForm?_piref73_1333155_73_1333154_1333154.next_page=/wc/fichaDiputado?idDiputado=25&idLegislatura=14
MireiaBorrásPabón,Mireia  Borrás Pabón, Mireia  ,Borrás Pabón,GVOX ,F,http://www.congreso.es/portal/page/portal/Congreso/Congreso/Diputados/BusqForm?_piref73_1333155_73_1333154_1333154.next_page=/wc/fichaDiputado?idDiputado=142&idLegislatura=14
IsabelMaríaBorregoCortés,Isabel María  Borrego Cortés, Isabel María  ,Borrego Cortés,GP ,F,http://www.congreso.es/portal/page/portal/Congreso/Congreso/Diputados/BusqForm?_piref73_1333155_73_1333154_1333154.next_page=/wc/fichaDiputado?idDiputado=130&idLegislatura=14
AnaMaríaBotellaGómez,Ana María  Botella Gómez, Ana María  ,Botella Gómez,GS ,F,http://www.congreso.es/portal/page/portal/Congreso/Congreso/Diputados/BusqForm?_piref73_1333155_73_1333154_1333154.next_page=/wc/fichaDiputado?idDiputado=238&idLegislatura=14
AlbertBotranPahissa,Albert  Botran Pahissa, Albert  ,Botran Pahissa,GMx ,M,http://www.congreso.es/portal/page/portal/Congreso/Congreso/Diputados/BusqForm?_piref73_1333155_73_1333154_1333154.next_page=/wc/fichaDiputado?idDiputado=87&idLegislatura=14
EvaBravoBarco,Eva  Bravo Barco, Eva  ,Bravo Barco,GS ,F,http://www.congreso.es/portal/page/portal/Congreso/Congreso/Diputados/BusqForm?_piref73_1333155_73_1333154_1333154.next_page=/wc/fichaDiputado?idDiputado=281&idLegislatura=14
EvaPatriciaBuenoCampanario,Eva Patricia  Bueno Campanario, Eva Patricia  ,Bueno Campanario,GS ,F,http://www.congreso.es/portal/page/portal/Congreso/Congreso/Diputados/BusqForm?_piref73_1333155_73_1333154_1333154.next_page=/wc/fichaDiputado?idDiputado=314&idLegislatura=14
HelenaCaballeroGutiérrez,Helena  Caballero Gutiérrez, Helena  ,Caballero Gutiérrez,GS ,F,http://www.congreso.es/portal/page/portal/Congreso/Congreso/Diputados/BusqForm?_piref73_1333155_73_1333154_1333154.next_page=/wc/fichaDiputado?idDiputado=320&idLegislatura=14
TomásCabezónCasas,Tomás  Cabezón Casas, Tomás  ,Cabezón Casas,GP ,M,http://www.congreso.es/portal/page/portal/Congreso/Congreso/Diputados/BusqForm?_piref73_1333155_73_1333154_1333154.next_page=/wc/fichaDiputado?idDiputado=28&idLegislatura=14
JuanAntonioCallejasCano,Juan Antonio  Callejas Cano, Juan Antonio  ,Callejas Cano,GP ,M,http://www.congreso.es/portal/page/portal/Congreso/Congreso/Diputados/BusqForm?_piref73_1333155_73_1333154_1333154.next_page=/wc/fichaDiputado?idDiputado=35&idLegislatura=14
PabloJuanCalvoListe,Pablo Juan  Calvo Liste, Pablo Juan  ,Calvo Liste,GVOX ,M,http://www.congreso.es/portal/page/portal/Congreso/Congreso/Diputados/BusqForm?_piref73_1333155_73_1333154_1333154.next_page=/wc/fichaDiputado?idDiputado=213&idLegislatura=14
CarmenCalvoPoyato,Carmen  Calvo Poyato, Carmen  ,Calvo Poyato,GS ,F,http://www.congreso.es/portal/page/portal/Congreso/Congreso/Diputados/BusqForm?_piref73_1333155_73_1333154_1333154.next_page=/wc/fichaDiputado?idDiputado=258&idLegislatura=14
PabloCambroneroPiqueras,Pablo  Cambronero Piqueras, Pablo  ,Cambronero Piqueras,GCs ,M,http://www.congreso.es/portal/page/portal/Congreso/Congreso/Diputados/BusqForm?_piref73_1333155_73_1333154_1333154.next_page=/wc/fichaDiputado?idDiputado=58&idLegislatura=14
ConcepCañadellSalvia,Concep  Cañadell Salvia, Concep  ,Cañadell Salvia,GPlu ,F,http://www.congreso.es/portal/page/portal/Congreso/Congreso/Diputados/BusqForm?_piref73_1333155_73_1333154_1333154.next_page=/wc/fichaDiputado?idDiputado=21&idLegislatura=14
MarianadeGraciaCanalesDuque,Mariana De Gracia  Canales Duque, Mariana de Gracia  ,Canales Duque,GS ,F,http://www.congreso.es/portal/page/portal/Congreso/Congreso/Diputados/BusqForm?_piref73_1333155_73_1333154_1333154.next_page=/wc/fichaDiputado?idDiputado=3&idLegislatura=14
PilarCancelaRodríguez,Pilar  Cancela Rodríguez, Pilar  ,Cancela Rodríguez,GS ,F,http://www.congreso.es/portal/page/portal/Congreso/Congreso/Diputados/BusqForm?_piref73_1333155_73_1333154_1333154.next_page=/wc/fichaDiputado?idDiputado=292&idLegislatura=14
InésMaríaCañizaresPacheco,Inés María  Cañizares Pacheco, Inés María  ,Cañizares Pacheco,GVOX ,F,http://www.congreso.es/portal/page/portal/Congreso/Congreso/Diputados/BusqForm?_piref73_1333155_73_1333154_1333154.next_page=/wc/fichaDiputado?idDiputado=152&idLegislatura=14
ZaidaCanteradeCastro,Zaida  Cantera De Castro, Zaida  ,Cantera de Castro,GS ,F,http://www.congreso.es/portal/page/portal/Congreso/Congreso/Diputados/BusqForm?_piref73_1333155_73_1333154_1333154.next_page=/wc/fichaDiputado?idDiputado=38&idLegislatura=14
JoanCapdevilaiEsteve,Joan  Capdevila I Esteve, Joan  ,Capdevila i Esteve,GR ,M,http://www.congreso.es/portal/page/portal/Congreso/Congreso/Diputados/BusqForm?_piref73_1333155_73_1333154_1333154.next_page=/wc/fichaDiputado?idDiputado=172&idLegislatura=14
EduardoCarazoHermoso,Eduardo  Carazo Hermoso, Eduardo  ,Carazo Hermoso,GP ,M,http://www.congreso.es/portal/page/portal/Congreso/Congreso/Diputados/BusqForm?_piref73_1333155_73_1333154_1333154.next_page=/wc/fichaDiputado?idDiputado=245&idLegislatura=14
MaríaLuisaCarcedoRoces,María Luisa  Carcedo Roces, María Luisa  ,Carcedo Roces,GS ,F,http://www.congreso.es/portal/page/portal/Congreso/Congreso/Diputados/BusqForm?_piref73_1333155_73_1333154_1333154.next_page=/wc/fichaDiputado?idDiputado=270&idLegislatura=14
BeatrizMicaelaCarrillodelosReyes,Beatriz Micaela  Carrillo De Los Reyes, Beatriz Micaela  ,Carrillo de los Reyes,GS ,F,http://www.congreso.es/portal/page/portal/Congreso/Congreso/Diputados/BusqForm?_piref73_1333155_73_1333154_1333154.next_page=/wc/fichaDiputado?idDiputado=280&idLegislatura=14
MaríaCarvalhoDantas,María  Carvalho Dantas, María  ,Carvalho Dantas,GR ,F,http://www.congreso.es/portal/page/portal/Congreso/Congreso/Diputados/BusqForm?_piref73_1333155_73_1333154_1333154.next_page=/wc/fichaDiputado?idDiputado=190&idLegislatura=14
PabloCasadoBlanco,Pablo  Casado Blanco, Pablo  ,Casado Blanco,GP ,M,http://www.congreso.es/portal/page/portal/Congreso/Congreso/Diputados/BusqForm?_piref73_1333155_73_1333154_1333154.next_page=/wc/fichaDiputado?idDiputado=307&idLegislatura=14
PedroCasaresHontañón,Pedro  Casares Hontañón, Pedro  ,Casares Hontañón,GS ,M,http://www.congreso.es/portal/page/portal/Congreso/Congreso/Diputados/BusqForm?_piref73_1333155_73_1333154_1333154.next_page=/wc/fichaDiputado?idDiputado=347&idLegislatura=14
AlbertoCaseroÁvila,Alberto  Casero Ávila, Alberto  ,Casero Ávila,GP ,M,http://www.congreso.es/portal/page/portal/Congreso/Congreso/Diputados/BusqForm?_piref73_1333155_73_1333154_1333154.next_page=/wc/fichaDiputado?idDiputado=283&idLegislatura=14
MiguelÁngelCastellónRubio,Miguel Ángel  Castellón Rubio, Miguel Ángel  ,Castellón Rubio,GP ,M,http://www.congreso.es/portal/page/portal/Congreso/Congreso/Diputados/BusqForm?_piref73_1333155_73_1333154_1333154.next_page=/wc/fichaDiputado?idDiputado=74&idLegislatura=14
ElenaCastilloLópez,Elena  Castillo López, Elena  ,Castillo López,GP ,F,http://www.congreso.es/portal/page/portal/Congreso/Congreso/Diputados/BusqForm?_piref73_1333155_73_1333154_1333154.next_page=/wc/fichaDiputado?idDiputado=77&idLegislatura=14
SantosCerdánLeón,Santos  Cerdán León, Santos  ,Cerdán León,GS ,M,http://www.congreso.es/portal/page/portal/Congreso/Congreso/Diputados/BusqForm?_piref73_1333155_73_1333154_1333154.next_page=/wc/fichaDiputado?idDiputado=163&idLegislatura=14
JavierCerqueiroGonzález,Javier  Cerqueiro González, Javier  ,Cerqueiro González,GS ,M,http://www.congreso.es/portal/page/portal/Congreso/Congreso/Diputados/BusqForm?_piref73_1333155_73_1333154_1333154.next_page=/wc/fichaDiputado?idDiputado=47&idLegislatura=14
RicardoChamorroDelmo,Ricardo  Chamorro Delmo, Ricardo  ,Chamorro Delmo,GVOX ,M,http://www.congreso.es/portal/page/portal/Congreso/Congreso/Diputados/BusqForm?_piref73_1333155_73_1333154_1333154.next_page=/wc/fichaDiputado?idDiputado=125&idLegislatura=14
ÓscarClavellLópez,Óscar  Clavell López, Óscar  ,Clavell López,GP ,M,http://www.congreso.es/portal/page/portal/Congreso/Congreso/Diputados/BusqForm?_piref73_1333155_73_1333154_1333154.next_page=/wc/fichaDiputado?idDiputado=108&idLegislatura=14
FranciscoJoséContrerasPeláez,Francisco José  Contreras Peláez, Francisco José  ,Contreras Peláez,GVOX ,M,http://www.congreso.es/portal/page/portal/Congreso/Congreso/Diputados/BusqForm?_piref73_1333155_73_1333154_1333154.next_page=/wc/fichaDiputado?idDiputado=229&idLegislatura=14
MarioCortésCarballo,Mario  Cortés Carballo, Mario  ,Cortés Carballo,GP ,M,http://www.congreso.es/portal/page/portal/Congreso/Congreso/Diputados/BusqForm?_piref73_1333155_73_1333154_1333154.next_page=/wc/fichaDiputado?idDiputado=317&idLegislatura=14
IsmaelCortésGómez,Ismael  Cortés Gómez, Ismael  ,Cortés Gómez,GCUP-EC-GC ,M,http://www.congreso.es/portal/page/portal/Congreso/Congreso/Diputados/BusqForm?_piref73_1333155_73_1333154_1333154.next_page=/wc/fichaDiputado?idDiputado=350&idLegislatura=14
RafaelaCrespínRubio,Rafaela  Crespín Rubio, Rafaela  ,Crespín Rubio,GS ,F,http://www.congreso.es/portal/page/portal/Congreso/Congreso/Diputados/BusqForm?_piref73_1333155_73_1333154_1333154.next_page=/wc/fichaDiputado?idDiputado=107&idLegislatura=14
MaríaSoledadCruz-GuzmánGarcía,María Soledad  Cruz-Guzmán García, María Soledad  ,Cruz-Guzmán García,GP ,F,http://www.congreso.es/portal/page/portal/Congreso/Congreso/Diputados/BusqForm?_piref73_1333155_73_1333154_1333154.next_page=/wc/fichaDiputado?idDiputado=159&idLegislatura=14
JuanCuatrecasasAsua,Juan  Cuatrecasas Asua, Juan  ,Cuatrecasas Asua,GS ,M,http://www.congreso.es/portal/page/portal/Congreso/Congreso/Diputados/BusqForm?_piref73_1333155_73_1333154_1333154.next_page=/wc/fichaDiputado?idDiputado=303&idLegislatura=14
PatriciaDelasHerasFernández,Patricia  De Las Heras Fernández, Patricia  ,De las Heras Fernández,GVOX ,F,http://www.congreso.es/portal/page/portal/Congreso/Congreso/Diputados/BusqForm?_piref73_1333155_73_1333154_1333154.next_page=/wc/fichaDiputado?idDiputado=248&idLegislatura=14
LlanosDeLunaTobarra,Llanos  De Luna Tobarra, Llanos  ,De Luna Tobarra,GP ,F,http://www.congreso.es/portal/page/portal/Congreso/Congreso/Diputados/BusqForm?_piref73_1333155_73_1333154_1333154.next_page=/wc/fichaDiputado?idDiputado=157&idLegislatura=14
RocíoDeMeerMéndez,Rocío  De Meer Méndez, Rocío  ,De Meer Méndez,GVOX ,F,http://www.congreso.es/portal/page/portal/Congreso/Congreso/Diputados/BusqForm?_piref73_1333155_73_1333154_1333154.next_page=/wc/fichaDiputado?idDiputado=340&idLegislatura=14
JulioDelValledeIscar,Julio  Del Valle De Iscar, Julio  ,Del Valle de Iscar,GS ,M,http://www.congreso.es/portal/page/portal/Congreso/Congreso/Diputados/BusqForm?_piref73_1333155_73_1333154_1333154.next_page=/wc/fichaDiputado?idDiputado=360&idLegislatura=14
EmilioJesúsDelValleRodríguez,Emilio Jesús  Del Valle Rodríguez, Emilio Jesús  ,Del Valle Rodríguez,GVOX ,M,http://www.congreso.es/portal/page/portal/Congreso/Congreso/Diputados/BusqForm?_piref73_1333155_73_1333154_1333154.next_page=/wc/fichaDiputado?idDiputado=175&idLegislatura=14
CelsoLuisDelgadoArce,Celso Luis  Delgado Arce, Celso Luis  ,Delgado Arce,GP ,M,http://www.congreso.es/portal/page/portal/Congreso/Congreso/Diputados/BusqForm?_piref73_1333155_73_1333154_1333154.next_page=/wc/fichaDiputado?idDiputado=116&idLegislatura=14
GuillermoDíazGómez,Guillermo  Díaz Gómez, Guillermo  ,Díaz Gómez,GCs ,M,http://www.congreso.es/portal/page/portal/Congreso/Congreso/Diputados/BusqForm?_piref73_1333155_73_1333154_1333154.next_page=/wc/fichaDiputado?idDiputado=122&idLegislatura=14
YolandaDíazPérez,Yolanda  Díaz Pérez, Yolanda  ,Díaz Pérez,GCUP-EC-GC ,F,http://www.congreso.es/portal/page/portal/Congreso/Congreso/Diputados/BusqForm?_piref73_1333155_73_1333154_1333154.next_page=/wc/fichaDiputado?idDiputado=171&idLegislatura=14
LucAndreDioufDioh,Luc Andre  Diouf Dioh, Luc Andre  ,Diouf Dioh,GS ,M,http://www.congreso.es/portal/page/portal/Congreso/Congreso/Diputados/BusqForm?_piref73_1333155_73_1333154_1333154.next_page=/wc/fichaDiputado?idDiputado=221&idLegislatura=14
JoséCarlosDuránPeralta,José Carlos  Durán Peralta, José Carlos  ,Durán Peralta,GS ,M,http://www.congreso.es/portal/page/portal/Congreso/Congreso/Diputados/BusqForm?_piref73_1333155_73_1333154_1333154.next_page=/wc/fichaDiputado?idDiputado=342&idLegislatura=14
JoséIgnacioEchánizSalgado,José Ignacio  Echániz Salgado, José Ignacio  ,Echániz Salgado,GP ,M,http://www.congreso.es/portal/page/portal/Congreso/Congreso/Diputados/BusqForm?_piref73_1333155_73_1333154_1333154.next_page=/wc/fichaDiputado?idDiputado=89&idLegislatura=14
PabloEcheniqueRobba,Pablo  Echenique Robba, Pablo  ,Echenique Robba,GCUP-EC-GC ,M,http://www.congreso.es/portal/page/portal/Congreso/Congreso/Diputados/BusqForm?_piref73_1333155_73_1333154_1333154.next_page=/wc/fichaDiputado?idDiputado=13&idLegislatura=14
MaríaGloriaElizoSerrano,María Gloria  Elizo Serrano, María Gloria  ,Elizo Serrano,GCUP-EC-GC ,F,http://www.congreso.es/portal/page/portal/Congreso/Congreso/Diputados/BusqForm?_piref73_1333155_73_1333154_1333154.next_page=/wc/fichaDiputado?idDiputado=300&idLegislatura=14
OdónElorzaGonzález,Odón  Elorza González, Odón  ,Elorza González,GS ,M,http://www.congreso.es/portal/page/portal/Congreso/Congreso/Diputados/BusqForm?_piref73_1333155_73_1333154_1333154.next_page=/wc/fichaDiputado?idDiputado=324&idLegislatura=14
FrancescXavierEritjaCiuró,Francesc Xavier  Eritja Ciuró, Francesc Xavier  ,Eritja Ciuró,GR ,M,http://www.congreso.es/portal/page/portal/Congreso/Congreso/Diputados/BusqForm?_piref73_1333155_73_1333154_1333154.next_page=/wc/fichaDiputado?idDiputado=186&idLegislatura=14
ÍñigoErrejónGalván,Íñigo  Errejón Galván, Íñigo  ,Errejón Galván,GPlu ,M,http://www.congreso.es/portal/page/portal/Congreso/Congreso/Diputados/BusqForm?_piref73_1333155_73_1333154_1333154.next_page=/wc/fichaDiputado?idDiputado=233&idLegislatura=14
CarolinaEspañaReina,Carolina  España Reina, Carolina  ,España Reina,GP ,F,http://www.congreso.es/portal/page/portal/Congreso/Congreso/Diputados/BusqForm?_piref73_1333155_73_1333154_1333154.next_page=/wc/fichaDiputado?idDiputado=316&idLegislatura=14
JoséMaríaEspejo-SaavedraConesa,José María  Espejo-Saavedra Conesa, José María  ,Espejo-Saavedra Conesa,GCs ,M,http://www.congreso.es/portal/page/portal/Congreso/Congreso/Diputados/BusqForm?_piref73_1333155_73_1333154_1333154.next_page=/wc/fichaDiputado?idDiputado=257&idLegislatura=14
IvánEspinosadelosMonterosdeSimón,Iván  Espinosa De Los Monteros De Simón, Iván  ,Espinosa de los Monteros de Simón,GVOX ,M,http://www.congreso.es/portal/page/portal/Congreso/Congreso/Diputados/BusqForm?_piref73_1333155_73_1333154_1333154.next_page=/wc/fichaDiputado?idDiputado=83&idLegislatura=14
AitorEstebanBravo,Aitor  Esteban Bravo, Aitor  ,Esteban Bravo,GV  EAJ-PNV,M,http://www.congreso.es/portal/page/portal/Congreso/Congreso/Diputados/BusqForm?_piref73_1333155_73_1333154_1333154.next_page=/wc/fichaDiputado?idDiputado=94&idLegislatura=14
CristinaAliciaEstebanCalonje,Cristina Alicia  Esteban Calonje, Cristina Alicia  ,Esteban Calonje,GVOX ,F,http://www.congreso.es/portal/page/portal/Congreso/Congreso/Diputados/BusqForm?_piref73_1333155_73_1333154_1333154.next_page=/wc/fichaDiputado?idDiputado=297&idLegislatura=14
AntidioFagúndezCampo,Antidio  Fagúndez Campo, Antidio  ,Fagúndez Campo,GS ,M,http://www.congreso.es/portal/page/portal/Congreso/Congreso/Diputados/BusqForm?_piref73_1333155_73_1333154_1333154.next_page=/wc/fichaDiputado?idDiputado=4&idLegislatura=14
MaríaLuisaFanecaLópez,María Luisa  Faneca López, María Luisa  ,Faneca López,GS ,F,http://www.congreso.es/portal/page/portal/Congreso/Congreso/Diputados/BusqForm?_piref73_1333155_73_1333154_1333154.next_page=/wc/fichaDiputado?idDiputado=253&idLegislatura=14
AndreaFernándezBenéitez,Andrea  Fernández Benéitez, Andrea  ,Fernández Benéitez,GS ,F,http://www.congreso.es/portal/page/portal/Congreso/Congreso/Diputados/BusqForm?_piref73_1333155_73_1333154_1333154.next_page=/wc/fichaDiputado?idDiputado=102&idLegislatura=14
AnaBelénFernándezCasero,Ana Belén  Fernández Casero, Ana Belén  ,Fernández Casero,GS ,F,http://www.congreso.es/portal/page/portal/Congreso/Congreso/Diputados/BusqForm?_piref73_1333155_73_1333154_1333154.next_page=/wc/fichaDiputado?idDiputado=230&idLegislatura=14
SofíaFernándezCastañón,Sofía  Fernández Castañón, Sofía  ,Fernández Castañón,GCUP-EC-GC ,F,http://www.congreso.es/portal/page/portal/Congreso/Congreso/Diputados/BusqForm?_piref73_1333155_73_1333154_1333154.next_page=/wc/fichaDiputado?idDiputado=272&idLegislatura=14
Pedro  FernándezHernández,Pedro  Fernández Hernández, Pedro  ,Fernández Hernández,GVOX ,M,http://www.congreso.es/portal/page/portal/Congreso/Congreso/Diputados/BusqForm?_piref73_1333155_73_1333154_1333154.next_page=/wc/fichaDiputado?idDiputado=146&idLegislatura=14
TomásFernándezRíos,Tomás  Fernández Ríos, Tomás  ,Fernández Ríos,GVOX ,M,http://www.congreso.es/portal/page/portal/Congreso/Congreso/Diputados/BusqForm?_piref73_1333155_73_1333154_1333154.next_page=/wc/fichaDiputado?idDiputado=330&idLegislatura=14
RafaelFernández-LomanaGutiérrez,Rafael  Fernández-Lomana Gutiérrez, Rafael  ,Fernández-Lomana Gutiérrez,GVOX ,M,http://www.congreso.es/portal/page/portal/Congreso/Congreso/Diputados/BusqForm?_piref73_1333155_73_1333154_1333154.next_page=/wc/fichaDiputado?idDiputado=294&idLegislatura=14
CarlosHugoFernández-RocaSuárez,Carlos Hugo  Fernández-Roca Suárez, Carlos Hugo  ,Fernández-Roca Suárez,GVOX ,M,http://www.congreso.es/portal/page/portal/Congreso/Congreso/Diputados/BusqForm?_piref73_1333155_73_1333154_1333154.next_page=/wc/fichaDiputado?idDiputado=298&idLegislatura=14
SoniaFerrerTesoro,Sonia  Ferrer Tesoro, Sonia  ,Ferrer Tesoro,GS ,F,http://www.congreso.es/portal/page/portal/Congreso/Congreso/Diputados/BusqForm?_piref73_1333155_73_1333154_1333154.next_page=/wc/fichaDiputado?idDiputado=114&idLegislatura=14
JoséMaríaFigaredoÁlvarez-Sala,José María  Figaredo Álvarez-Sala, José María  ,Figaredo Álvarez-Sala,GVOX ,M,http://www.congreso.es/portal/page/portal/Congreso/Congreso/Diputados/BusqForm?_piref73_1333155_73_1333154_1333154.next_page=/wc/fichaDiputado?idDiputado=318&idLegislatura=14
IsabelFrancoCarmona,Isabel  Franco Carmona, Isabel  ,Franco Carmona,GCUP-EC-GC ,F,http://www.congreso.es/portal/page/portal/Congreso/Congreso/Diputados/BusqForm?_piref73_1333155_73_1333154_1333154.next_page=/wc/fichaDiputado?idDiputado=321&idLegislatura=14
JuanBernardoFuentesCurbelo,Juan Bernardo  Fuentes Curbelo, Juan Bernardo  ,Fuentes Curbelo,GS ,M,http://www.congreso.es/portal/page/portal/Congreso/Congreso/Diputados/BusqForm?_piref73_1333155_73_1333154_1333154.next_page=/wc/fichaDiputado?idDiputado=359&idLegislatura=14
DiegoGagoBugarín,Diego  Gago Bugarín, Diego  ,Gago Bugarín,GP ,M,http://www.congreso.es/portal/page/portal/Congreso/Congreso/Diputados/BusqForm?_piref73_1333155_73_1333154_1333154.next_page=/wc/fichaDiputado?idDiputado=121&idLegislatura=14
ConcepciónGamarraRuiz-Clavijo,Concepción  Gamarra Ruiz-Clavijo, Concepción  ,Gamarra Ruiz-Clavijo,GP ,F,http://www.congreso.es/portal/page/portal/Congreso/Congreso/Diputados/BusqForm?_piref73_1333155_73_1333154_1333154.next_page=/wc/fichaDiputado?idDiputado=261&idLegislatura=14
ÓscarGamazoMicó,Óscar  Gamazo Micó, Óscar  ,Gamazo Micó,GP ,M,http://www.congreso.es/portal/page/portal/Congreso/Congreso/Diputados/BusqForm?_piref73_1333155_73_1333154_1333154.next_page=/wc/fichaDiputado?idDiputado=212&idLegislatura=14
MarioGarcésSanagustín,Mario  Garcés Sanagustín, Mario  ,Garcés Sanagustín,GP ,M,http://www.congreso.es/portal/page/portal/Congreso/Congreso/Diputados/BusqForm?_piref73_1333155_73_1333154_1333154.next_page=/wc/fichaDiputado?idDiputado=219&idLegislatura=14
CarlosGarcíaAdanero,Carlos  García Adanero, Carlos  ,García Adanero,GMx ,M,http://www.congreso.es/portal/page/portal/Congreso/Congreso/Diputados/BusqForm?_piref73_1333155_73_1333154_1333154.next_page=/wc/fichaDiputado?idDiputado=127&idLegislatura=14
MaríaMontserratGarcíaChavarría,María Montserrat  García Chavarría, María Montserrat  ,García Chavarría,GS ,F,http://www.congreso.es/portal/page/portal/Congreso/Congreso/Diputados/BusqForm?_piref73_1333155_73_1333154_1333154.next_page=/wc/fichaDiputado?idDiputado=304&idLegislatura=14
JoaquínMaríaGarcíaDíez,Joaquín María  García Díez, Joaquín María  ,García Díez,GP ,M,http://www.congreso.es/portal/page/portal/Congreso/Congreso/Diputados/BusqForm?_piref73_1333155_73_1333154_1333154.next_page=/wc/fichaDiputado?idDiputado=11&idLegislatura=14
TeodoroGarcíaEgea,Teodoro  García Egea, Teodoro  ,García Egea,GP ,M,http://www.congreso.es/portal/page/portal/Congreso/Congreso/Diputados/BusqForm?_piref73_1333155_73_1333154_1333154.next_page=/wc/fichaDiputado?idDiputado=310&idLegislatura=14
ValentínGarcíaGómez,Valentín  García Gómez, Valentín  ,García Gómez,GS ,M,http://www.congreso.es/portal/page/portal/Congreso/Congreso/Diputados/BusqForm?_piref73_1333155_73_1333154_1333154.next_page=/wc/fichaDiputado?idDiputado=226&idLegislatura=14
MaribelGarcíaLópez,Maribel  García López, Maribel  ,García López,GS ,F,http://www.congreso.es/portal/page/portal/Congreso/Congreso/Diputados/BusqForm?_piref73_1333155_73_1333154_1333154.next_page=/wc/fichaDiputado?idDiputado=39&idLegislatura=14
RobertoGarcíaMorís,Roberto  García Morís, Roberto  ,García Morís,GS ,M,http://www.congreso.es/portal/page/portal/Congreso/Congreso/Diputados/BusqForm?_piref73_1333155_73_1333154_1333154.next_page=/wc/fichaDiputado?idDiputado=231&idLegislatura=14
MaríadelMarGarcíaPuig,María Del Mar  García Puig, María del Mar  ,García Puig,GCUP-EC-GC ,F,http://www.congreso.es/portal/page/portal/Congreso/Congreso/Diputados/BusqForm?_piref73_1333155_73_1333154_1333154.next_page=/wc/fichaDiputado?idDiputado=265&idLegislatura=14
AliciaGarcíaRodríguez,Alicia  García Rodríguez, Alicia  ,García Rodríguez,GP ,F,http://www.congreso.es/portal/page/portal/Congreso/Congreso/Diputados/BusqForm?_piref73_1333155_73_1333154_1333154.next_page=/wc/fichaDiputado?idDiputado=50&idLegislatura=14
IsabelGarcíaTejerina,Isabel  García Tejerina, Isabel  ,García Tejerina,GP ,F,http://www.congreso.es/portal/page/portal/Congreso/Congreso/Diputados/BusqForm?_piref73_1333155_73_1333154_1333154.next_page=/wc/fichaDiputado?idDiputado=323&idLegislatura=14
MaríaJoséGarcía-PelayoJurado,María José  García-Pelayo Jurado, María José  ,García-Pelayo Jurado,GP ,F,http://www.congreso.es/portal/page/portal/Congreso/Congreso/Diputados/BusqForm?_piref73_1333155_73_1333154_1333154.next_page=/wc/fichaDiputado?idDiputado=17&idLegislatura=14
PilarGarridoGutiérrez,Pilar  Garrido Gutiérrez, Pilar  ,Garrido Gutiérrez,GCUP-EC-GC ,F,http://www.congreso.es/portal/page/portal/Congreso/Congreso/Diputados/BusqForm?_piref73_1333155_73_1333154_1333154.next_page=/wc/fichaDiputado?idDiputado=210&idLegislatura=14
IgnacioGarrigaVazdeConcicao,Ignacio  Garriga Vaz De Concicao, Ignacio  ,Garriga Vaz de Concicao,GVOX ,M,http://www.congreso.es/portal/page/portal/Congreso/Congreso/Diputados/BusqForm?_piref73_1333155_73_1333154_1333154.next_page=/wc/fichaDiputado?idDiputado=150&idLegislatura=14
AlbertoGarzónEspinosa,Alberto  Garzón Espinosa, Alberto  ,Garzón Espinosa,GCUP-EC-GC ,M,http://www.congreso.es/portal/page/portal/Congreso/Congreso/Diputados/BusqForm?_piref73_1333155_73_1333154_1333154.next_page=/wc/fichaDiputado?idDiputado=12&idLegislatura=14
PalomaGázquezCollado,Paloma  Gázquez Collado, Paloma  ,Gázquez Collado,GP ,F,http://www.congreso.es/portal/page/portal/Congreso/Congreso/Diputados/BusqForm?_piref73_1333155_73_1333154_1333154.next_page=/wc/fichaDiputado?idDiputado=279&idLegislatura=14
LuisGestosodeMiguel,Luis  Gestoso De Miguel, Luis  ,Gestoso de Miguel,GVOX ,M,http://www.congreso.es/portal/page/portal/Congreso/Congreso/Diputados/BusqForm?_piref73_1333155_73_1333154_1333154.next_page=/wc/fichaDiputado?idDiputado=131&idLegislatura=14
IgnacioGilLázaro,Ignacio  Gil Lázaro, Ignacio  ,Gil Lázaro,GVOX ,M,http://www.congreso.es/portal/page/portal/Congreso/Congreso/Diputados/BusqForm?_piref73_1333155_73_1333154_1333154.next_page=/wc/fichaDiputado?idDiputado=295&idLegislatura=14
SaraGiménezGiménez,Sara  Giménez Giménez, Sara  ,Giménez Giménez,GCs ,F,http://www.congreso.es/portal/page/portal/Congreso/Congreso/Diputados/BusqForm?_piref73_1333155_73_1333154_1333154.next_page=/wc/fichaDiputado?idDiputado=169&idLegislatura=14
HéctorGómezHernández,Héctor  Gómez Hernández, Héctor  ,Gómez Hernández,GS ,M,http://www.congreso.es/portal/page/portal/Congreso/Congreso/Diputados/BusqForm?_piref73_1333155_73_1333154_1333154.next_page=/wc/fichaDiputado?idDiputado=104&idLegislatura=14
AntonioGómez-ReinoVarela,Antonio  Gómez-Reino Varela, Antonio  ,Gómez-Reino Varela,GCUP-EC-GC ,M,http://www.congreso.es/portal/page/portal/Congreso/Congreso/Diputados/BusqForm?_piref73_1333155_73_1333154_1333154.next_page=/wc/fichaDiputado?idDiputado=176&idLegislatura=14
MiguelÁngelGonzálezCaballero,Miguel Ángel  González Caballero, Miguel Ángel  ,González Caballero,GS ,M,http://www.congreso.es/portal/page/portal/Congreso/Congreso/Diputados/BusqForm?_piref73_1333155_73_1333154_1333154.next_page=/wc/fichaDiputado?idDiputado=222&idLegislatura=14
VíctorGonzálezCoellodePortugal,Víctor  González Coello De Portugal, Víctor  ,González Coello de Portugal,GVOX ,M,http://www.congreso.es/portal/page/portal/Congreso/Congreso/Diputados/BusqForm?_piref73_1333155_73_1333154_1333154.next_page=/wc/fichaDiputado?idDiputado=76&idLegislatura=14
MaríadelCarmenGonzálezGuinda,María Del Carmen  González Guinda, María del Carmen  ,González Guinda,GP ,F,http://www.congreso.es/portal/page/portal/Congreso/Congreso/Diputados/BusqForm?_piref73_1333155_73_1333154_1333154.next_page=/wc/fichaDiputado?idDiputado=288&idLegislatura=14
AriagonaGonzálezPérez,Ariagona  González Pérez, Ariagona  ,González Pérez,GS ,F,http://www.congreso.es/portal/page/portal/Congreso/Congreso/Diputados/BusqForm?_piref73_1333155_73_1333154_1333154.next_page=/wc/fichaDiputado?idDiputado=164&idLegislatura=14
ManuelGabrielGonzálezRamos,Manuel Gabriel  González Ramos, Manuel Gabriel  ,González Ramos,GS ,M,http://www.congreso.es/portal/page/portal/Congreso/Congreso/Diputados/BusqForm?_piref73_1333155_73_1333154_1333154.next_page=/wc/fichaDiputado?idDiputado=147&idLegislatura=14
AntonioGonzálezTerol,Antonio  González Terol, Antonio  ,González Terol,GP ,M,http://www.congreso.es/portal/page/portal/Congreso/Congreso/Diputados/BusqForm?_piref73_1333155_73_1333154_1333154.next_page=/wc/fichaDiputado?idDiputado=166&idLegislatura=14
MartaGonzálezVázquez,Marta  González Vázquez, Marta  ,González Vázquez,GP ,F,http://www.congreso.es/portal/page/portal/Congreso/Congreso/Diputados/BusqForm?_piref73_1333155_73_1333154_1333154.next_page=/wc/fichaDiputado?idDiputado=237&idLegislatura=14
JosuneGorospeElezcano,Josune  Gorospe Elezcano, Josune  ,Gorospe Elezcano,GV  EAJ-PNV,F,http://www.congreso.es/portal/page/portal/Congreso/Congreso/Diputados/BusqForm?_piref73_1333155_73_1333154_1333154.next_page=/wc/fichaDiputado?idDiputado=96&idLegislatura=14
InésGranollersCunillera,Inés  Granollers Cunillera, Inés  ,Granollers Cunillera,GR ,F,http://www.congreso.es/portal/page/portal/Congreso/Congreso/Diputados/BusqForm?_piref73_1333155_73_1333154_1333154.next_page=/wc/fichaDiputado?idDiputado=183&idLegislatura=14
SandraGuaitaEsteruelas,Sandra  Guaita Esteruelas, Sandra  ,Guaita Esteruelas,GS ,F,http://www.congreso.es/portal/page/portal/Congreso/Congreso/Diputados/BusqForm?_piref73_1333155_73_1333154_1333154.next_page=/wc/fichaDiputado?idDiputado=208&idLegislatura=14
SoniaGuerraLópez,Sonia  Guerra López, Sonia  ,Guerra López,GS ,F,http://www.congreso.es/portal/page/portal/Congreso/Congreso/Diputados/BusqForm?_piref73_1333155_73_1333154_1333154.next_page=/wc/fichaDiputado?idDiputado=357&idLegislatura=14
MaríaGuijarroCeballos,María  Guijarro Ceballos, María  ,Guijarro Ceballos,GS ,F,http://www.congreso.es/portal/page/portal/Congreso/Congreso/Diputados/BusqForm?_piref73_1333155_73_1333154_1333154.next_page=/wc/fichaDiputado?idDiputado=136&idLegislatura=14
TxemaGuijarroGarcía,Txema  Guijarro García, Txema  ,Guijarro García,GCUP-EC-GC ,M,http://www.congreso.es/portal/page/portal/Congreso/Congreso/Diputados/BusqForm?_piref73_1333155_73_1333154_1333154.next_page=/wc/fichaDiputado?idDiputado=344&idLegislatura=14
LídiaGuinartMoreno,Lídia  Guinart Moreno, Lídia  ,Guinart Moreno,GS ,F,http://www.congreso.es/portal/page/portal/Congreso/Congreso/Diputados/BusqForm?_piref73_1333155_73_1333154_1333154.next_page=/wc/fichaDiputado?idDiputado=202&idLegislatura=14
TomásGuitarteGimeno,Tomás  Guitarte Gimeno, Tomás  ,Guitarte Gimeno,GMx ,M,http://www.congreso.es/portal/page/portal/Congreso/Congreso/Diputados/BusqForm?_piref73_1333155_73_1333154_1333154.next_page=/wc/fichaDiputado?idDiputado=306&idLegislatura=14
FernandoAdolfoGutiérrezDíazdeOtazu,Fernando Adolfo  Gutiérrez Díaz De Otazu, Fernando Adolfo  ,Gutiérrez Díaz de Otazu,GP ,M,http://www.congreso.es/portal/page/portal/Congreso/Congreso/Diputados/BusqForm?_piref73_1333155_73_1333154_1333154.next_page=/wc/fichaDiputado?idDiputado=149&idLegislatura=14
SergioGutiérrezPrieto,Sergio  Gutiérrez Prieto, Sergio  ,Gutiérrez Prieto,GS ,M,http://www.congreso.es/portal/page/portal/Congreso/Congreso/Diputados/BusqForm?_piref73_1333155_73_1333154_1333154.next_page=/wc/fichaDiputado?idDiputado=180&idLegislatura=14
IndalecioGutiérrezSalinas,Indalecio  Gutiérrez Salinas, Indalecio  ,Gutiérrez Salinas,GS ,M,http://www.congreso.es/portal/page/portal/Congreso/Congreso/Diputados/BusqForm?_piref73_1333155_73_1333154_1333154.next_page=/wc/fichaDiputado?idDiputado=358&idLegislatura=14
SofíaHernanzCosta,Sofía  Hernanz Costa, Sofía  ,Hernanz Costa,GS ,F,http://www.congreso.es/portal/page/portal/Congreso/Congreso/Diputados/BusqForm?_piref73_1333155_73_1333154_1333154.next_page=/wc/fichaDiputado?idDiputado=289&idLegislatura=14
JoséAlbertoHerreroBono,José Alberto  Herrero Bono, José Alberto  ,Herrero Bono,GP ,M,http://www.congreso.es/portal/page/portal/Congreso/Congreso/Diputados/BusqForm?_piref73_1333155_73_1333154_1333154.next_page=/wc/fichaDiputado?idDiputado=239&idLegislatura=14
PabloHispánIglesiasdeUssel,Pablo  Hispán Iglesias De Ussel, Pablo  ,Hispán Iglesias de Ussel,GP ,M,http://www.congreso.es/portal/page/portal/Congreso/Congreso/Diputados/BusqForm?_piref73_1333155_73_1333154_1333154.next_page=/wc/fichaDiputado?idDiputado=309&idLegislatura=14
PedroAntonioHonrubiaHurtado,Pedro Antonio  Honrubia Hurtado, Pedro Antonio  ,Honrubia Hurtado,GCUP-EC-GC ,M,http://www.congreso.es/portal/page/portal/Congreso/Congreso/Diputados/BusqForm?_piref73_1333155_73_1333154_1333154.next_page=/wc/fichaDiputado?idDiputado=68&idLegislatura=14
BelénHoyoJuliá,Belén  Hoyo Juliá, Belén  ,Hoyo Juliá,GP ,F,http://www.congreso.es/portal/page/portal/Congreso/Congreso/Diputados/BusqForm?_piref73_1333155_73_1333154_1333154.next_page=/wc/fichaDiputado?idDiputado=141&idLegislatura=14
AntonioHurtadoZurera,Antonio  Hurtado Zurera, Antonio  ,Hurtado Zurera,GS ,M,http://www.congreso.es/portal/page/portal/Congreso/Congreso/Diputados/BusqForm?_piref73_1333155_73_1333154_1333154.next_page=/wc/fichaDiputado?idDiputado=372&idLegislatura=14
PabloIglesiasTurrión,Pablo  Iglesias Turrión, Pablo  ,Iglesias Turrión,GCUP-EC-GC ,M,http://www.congreso.es/portal/page/portal/Congreso/Congreso/Diputados/BusqForm?_piref73_1333155_73_1333154_1333154.next_page=/wc/fichaDiputado?idDiputado=319&idLegislatura=14
MarionaIllamolaDausà,Mariona  Illamola Dausà, Mariona  ,Illamola Dausà,GPlu ,F,http://www.congreso.es/portal/page/portal/Congreso/Congreso/Diputados/BusqForm?_piref73_1333155_73_1333154_1333154.next_page=/wc/fichaDiputado?idDiputado=22&idLegislatura=14
JonIñarrituGarcía,Jon  Iñarritu García, Jon  ,Iñarritu García,GEH Bildu ,M,http://www.congreso.es/portal/page/portal/Congreso/Congreso/Diputados/BusqForm?_piref73_1333155_73_1333154_1333154.next_page=/wc/fichaDiputado?idDiputado=62&idLegislatura=14
MiguelÁngelJerezJuan,Miguel Ángel  Jerez Juan, Miguel Ángel  ,Jerez Juan,GP ,M,http://www.congreso.es/portal/page/portal/Congreso/Congreso/Diputados/BusqForm?_piref73_1333155_73_1333154_1333154.next_page=/wc/fichaDiputado?idDiputado=124&idLegislatura=14
BeatrizJiménezLinuesa,Beatriz  Jiménez Linuesa, Beatriz  ,Jiménez Linuesa,GP ,F,http://www.congreso.es/portal/page/portal/Congreso/Congreso/Diputados/BusqForm?_piref73_1333155_73_1333154_1333154.next_page=/wc/fichaDiputado?idDiputado=206&idLegislatura=14
RodrigoJiménezRevuelta,Rodrigo  Jiménez Revuelta, Rodrigo  ,Jiménez Revuelta,GVOX ,M,http://www.congreso.es/portal/page/portal/Congreso/Congreso/Diputados/BusqForm?_piref73_1333155_73_1333154_1333154.next_page=/wc/fichaDiputado?idDiputado=165&idLegislatura=14
MaríaTeresaJiménez-BecerrilBarrio,María Teresa  Jiménez-Becerril Barrio, María Teresa  ,Jiménez-Becerril Barrio,GP ,F,http://www.congreso.es/portal/page/portal/Congreso/Congreso/Diputados/BusqForm?_piref73_1333155_73_1333154_1333154.next_page=/wc/fichaDiputado?idDiputado=179&idLegislatura=14
RafaelJoséVélez,Rafael  José Vélez, Rafael  ,José Vélez,GS ,M,http://www.congreso.es/portal/page/portal/Congreso/Congreso/Diputados/BusqForm?_piref73_1333155_73_1333154_1333154.next_page=/wc/fichaDiputado?idDiputado=361&idLegislatura=14
AntoniaJoverDíaz,Antonia  Jover Díaz, Antonia  ,Jover Díaz,GCUP-EC-GC ,F,http://www.congreso.es/portal/page/portal/Congreso/Congreso/Diputados/BusqForm?_piref73_1333155_73_1333154_1333154.next_page=/wc/fichaDiputado?idDiputado=334&idLegislatura=14
MarcLamuàEstañol,Marc  Lamuà Estañol, Marc  ,Lamuà Estañol,GS ,M,http://www.congreso.es/portal/page/portal/Congreso/Congreso/Diputados/BusqForm?_piref73_1333155_73_1333154_1333154.next_page=/wc/fichaDiputado?idDiputado=200&idLegislatura=14
AdrianaLastraFernández,Adriana  Lastra Fernández, Adriana  ,Lastra Fernández,GS ,F,http://www.congreso.es/portal/page/portal/Congreso/Congreso/Diputados/BusqForm?_piref73_1333155_73_1333154_1333154.next_page=/wc/fichaDiputado?idDiputado=109&idLegislatura=14
IsauraLealFernández,Isaura  Leal Fernández, Isaura  ,Leal Fernández,GS ,F,http://www.congreso.es/portal/page/portal/Congreso/Congreso/Diputados/BusqForm?_piref73_1333155_73_1333154_1333154.next_page=/wc/fichaDiputado?idDiputado=352&idLegislatura=14
SebastiánJesúsLedesmaMartín,Sebastián Jesús  Ledesma Martín, Sebastián Jesús  ,Ledesma Martín,GP ,M,http://www.congreso.es/portal/page/portal/Congreso/Congreso/Diputados/BusqForm?_piref73_1333155_73_1333154_1333154.next_page=/wc/fichaDiputado?idDiputado=110&idLegislatura=14
MikelLegardaUriarte,Mikel  Legarda Uriarte, Mikel  ,Legarda Uriarte,GV  EAJ-PNV,M,http://www.congreso.es/portal/page/portal/Congreso/Congreso/Diputados/BusqForm?_piref73_1333155_73_1333154_1333154.next_page=/wc/fichaDiputado?idDiputado=95&idLegislatura=14
FuensantaLimaCid,Fuensanta  Lima Cid, Fuensanta  ,Lima Cid,GS ,F,http://www.congreso.es/portal/page/portal/Congreso/Congreso/Diputados/BusqForm?_piref73_1333155_73_1333154_1333154.next_page=/wc/fichaDiputado?idDiputado=59&idLegislatura=14
MaríaTeresaLópezÁlvarez,María Teresa  López Álvarez, María Teresa  ,López Álvarez,GVOX ,F,http://www.congreso.es/portal/page/portal/Congreso/Congreso/Diputados/BusqForm?_piref73_1333155_73_1333154_1333154.next_page=/wc/fichaDiputado?idDiputado=327&idLegislatura=14
PatxiLópezÁlvarez,Patxi  López Álvarez, Patxi  ,López Álvarez,GS ,M,http://www.congreso.es/portal/page/portal/Congreso/Congreso/Diputados/BusqForm?_piref73_1333155_73_1333154_1333154.next_page=/wc/fichaDiputado?idDiputado=61&idLegislatura=14
IgnacioLópezCano,Ignacio  López Cano, Ignacio  ,López Cano,GS ,M,http://www.congreso.es/portal/page/portal/Congreso/Congreso/Diputados/BusqForm?_piref73_1333155_73_1333154_1333154.next_page=/wc/fichaDiputado?idDiputado=343&idLegislatura=14
JuanAntonioLópezdeUraldeGarmendia,Juan Antonio  López De Uralde Garmendia, Juan Antonio  ,López de Uralde Garmendia,GCUP-EC-GC ,M,http://www.congreso.es/portal/page/portal/Congreso/Congreso/Diputados/BusqForm?_piref73_1333155_73_1333154_1333154.next_page=/wc/fichaDiputado?idDiputado=205&idLegislatura=14
LauraLópezDomínguez,Laura  López Domínguez, Laura  ,López Domínguez,GCUP-EC-GC ,F,http://www.congreso.es/portal/page/portal/Congreso/Congreso/Diputados/BusqForm?_piref73_1333155_73_1333154_1333154.next_page=/wc/fichaDiputado?idDiputado=263&idLegislatura=14
ÁngelLópezMaraver,Ángel  López Maraver, Ángel  ,López Maraver,GVOX ,M,http://www.congreso.es/portal/page/portal/Congreso/Congreso/Diputados/BusqForm?_piref73_1333155_73_1333154_1333154.next_page=/wc/fichaDiputado?idDiputado=311&idLegislatura=14
GemaLópezSomoza,Gema  López Somoza, Gema  ,López Somoza,GS ,F,http://www.congreso.es/portal/page/portal/Congreso/Congreso/Diputados/BusqForm?_piref73_1333155_73_1333154_1333154.next_page=/wc/fichaDiputado?idDiputado=363&idLegislatura=14
CristinaLópezZamora,Cristina  López Zamora, Cristina  ,López Zamora,GS ,F,http://www.congreso.es/portal/page/portal/Congreso/Congreso/Diputados/BusqForm?_piref73_1333155_73_1333154_1333154.next_page=/wc/fichaDiputado?idDiputado=224&idLegislatura=14
AndrésLoriteLorite,Andrés  Lorite Lorite, Andrés  ,Lorite Lorite,GP ,M,http://www.congreso.es/portal/page/portal/Congreso/Congreso/Diputados/BusqForm?_piref73_1333155_73_1333154_1333154.next_page=/wc/fichaDiputado?idDiputado=105&idLegislatura=14
JoséLosadaFernández,José  Losada Fernández, José  ,Losada Fernández,GS ,M,http://www.congreso.es/portal/page/portal/Congreso/Congreso/Diputados/BusqForm?_piref73_1333155_73_1333154_1333154.next_page=/wc/fichaDiputado?idDiputado=353&idLegislatura=14
RoserMaestroMoliner,Roser  Maestro Moliner, Roser  ,Maestro Moliner,GCUP-EC-GC ,F,http://www.congreso.es/portal/page/portal/Congreso/Congreso/Diputados/BusqForm?_piref73_1333155_73_1333154_1333154.next_page=/wc/fichaDiputado?idDiputado=282&idLegislatura=14
RubénSilvanoMansoOlivar,Rubén Silvano  Manso Olivar, Rubén Silvano  ,Manso Olivar,GVOX ,M,http://www.congreso.es/portal/page/portal/Congreso/Congreso/Diputados/BusqForm?_piref73_1333155_73_1333154_1333154.next_page=/wc/fichaDiputado?idDiputado=119&idLegislatura=14
PilarMarcosDomínguez,Pilar  Marcos Domínguez, Pilar  ,Marcos Domínguez,GP ,F,http://www.congreso.es/portal/page/portal/Congreso/Congreso/Diputados/BusqForm?_piref73_1333155_73_1333154_1333154.next_page=/wc/fichaDiputado?idDiputado=143&idLegislatura=14
MilagrosMarcosOrtega,Milagros  Marcos Ortega, Milagros  ,Marcos Ortega,GP ,F,http://www.congreso.es/portal/page/portal/Congreso/Congreso/Diputados/BusqForm?_piref73_1333155_73_1333154_1333154.next_page=/wc/fichaDiputado?idDiputado=92&idLegislatura=14
JoanMargallSastre,Joan  Margall Sastre, Joan  ,Margall Sastre,GR ,M,http://www.congreso.es/portal/page/portal/Congreso/Congreso/Diputados/BusqForm?_piref73_1333155_73_1333154_1333154.next_page=/wc/fichaDiputado?idDiputado=193&idLegislatura=14
PauMaríKlose,Pau  Marí Klose, Pau  ,Marí Klose,GS ,M,http://www.congreso.es/portal/page/portal/Congreso/Congreso/Diputados/BusqForm?_piref73_1333155_73_1333154_1333154.next_page=/wc/fichaDiputado?idDiputado=73&idLegislatura=14
GuillermoMariscalAnaya,Guillermo  Mariscal Anaya, Guillermo  ,Mariscal Anaya,GP ,M,http://www.congreso.es/portal/page/portal/Congreso/Congreso/Diputados/BusqForm?_piref73_1333155_73_1333154_1333154.next_page=/wc/fichaDiputado?idDiputado=339&idLegislatura=14
ManuelMariscalZabala,Manuel  Mariscal Zabala, Manuel  ,Mariscal Zabala,GVOX ,M,http://www.congreso.es/portal/page/portal/Congreso/Congreso/Diputados/BusqForm?_piref73_1333155_73_1333154_1333154.next_page=/wc/fichaDiputado?idDiputado=153&idLegislatura=14
MaríaMárquezGuerrero,María  Márquez Guerrero, María  ,Márquez Guerrero,GCUP-EC-GC ,F,http://www.congreso.es/portal/page/portal/Congreso/Congreso/Diputados/BusqForm?_piref73_1333155_73_1333154_1333154.next_page=/wc/fichaDiputado?idDiputado=236&idLegislatura=14
MaríaÁngelesMarraDomínguez,María Ángeles  Marra Domínguez, María Ángeles  ,Marra Domínguez,GS ,F,http://www.congreso.es/portal/page/portal/Congreso/Congreso/Diputados/BusqForm?_piref73_1333155_73_1333154_1333154.next_page=/wc/fichaDiputado?idDiputado=46&idLegislatura=14
MartaMartínLlaguno,Marta  Martín Llaguno, Marta  ,Martín Llaguno,GCs ,F,http://www.congreso.es/portal/page/portal/Congreso/Congreso/Diputados/BusqForm?_piref73_1333155_73_1333154_1333154.next_page=/wc/fichaDiputado?idDiputado=155&idLegislatura=14
MaríaValentinaMartínezFerro,María Valentina  Martínez Ferro, María Valentina  ,Martínez Ferro,GP ,F,http://www.congreso.es/portal/page/portal/Congreso/Congreso/Diputados/BusqForm?_piref73_1333155_73_1333154_1333154.next_page=/wc/fichaDiputado?idDiputado=341&idLegislatura=14
MaríaCarmenMartínezGranados,María Carmen  Martínez Granados, María Carmen  ,Martínez Granados,GCs ,F,http://www.congreso.es/portal/page/portal/Congreso/Congreso/Diputados/BusqForm?_piref73_1333155_73_1333154_1333154.next_page=/wc/fichaDiputado?idDiputado=60&idLegislatura=14
IsidroManuelMartínezOblanca,Isidro Manuel  Martínez Oblanca, Isidro Manuel  ,Martínez Oblanca,GMx ,M,http://www.congreso.es/portal/page/portal/Congreso/Congreso/Diputados/BusqForm?_piref73_1333155_73_1333154_1333154.next_page=/wc/fichaDiputado?idDiputado=20&idLegislatura=14
MaríaLuzMartínezSeijo,María Luz  Martínez Seijo, María Luz  ,Martínez Seijo,GS ,F,http://www.congreso.es/portal/page/portal/Congreso/Congreso/Diputados/BusqForm?_piref73_1333155_73_1333154_1333154.next_page=/wc/fichaDiputado?idDiputado=251&idLegislatura=14
JuanJoséMataríSáez,Juan José  Matarí Sáez, Juan José  ,Matarí Sáez,GP ,M,http://www.congreso.es/portal/page/portal/Congreso/Congreso/Diputados/BusqForm?_piref73_1333155_73_1333154_1333154.next_page=/wc/fichaDiputado?idDiputado=48&idLegislatura=14
JaimeMiguelMateuIstúriz,Jaime Miguel  Mateu Istúriz, Jaime Miguel  ,Mateu Istúriz,GP ,M,http://www.congreso.es/portal/page/portal/Congreso/Congreso/Diputados/BusqForm?_piref73_1333155_73_1333154_1333154.next_page=/wc/fichaDiputado?idDiputado=133&idLegislatura=14
OskarMatuteGarcíadeJalón,Oskar  Matute García De Jalón, Oskar  ,Matute García de Jalón,GEH Bildu ,M,http://www.congreso.es/portal/page/portal/Congreso/Congreso/Diputados/BusqForm?_piref73_1333155_73_1333154_1333154.next_page=/wc/fichaDiputado?idDiputado=63&idLegislatura=14
RafaelMayoralPerales,Rafael  Mayoral Perales, Rafael  ,Mayoral Perales,GCUP-EC-GC ,M,http://www.congreso.es/portal/page/portal/Congreso/Congreso/Diputados/BusqForm?_piref73_1333155_73_1333154_1333154.next_page=/wc/fichaDiputado?idDiputado=336&idLegislatura=14
JoséMaríaMazónRamos,José María  Mazón Ramos, José María  ,Mazón Ramos,GMx ,M,http://www.congreso.es/portal/page/portal/Congreso/Congreso/Diputados/BusqForm?_piref73_1333155_73_1333154_1333154.next_page=/wc/fichaDiputado?idDiputado=349&idLegislatura=14
RosaMaríaMedelPérez,Rosa María  Medel Pérez, Rosa María  ,Medel Pérez,GCUP-EC-GC ,F,http://www.congreso.es/portal/page/portal/Congreso/Congreso/Diputados/BusqForm?_piref73_1333155_73_1333154_1333154.next_page=/wc/fichaDiputado?idDiputado=355&idLegislatura=14
GuillermoAntonioMeijónCouselo,Guillermo Antonio  Meijón Couselo, Guillermo Antonio  ,Meijón Couselo,GS ,M,http://www.congreso.es/portal/page/portal/Congreso/Congreso/Diputados/BusqForm?_piref73_1333155_73_1333154_1333154.next_page=/wc/fichaDiputado?idDiputado=1&idLegislatura=14
JoanMenaArca,Joan  Mena Arca, Joan  ,Mena Arca,GCUP-EC-GC ,M,http://www.congreso.es/portal/page/portal/Congreso/Congreso/Diputados/BusqForm?_piref73_1333155_73_1333154_1333154.next_page=/wc/fichaDiputado?idDiputado=264&idLegislatura=14
LourdesMéndezMonasterio,Lourdes  Méndez Monasterio, Lourdes  ,Méndez Monasterio,GVOX ,F,http://www.congreso.es/portal/page/portal/Congreso/Congreso/Diputados/BusqForm?_piref73_1333155_73_1333154_1333154.next_page=/wc/fichaDiputado?idDiputado=177&idLegislatura=14
JavierMerinoMartínez,Javier  Merino Martínez, Javier  ,Merino Martínez,GP ,M,http://www.congreso.es/portal/page/portal/Congreso/Congreso/Diputados/BusqForm?_piref73_1333155_73_1333154_1333154.next_page=/wc/fichaDiputado?idDiputado=138&idLegislatura=14
ManuelMestreBarea,Manuel  Mestre Barea, Manuel  ,Mestre Barea,GVOX ,M,http://www.congreso.es/portal/page/portal/Congreso/Congreso/Diputados/BusqForm?_piref73_1333155_73_1333154_1333154.next_page=/wc/fichaDiputado?idDiputado=268&idLegislatura=14
MontseMínguezGarcía,Montse  Mínguez García, Montse  ,Mínguez García,GS ,F,http://www.congreso.es/portal/page/portal/Congreso/Congreso/Diputados/BusqForm?_piref73_1333155_73_1333154_1333154.next_page=/wc/fichaDiputado?idDiputado=199&idLegislatura=14
SergiMiqueliValentí,Sergi  Miquel I Valentí, Sergi  ,Miquel i Valentí,GPlu ,M,http://www.congreso.es/portal/page/portal/Congreso/Congreso/Diputados/BusqForm?_piref73_1333155_73_1333154_1333154.next_page=/wc/fichaDiputado?idDiputado=23&idLegislatura=14
MaríaSandraMoneoDíez,María Sandra  Moneo Díez, María Sandra  ,Moneo Díez,GP ,F,http://www.congreso.es/portal/page/portal/Congreso/Congreso/Diputados/BusqForm?_piref73_1333155_73_1333154_1333154.next_page=/wc/fichaDiputado?idDiputado=337&idLegislatura=14
MaríaJesúsMonteroCuadrado,María Jesús  Montero Cuadrado, María Jesús  ,Montero Cuadrado,GS ,F,http://www.congreso.es/portal/page/portal/Congreso/Congreso/Diputados/BusqForm?_piref73_1333155_73_1333154_1333154.next_page=/wc/fichaDiputado?idDiputado=225&idLegislatura=14
IreneMaríaMonteroGil,Irene María  Montero Gil, Irene María  ,Montero Gil,GCUP-EC-GC ,F,http://www.congreso.es/portal/page/portal/Congreso/Congreso/Diputados/BusqForm?_piref73_1333155_73_1333154_1333154.next_page=/wc/fichaDiputado?idDiputado=329&idLegislatura=14
PabloMontesinosAguayo,Pablo  Montesinos Aguayo, Pablo  ,Montesinos Aguayo,GP ,M,http://www.congreso.es/portal/page/portal/Congreso/Congreso/Diputados/BusqForm?_piref73_1333155_73_1333154_1333154.next_page=/wc/fichaDiputado?idDiputado=315&idLegislatura=14
MacarenaMontesinosdeMiguel,Macarena  Montesinos De Miguel, Macarena  ,Montesinos de Miguel,GP ,F,http://www.congreso.es/portal/page/portal/Congreso/Congreso/Diputados/BusqForm?_piref73_1333155_73_1333154_1333154.next_page=/wc/fichaDiputado?idDiputado=346&idLegislatura=14
TristanaMaríaMoralejaGómez,Tristana María  Moraleja Gómez, Tristana María  ,Moraleja Gómez,GP ,F,http://www.congreso.es/portal/page/portal/Congreso/Congreso/Diputados/BusqForm?_piref73_1333155_73_1333154_1333154.next_page=/wc/fichaDiputado?idDiputado=57&idLegislatura=14
MaríaJesúsMoroAlmaraz,María Jesús  Moro Almaraz, María Jesús  ,Moro Almaraz,GP ,F,http://www.congreso.es/portal/page/portal/Congreso/Congreso/Diputados/BusqForm?_piref73_1333155_73_1333154_1333154.next_page=/wc/fichaDiputado?idDiputado=91&idLegislatura=14
DiegoMovellánLombilla,Diego  Movellán Lombilla, Diego  ,Movellán Lombilla,GP ,M,http://www.congreso.es/portal/page/portal/Congreso/Congreso/Diputados/BusqForm?_piref73_1333155_73_1333154_1333154.next_page=/wc/fichaDiputado?idDiputado=78&idLegislatura=14
LucíaMuñozDalda,Lucía  Muñoz Dalda, Lucía  ,Muñoz Dalda,GCUP-EC-GC ,F,http://www.congreso.es/portal/page/portal/Congreso/Congreso/Diputados/BusqForm?_piref73_1333155_73_1333154_1333154.next_page=/wc/fichaDiputado?idDiputado=335&idLegislatura=14
MaríaMuñozVidal,María  Muñoz Vidal, María  ,Muñoz Vidal,GCs ,F,http://www.congreso.es/portal/page/portal/Congreso/Congreso/Diputados/BusqForm?_piref73_1333155_73_1333154_1333154.next_page=/wc/fichaDiputado?idDiputado=333&idLegislatura=14
MaríaDoloresNarváezBandera,María Dolores  Narváez Bandera, María Dolores  ,Narváez Bandera,GS ,F,http://www.congreso.es/portal/page/portal/Congreso/Congreso/Diputados/BusqForm?_piref73_1333155_73_1333154_1333154.next_page=/wc/fichaDiputado?idDiputado=154&idLegislatura=14
BegoñaNasarreOliva,Begoña  Nasarre Oliva, Begoña  ,Nasarre Oliva,GS ,F,http://www.congreso.es/portal/page/portal/Congreso/Congreso/Diputados/BusqForm?_piref73_1333155_73_1333154_1333154.next_page=/wc/fichaDiputado?idDiputado=313&idLegislatura=14
JulioNavalpotroGómez,Julio  Navalpotro Gómez, Julio  ,Navalpotro Gómez,GS ,M,http://www.congreso.es/portal/page/portal/Congreso/Congreso/Diputados/BusqForm?_piref73_1333155_73_1333154_1333154.next_page=/wc/fichaDiputado?idDiputado=366&idLegislatura=14
CarmenNavarroLacoba,Carmen  Navarro Lacoba, Carmen  ,Navarro Lacoba,GP ,F,http://www.congreso.es/portal/page/portal/Congreso/Congreso/Diputados/BusqForm?_piref73_1333155_73_1333154_1333154.next_page=/wc/fichaDiputado?idDiputado=82&idLegislatura=14
PedroNavarroLópez,Pedro  Navarro López, Pedro  ,Navarro López,GP ,M,http://www.congreso.es/portal/page/portal/Congreso/Congreso/Diputados/BusqForm?_piref73_1333155_73_1333154_1333154.next_page=/wc/fichaDiputado?idDiputado=220&idLegislatura=14
MaríaMagdalenaNevadodelCampo,María Magdalena  Nevado Del Campo, María Magdalena  ,Nevado del Campo,GVOX ,F,http://www.congreso.es/portal/page/portal/Congreso/Congreso/Diputados/BusqForm?_piref73_1333155_73_1333154_1333154.next_page=/wc/fichaDiputado?idDiputado=293&idLegislatura=14
MíriamNoguerasiCamero,Míriam  Nogueras I Camero, Míriam  ,Nogueras i Camero,GPlu ,F,http://www.congreso.es/portal/page/portal/Congreso/Congreso/Diputados/BusqForm?_piref73_1333155_73_1333154_1333154.next_page=/wc/fichaDiputado?idDiputado=27&idLegislatura=14
JoanJosepNuetPujals,Joan Josep  Nuet Pujals, Joan Josep  ,Nuet Pujals,GR ,M,http://www.congreso.es/portal/page/portal/Congreso/Congreso/Diputados/BusqForm?_piref73_1333155_73_1333154_1333154.next_page=/wc/fichaDiputado?idDiputado=189&idLegislatura=14
JaimeEduardode OlanoVela,Jaime Eduardo De  Olano Vela, Jaime Eduardo de  ,Olano Vela,GP ,M,http://www.congreso.es/portal/page/portal/Congreso/Congreso/Diputados/BusqForm?_piref73_1333155_73_1333154_1333154.next_page=/wc/fichaDiputado?idDiputado=167&idLegislatura=14
MacarenaOlonaChoclán,Macarena  Olona Choclán, Macarena  ,Olona Choclán,GVOX ,F,http://www.congreso.es/portal/page/portal/Congreso/Congreso/Diputados/BusqForm?_piref73_1333155_73_1333154_1333154.next_page=/wc/fichaDiputado?idDiputado=84&idLegislatura=14
AnaMaríaOramasGonzález-Moro,Ana María  Oramas González-Moro, Ana María  ,Oramas González-Moro,GMx ,F,http://www.congreso.es/portal/page/portal/Congreso/Congreso/Diputados/BusqForm?_piref73_1333155_73_1333154_1333154.next_page=/wc/fichaDiputado?idDiputado=161&idLegislatura=14
MaríaInmaculadaOriaLópez,María Inmaculada  Oria López, María Inmaculada  ,Oria López,GS ,F,http://www.congreso.es/portal/page/portal/Congreso/Congreso/Diputados/BusqForm?_piref73_1333155_73_1333154_1333154.next_page=/wc/fichaDiputado?idDiputado=370&idLegislatura=14
JoséRamónOrtegaDomínguez,José Ramón  Ortega Domínguez, José Ramón  ,Ortega Domínguez,GS ,M,http://www.congreso.es/portal/page/portal/Congreso/Congreso/Diputados/BusqForm?_piref73_1333155_73_1333154_1333154.next_page=/wc/fichaDiputado?idDiputado=368&idLegislatura=14
FranciscoJavierOrtegaSmith-Molina,Francisco Javier  Ortega Smith-Molina, Francisco Javier  ,Ortega Smith-Molina,GVOX ,M,http://www.congreso.es/portal/page/portal/Congreso/Congreso/Diputados/BusqForm?_piref73_1333155_73_1333154_1333154.next_page=/wc/fichaDiputado?idDiputado=326&idLegislatura=14
JoséOrtizGalván,José  Ortiz Galván, José  ,Ortiz Galván,GP ,M,http://www.congreso.es/portal/page/portal/Congreso/Congreso/Diputados/BusqForm?_piref73_1333155_73_1333154_1333154.next_page=/wc/fichaDiputado?idDiputado=134&idLegislatura=14
EstherPadillaRuiz,Esther  Padilla Ruiz, Esther  ,Padilla Ruiz,GS ,F,http://www.congreso.es/portal/page/portal/Congreso/Congreso/Diputados/BusqForm?_piref73_1333155_73_1333154_1333154.next_page=/wc/fichaDiputado?idDiputado=173&idLegislatura=14
MiguelÁngelPaniaguaNúñez,Miguel Ángel  Paniagua Núñez, Miguel Ángel  ,Paniagua Núñez,GP ,M,http://www.congreso.es/portal/page/portal/Congreso/Congreso/Diputados/BusqForm?_piref73_1333155_73_1333154_1333154.next_page=/wc/fichaDiputado?idDiputado=240&idLegislatura=14
AnaMaríaPastorJulián,Ana María  Pastor Julián, Ana María  ,Pastor Julián,GP ,F,http://www.congreso.es/portal/page/portal/Congreso/Congreso/Diputados/BusqForm?_piref73_1333155_73_1333154_1333154.next_page=/wc/fichaDiputado?idDiputado=31&idLegislatura=14
RaquelPedrajaSáinz,Raquel  Pedraja Sáinz, Raquel  ,Pedraja Sáinz,GS ,F,http://www.congreso.es/portal/page/portal/Congreso/Congreso/Diputados/BusqForm?_piref73_1333155_73_1333154_1333154.next_page=/wc/fichaDiputado?idDiputado=362&idLegislatura=14
JuanLuisPedreñoMolina,Juan Luis  Pedreño Molina, Juan Luis  ,Pedreño Molina,GP ,M,http://www.congreso.es/portal/page/portal/Congreso/Congreso/Diputados/BusqForm?_piref73_1333155_73_1333154_1333154.next_page=/wc/fichaDiputado?idDiputado=132&idLegislatura=14
EstherPeñaCamarero,Esther  Peña Camarero, Esther  ,Peña Camarero,GS ,F,http://www.congreso.es/portal/page/portal/Congreso/Congreso/Diputados/BusqForm?_piref73_1333155_73_1333154_1333154.next_page=/wc/fichaDiputado?idDiputado=18&idLegislatura=14
MaríaMercèPereaiConillas,María Mercè  Perea I Conillas, María Mercè  ,Perea i Conillas,GS ,F,http://www.congreso.es/portal/page/portal/Congreso/Congreso/Diputados/BusqForm?_piref73_1333155_73_1333154_1333154.next_page=/wc/fichaDiputado?idDiputado=203&idLegislatura=14
AdolfoPérezAbellás,Adolfo  Pérez Abellás, Adolfo  ,Pérez Abellás,GS ,M,http://www.congreso.es/portal/page/portal/Congreso/Congreso/Diputados/BusqForm?_piref73_1333155_73_1333154_1333154.next_page=/wc/fichaDiputado?idDiputado=33&idLegislatura=14
MaríaAuxiliadoraPérezDíaz,María Auxiliadora  Pérez Díaz, María Auxiliadora  ,Pérez Díaz,GP ,F,http://www.congreso.es/portal/page/portal/Congreso/Congreso/Diputados/BusqForm?_piref73_1333155_73_1333154_1333154.next_page=/wc/fichaDiputado?idDiputado=160&idLegislatura=14
VíctorValentínPírizMaya,Víctor Valentín  Píriz Maya, Víctor Valentín  ,Píriz Maya,GP ,M,http://www.congreso.es/portal/page/portal/Congreso/Congreso/Diputados/BusqForm?_piref73_1333155_73_1333154_1333154.next_page=/wc/fichaDiputado?idDiputado=9&idLegislatura=14
GerardoPisarelloPrados,Gerardo  Pisarello Prados, Gerardo  ,Pisarello Prados,GCUP-EC-GC ,M,http://www.congreso.es/portal/page/portal/Congreso/Congreso/Diputados/BusqForm?_piref73_1333155_73_1333154_1333154.next_page=/wc/fichaDiputado?idDiputado=290&idLegislatura=14
MaríadelCarmenPitaCárdenes,María Del Carmen  Pita Cárdenes, María del Carmen  ,Pita Cárdenes,GCUP-EC-GC ,F,http://www.congreso.es/portal/page/portal/Congreso/Congreso/Diputados/BusqForm?_piref73_1333155_73_1333154_1333154.next_page=/wc/fichaDiputado?idDiputado=356&idLegislatura=14
PereJoanPonsSampietro,Pere Joan  Pons Sampietro, Pere Joan  ,Pons Sampietro,GS ,M,http://www.congreso.es/portal/page/portal/Congreso/Congreso/Diputados/BusqForm?_piref73_1333155_73_1333154_1333154.next_page=/wc/fichaDiputado?idDiputado=223&idLegislatura=14
JesúsPostigoQuintana,Jesús  Postigo Quintana, Jesús  ,Postigo Quintana,GP ,M,http://www.congreso.es/portal/page/portal/Congreso/Congreso/Diputados/BusqForm?_piref73_1333155_73_1333154_1333154.next_page=/wc/fichaDiputado?idDiputado=51&idLegislatura=14
IsabelPozuetaFernández,Isabel  Pozueta Fernández, Isabel  ,Pozueta Fernández,GEH Bildu ,F,http://www.congreso.es/portal/page/portal/Congreso/Congreso/Diputados/BusqForm?_piref73_1333155_73_1333154_1333154.next_page=/wc/fichaDiputado?idDiputado=65&idLegislatura=14
AnaPrietoNieto,Ana  Prieto Nieto, Ana  ,Prieto Nieto,GS ,F,http://www.congreso.es/portal/page/portal/Congreso/Congreso/Diputados/BusqForm?_piref73_1333155_73_1333154_1333154.next_page=/wc/fichaDiputado?idDiputado=81&idLegislatura=14
MargaritaProhensRigo,Margarita  Prohens Rigo, Margarita  ,Prohens Rigo,GP ,F,http://www.congreso.es/portal/page/portal/Congreso/Congreso/Diputados/BusqForm?_piref73_1333155_73_1333154_1333154.next_page=/wc/fichaDiputado?idDiputado=243&idLegislatura=14
NormaPujoliFarré,Norma  Pujol I Farré, Norma  ,Pujol i Farré,GR ,F,http://www.congreso.es/portal/page/portal/Congreso/Congreso/Diputados/BusqForm?_piref73_1333155_73_1333154_1333154.next_page=/wc/fichaDiputado?idDiputado=191&idLegislatura=14
PedroQuevedoIturbe,Pedro  Quevedo Iturbe, Pedro  ,Quevedo Iturbe,GMx ,M,http://www.congreso.es/portal/page/portal/Congreso/Congreso/Diputados/BusqForm?_piref73_1333155_73_1333154_1333154.next_page=/wc/fichaDiputado?idDiputado=351&idLegislatura=14
MaríaPilarRamalloVázquez,María Pilar  Ramallo Vázquez, María Pilar  ,Ramallo Vázquez,GP ,F,http://www.congreso.es/portal/page/portal/Congreso/Congreso/Diputados/BusqForm?_piref73_1333155_73_1333154_1333154.next_page=/wc/fichaDiputado?idDiputado=117&idLegislatura=14
ArnauRamírezCarner,Arnau  Ramírez Carner, Arnau  ,Ramírez Carner,GS ,M,http://www.congreso.es/portal/page/portal/Congreso/Congreso/Diputados/BusqForm?_piref73_1333155_73_1333154_1333154.next_page=/wc/fichaDiputado?idDiputado=197&idLegislatura=14
JoséRamírezdelRío,José  Ramírez Del Río, José  ,Ramírez del Río,GVOX ,M,http://www.congreso.es/portal/page/portal/Congreso/Congreso/Diputados/BusqForm?_piref73_1333155_73_1333154_1333154.next_page=/wc/fichaDiputado?idDiputado=93&idLegislatura=14
ElviraRamónUtrabo,Elvira  Ramón Utrabo, Elvira  ,Ramón Utrabo,GS ,F,http://www.congreso.es/portal/page/portal/Congreso/Congreso/Diputados/BusqForm?_piref73_1333155_73_1333154_1333154.next_page=/wc/fichaDiputado?idDiputado=8&idLegislatura=14
CésarJoaquínRamosEsteban,César Joaquín  Ramos Esteban, César Joaquín  ,Ramos Esteban,GS ,M,http://www.congreso.es/portal/page/portal/Congreso/Congreso/Diputados/BusqForm?_piref73_1333155_73_1333154_1333154.next_page=/wc/fichaDiputado?idDiputado=178&idLegislatura=14
JoséLuisRamosRodríguez,José Luis  Ramos Rodríguez, José Luis  ,Ramos Rodríguez,GS ,M,http://www.congreso.es/portal/page/portal/Congreso/Congreso/Diputados/BusqForm?_piref73_1333155_73_1333154_1333154.next_page=/wc/fichaDiputado?idDiputado=218&idLegislatura=14
MaríaTamaraRayaRodríguez,María Tamara  Raya Rodríguez, María Tamara  ,Raya Rodríguez,GS ,F,http://www.congreso.es/portal/page/portal/Congreso/Congreso/Diputados/BusqForm?_piref73_1333155_73_1333154_1333154.next_page=/wc/fichaDiputado?idDiputado=112&idLegislatura=14
MaríadelaORedondoCalvillo,María De La O  Redondo Calvillo, María de la O  ,Redondo Calvillo,GP ,F,http://www.congreso.es/portal/page/portal/Congreso/Congreso/Diputados/BusqForm?_piref73_1333155_73_1333154_1333154.next_page=/wc/fichaDiputado?idDiputado=106&idLegislatura=14
NéstorRegoCandamil,Néstor  Rego Candamil, Néstor  ,Rego Candamil,GPlu ,M,http://www.congreso.es/portal/page/portal/Congreso/Congreso/Diputados/BusqForm?_piref73_1333155_73_1333154_1333154.next_page=/wc/fichaDiputado?idDiputado=40&idLegislatura=14
GermánRenauMartínez,Germán  Renau Martínez, Germán  ,Renau Martínez,GS ,M,http://www.congreso.es/portal/page/portal/Congreso/Congreso/Diputados/BusqForm?_piref73_1333155_73_1333154_1333154.next_page=/wc/fichaDiputado?idDiputado=52&idLegislatura=14
PedroJesúsRequejoNovoa,Pedro Jesús  Requejo Novoa, Pedro Jesús  ,Requejo Novoa,GVOX ,M,http://www.congreso.es/portal/page/portal/Congreso/Congreso/Diputados/BusqForm?_piref73_1333155_73_1333154_1333154.next_page=/wc/fichaDiputado?idDiputado=85&idLegislatura=14
JuanDiegoRequenaRuiz,Juan Diego  Requena Ruiz, Juan Diego  ,Requena Ruiz,GP ,M,http://www.congreso.es/portal/page/portal/Congreso/Congreso/Diputados/BusqForm?_piref73_1333155_73_1333154_1333154.next_page=/wc/fichaDiputado?idDiputado=79&idLegislatura=14
CarmenRiolobosRegadera,Carmen  Riolobos Regadera, Carmen  ,Riolobos Regadera,GP ,F,http://www.congreso.es/portal/page/portal/Congreso/Congreso/Diputados/BusqForm?_piref73_1333155_73_1333154_1333154.next_page=/wc/fichaDiputado?idDiputado=7&idLegislatura=14
JoaquínRoblesLópez,Joaquín  Robles López, Joaquín  ,Robles López,GVOX ,M,http://www.congreso.es/portal/page/portal/Congreso/Congreso/Diputados/BusqForm?_piref73_1333155_73_1333154_1333154.next_page=/wc/fichaDiputado?idDiputado=246&idLegislatura=14
AndrésAlbertoRodríguezAlmeida,Andrés Alberto  Rodríguez Almeida, Andrés Alberto  ,Rodríguez Almeida,GVOX ,M,http://www.congreso.es/portal/page/portal/Congreso/Congreso/Diputados/BusqForm?_piref73_1333155_73_1333154_1333154.next_page=/wc/fichaDiputado?idDiputado=256&idLegislatura=14
MaríadelPilarRodríguezGómez,María Del Pilar  Rodríguez Gómez, María del Pilar  ,Rodríguez Gómez,GS ,F,http://www.congreso.es/portal/page/portal/Congreso/Congreso/Diputados/BusqForm?_piref73_1333155_73_1333154_1333154.next_page=/wc/fichaDiputado?idDiputado=273&idLegislatura=14
AlfonsoRodríguezGómezdeCelis,Alfonso  Rodríguez Gómez De Celis, Alfonso  ,Rodríguez Gómez de Celis,GS ,M,http://www.congreso.es/portal/page/portal/Congreso/Congreso/Diputados/BusqForm?_piref73_1333155_73_1333154_1333154.next_page=/wc/fichaDiputado?idDiputado=168&idLegislatura=14
MaríaElviraRodríguezHerrer,María Elvira  Rodríguez Herrer, María Elvira  ,Rodríguez Herrer,GP ,F,http://www.congreso.es/portal/page/portal/Congreso/Congreso/Diputados/BusqForm?_piref73_1333155_73_1333154_1333154.next_page=/wc/fichaDiputado?idDiputado=123&idLegislatura=14
AlbertoRodríguezRodríguez,Alberto  Rodríguez Rodríguez, Alberto  ,Rodríguez Rodríguez,GCUP-EC-GC ,M,http://www.congreso.es/portal/page/portal/Congreso/Congreso/Diputados/BusqForm?_piref73_1333155_73_1333154_1333154.next_page=/wc/fichaDiputado?idDiputado=338&idLegislatura=14
JoséAntonioRodríguezSalas,José Antonio  Rodríguez Salas, José Antonio  ,Rodríguez Salas,GS ,M,http://www.congreso.es/portal/page/portal/Congreso/Congreso/Diputados/BusqForm?_piref73_1333155_73_1333154_1333154.next_page=/wc/fichaDiputado?idDiputado=6&idLegislatura=14
CarlosRojasGarcía,Carlos  Rojas García, Carlos  ,Rojas García,GP ,M,http://www.congreso.es/portal/page/portal/Congreso/Congreso/Diputados/BusqForm?_piref73_1333155_73_1333154_1333154.next_page=/wc/fichaDiputado?idDiputado=242&idLegislatura=14
CarmeloRomeroHernández,Carmelo  Romero Hernández, Carmelo  ,Romero Hernández,GP ,M,http://www.congreso.es/portal/page/portal/Congreso/Congreso/Diputados/BusqForm?_piref73_1333155_73_1333154_1333154.next_page=/wc/fichaDiputado?idDiputado=241&idLegislatura=14
RosaMaríaRomeroSánchez,Rosa María  Romero Sánchez, Rosa María  ,Romero Sánchez,GP ,F,http://www.congreso.es/portal/page/portal/Congreso/Congreso/Diputados/BusqForm?_piref73_1333155_73_1333154_1333154.next_page=/wc/fichaDiputado?idDiputado=36&idLegislatura=14
MaríadelosReyesRomeroVilches,María De Los Reyes  Romero Vilches, María de los Reyes  ,Romero Vilches,GVOX ,F,http://www.congreso.es/portal/page/portal/Congreso/Congreso/Diputados/BusqForm?_piref73_1333155_73_1333154_1333154.next_page=/wc/fichaDiputado?idDiputado=174&idLegislatura=14
SusanaRosMartínez,Susana  Ros Martínez, Susana  ,Ros Martínez,GS ,F,http://www.congreso.es/portal/page/portal/Congreso/Congreso/Diputados/BusqForm?_piref73_1333155_73_1333154_1333154.next_page=/wc/fichaDiputado?idDiputado=53&idLegislatura=14
AgustínRosetyFernándezdeCastro,Agustín  Rosety Fernández De Castro, Agustín  ,Rosety Fernández de Castro,GVOX ,M,http://www.congreso.es/portal/page/portal/Congreso/Congreso/Diputados/BusqForm?_piref73_1333155_73_1333154_1333154.next_page=/wc/fichaDiputado?idDiputado=255&idLegislatura=14
MartaRosiqueiSaltor,Marta  Rosique I Saltor, Marta  ,Rosique i Saltor,GR ,F,http://www.congreso.es/portal/page/portal/Congreso/Congreso/Diputados/BusqForm?_piref73_1333155_73_1333154_1333154.next_page=/wc/fichaDiputado?idDiputado=185&idLegislatura=14
PatriciaRuedaPerelló,Patricia  Rueda Perelló, Patricia  ,Rueda Perelló,GVOX ,F,http://www.congreso.es/portal/page/portal/Congreso/Congreso/Diputados/BusqForm?_piref73_1333155_73_1333154_1333154.next_page=/wc/fichaDiputado?idDiputado=75&idLegislatura=14
GabrielRufiánRomero,Gabriel  Rufián Romero, Gabriel  ,Rufián Romero,GR ,M,http://www.congreso.es/portal/page/portal/Congreso/Congreso/Diputados/BusqForm?_piref73_1333155_73_1333154_1333154.next_page=/wc/fichaDiputado?idDiputado=187&idLegislatura=14
IñakiRuizdePinedoUndiano,Iñaki  Ruiz De Pinedo Undiano, Iñaki  ,Ruiz de Pinedo Undiano,GEH Bildu ,M,http://www.congreso.es/portal/page/portal/Congreso/Congreso/Diputados/BusqForm?_piref73_1333155_73_1333154_1333154.next_page=/wc/fichaDiputado?idDiputado=64&idLegislatura=14
JoanRuiziCarbonell,Joan  Ruiz I Carbonell, Joan  ,Ruiz i Carbonell,GS ,M,http://www.congreso.es/portal/page/portal/Congreso/Congreso/Diputados/BusqForm?_piref73_1333155_73_1333154_1333154.next_page=/wc/fichaDiputado?idDiputado=209&idLegislatura=14
EduardoLuisRuizNavarro,Eduardo Luis  Ruiz Navarro, Eduardo Luis  ,Ruiz Navarro,GVOX ,M,http://www.congreso.es/portal/page/portal/Congreso/Congreso/Diputados/BusqForm?_piref73_1333155_73_1333154_1333154.next_page=/wc/fichaDiputado?idDiputado=217&idLegislatura=14
MaríadelaCabezaRuizSolás,María De La Cabeza  Ruiz Solás, María de la Cabeza  ,Ruiz Solás,GVOX ,F,http://www.congreso.es/portal/page/portal/Congreso/Congreso/Diputados/BusqForm?_piref73_1333155_73_1333154_1333154.next_page=/wc/fichaDiputado?idDiputado=301&idLegislatura=14
MarisaSaavedraMuñoz,Marisa  Saavedra Muñoz, Marisa  ,Saavedra Muñoz,GCUP-EC-GC ,F,http://www.congreso.es/portal/page/portal/Congreso/Congreso/Diputados/BusqForm?_piref73_1333155_73_1333154_1333154.next_page=/wc/fichaDiputado?idDiputado=348&idLegislatura=14
InésSabanésNadal,Inés  Sabanés Nadal, Inés  ,Sabanés Nadal,GPlu ,F,http://www.congreso.es/portal/page/portal/Congreso/Congreso/Diputados/BusqForm?_piref73_1333155_73_1333154_1333154.next_page=/wc/fichaDiputado?idDiputado=234&idLegislatura=14
PabloSáezAlonso-Muñumer,Pablo  Sáez Alonso-Muñumer, Pablo  ,Sáez Alonso-Muñumer,GVOX ,M,http://www.congreso.es/portal/page/portal/Congreso/Congreso/Diputados/BusqForm?_piref73_1333155_73_1333154_1333154.next_page=/wc/fichaDiputado?idDiputado=278&idLegislatura=14
IdoiaSagastizabalUnzetabarrenetxea,Idoia  Sagastizabal Unzetabarrenetxea, Idoia  ,Sagastizabal Unzetabarrenetxea,GV  EAJ-PNV,F,http://www.congreso.es/portal/page/portal/Congreso/Congreso/Diputados/BusqForm?_piref73_1333155_73_1333154_1333154.next_page=/wc/fichaDiputado?idDiputado=98&idLegislatura=14
LuisCarlosSahuquilloGarcía,Luis Carlos  Sahuquillo García, Luis Carlos  ,Sahuquillo García,GS ,M,http://www.congreso.es/portal/page/portal/Congreso/Congreso/Diputados/BusqForm?_piref73_1333155_73_1333154_1333154.next_page=/wc/fichaDiputado?idDiputado=2&idLegislatura=14
AntonioSalváVerd,Antonio  Salvá Verd, Antonio  ,Salvá Verd,GVOX ,M,http://www.congreso.es/portal/page/portal/Congreso/Congreso/Diputados/BusqForm?_piref73_1333155_73_1333154_1333154.next_page=/wc/fichaDiputado?idDiputado=162&idLegislatura=14
JordiSalvadoriDuch,Jordi  Salvador I Duch, Jordi  ,Salvador i Duch,GR ,M,http://www.congreso.es/portal/page/portal/Congreso/Congreso/Diputados/BusqForm?_piref73_1333155_73_1333154_1333154.next_page=/wc/fichaDiputado?idDiputado=184&idLegislatura=14
VíctorManuelSánchezdelReal,Víctor Manuel  Sánchez Del Real, Víctor Manuel  ,Sánchez del Real,GVOX ,M,http://www.congreso.es/portal/page/portal/Congreso/Congreso/Diputados/BusqForm?_piref73_1333155_73_1333154_1333154.next_page=/wc/fichaDiputado?idDiputado=195&idLegislatura=14
MarianoSánchezEscobar,Mariano  Sánchez Escobar, Mariano  ,Sánchez Escobar,GS ,M,http://www.congreso.es/portal/page/portal/Congreso/Congreso/Diputados/BusqForm?_piref73_1333155_73_1333154_1333154.next_page=/wc/fichaDiputado?idDiputado=227&idLegislatura=14
JoséMaríaSánchezGarcía,José María  Sánchez García, José María  ,Sánchez García,GVOX ,M,http://www.congreso.es/portal/page/portal/Congreso/Congreso/Diputados/BusqForm?_piref73_1333155_73_1333154_1333154.next_page=/wc/fichaDiputado?idDiputado=322&idLegislatura=14
MarisolSánchezJódar,Marisol  Sánchez Jódar, Marisol  ,Sánchez Jódar,GS ,F,http://www.congreso.es/portal/page/portal/Congreso/Congreso/Diputados/BusqForm?_piref73_1333155_73_1333154_1333154.next_page=/wc/fichaDiputado?idDiputado=276&idLegislatura=14
CésarSánchezPérez,César  Sánchez Pérez, César  ,Sánchez Pérez,GP ,M,http://www.congreso.es/portal/page/portal/Congreso/Congreso/Diputados/BusqForm?_piref73_1333155_73_1333154_1333154.next_page=/wc/fichaDiputado?idDiputado=249&idLegislatura=14
PedroSánchezPérez-Castejón,Pedro  Sánchez Pérez-Castejón, Pedro  ,Sánchez Pérez-Castejón,GS ,M,http://www.congreso.es/portal/page/portal/Congreso/Congreso/Diputados/BusqForm?_piref73_1333155_73_1333154_1333154.next_page=/wc/fichaDiputado?idDiputado=274&idLegislatura=14
JavierSánchezSerna,Javier  Sánchez Serna, Javier  ,Sánchez Serna,GCUP-EC-GC ,M,http://www.congreso.es/portal/page/portal/Congreso/Congreso/Diputados/BusqForm?_piref73_1333155_73_1333154_1333154.next_page=/wc/fichaDiputado?idDiputado=67&idLegislatura=14
AlfredoSanchoGuardia,Alfredo  Sancho Guardia, Alfredo  ,Sancho Guardia,GS ,M,http://www.congreso.es/portal/page/portal/Congreso/Congreso/Diputados/BusqForm?_piref73_1333155_73_1333154_1333154.next_page=/wc/fichaDiputado?idDiputado=312&idLegislatura=14
HerminioRufinoSanchoÍñiguez,Herminio Rufino  Sancho Íñiguez, Herminio Rufino  ,Sancho Íñiguez,GS ,M,http://www.congreso.es/portal/page/portal/Congreso/Congreso/Diputados/BusqForm?_piref73_1333155_73_1333154_1333154.next_page=/wc/fichaDiputado?idDiputado=15&idLegislatura=14
LuisSantamaríaRuiz,Luis  Santamaría Ruiz, Luis  ,Santamaría Ruiz,GP ,M,http://www.congreso.es/portal/page/portal/Congreso/Congreso/Diputados/BusqForm?_piref73_1333155_73_1333154_1333154.next_page=/wc/fichaDiputado?idDiputado=269&idLegislatura=14
EnriqueFernandoSantiagoRomero,Enrique Fernando  Santiago Romero, Enrique Fernando  ,Santiago Romero,GCUP-EC-GC ,M,http://www.congreso.es/portal/page/portal/Congreso/Congreso/Diputados/BusqForm?_piref73_1333155_73_1333154_1333154.next_page=/wc/fichaDiputado?idDiputado=45&idLegislatura=14
VicentManuelSarriàMorell,Vicent Manuel  Sarrià Morell, Vicent Manuel  ,Sarrià Morell,GS ,M,http://www.congreso.es/portal/page/portal/Congreso/Congreso/Diputados/BusqForm?_piref73_1333155_73_1333154_1333154.next_page=/wc/fichaDiputado?idDiputado=90&idLegislatura=14
SergioSayasLópez,Sergio  Sayas López, Sergio  ,Sayas López,GMx ,M,http://www.congreso.es/portal/page/portal/Congreso/Congreso/Diputados/BusqForm?_piref73_1333155_73_1333154_1333154.next_page=/wc/fichaDiputado?idDiputado=55&idLegislatura=14
DanielSenderosOraá,Daniel  Senderos Oraá, Daniel  ,Senderos Oraá,GS ,M,http://www.congreso.es/portal/page/portal/Congreso/Congreso/Diputados/BusqForm?_piref73_1333155_73_1333154_1333154.next_page=/wc/fichaDiputado?idDiputado=367&idLegislatura=14
DavidSerradaPariente,David  Serrada Pariente, David  ,Serrada Pariente,GS ,M,http://www.congreso.es/portal/page/portal/Congreso/Congreso/Diputados/BusqForm?_piref73_1333155_73_1333154_1333154.next_page=/wc/fichaDiputado?idDiputado=37&idLegislatura=14
JuanFranciscoSerranoMartínez,Juan Francisco  Serrano Martínez, Juan Francisco  ,Serrano Martínez,GS ,M,http://www.congreso.es/portal/page/portal/Congreso/Congreso/Diputados/BusqForm?_piref73_1333155_73_1333154_1333154.next_page=/wc/fichaDiputado?idDiputado=158&idLegislatura=14
YolandaSevaRuiz,Yolanda  Seva Ruiz, Yolanda  ,Seva Ruiz,GS ,F,http://www.congreso.es/portal/page/portal/Congreso/Congreso/Diputados/BusqForm?_piref73_1333155_73_1333154_1333154.next_page=/wc/fichaDiputado?idDiputado=137&idLegislatura=14
FelipeJesúsSiciliaAlférez,Felipe Jesús  Sicilia Alférez, Felipe Jesús  ,Sicilia Alférez,GS ,M,http://www.congreso.es/portal/page/portal/Congreso/Congreso/Diputados/BusqForm?_piref73_1333155_73_1333154_1333154.next_page=/wc/fichaDiputado?idDiputado=259&idLegislatura=14
RafaelSimancasSimancas,Rafael  Simancas Simancas, Rafael  ,Simancas Simancas,GS ,M,http://www.congreso.es/portal/page/portal/Congreso/Congreso/Diputados/BusqForm?_piref73_1333155_73_1333154_1333154.next_page=/wc/fichaDiputado?idDiputado=287&idLegislatura=14
AlejandroSolerMur,Alejandro  Soler Mur, Alejandro  ,Soler Mur,GS ,M,http://www.congreso.es/portal/page/portal/Congreso/Congreso/Diputados/BusqForm?_piref73_1333155_73_1333154_1333154.next_page=/wc/fichaDiputado?idDiputado=144&idLegislatura=14
JuanLuisSotoBurillo,Juan Luis  Soto Burillo, Juan Luis  ,Soto Burillo,GS ,M,http://www.congreso.es/portal/page/portal/Congreso/Congreso/Diputados/BusqForm?_piref73_1333155_73_1333154_1333154.next_page=/wc/fichaDiputado?idDiputado=275&idLegislatura=14
JuanLuisSteegmannOlmedillas,Juan Luis  Steegmann Olmedillas, Juan Luis  ,Steegmann Olmedillas,GVOX ,M,http://www.congreso.es/portal/page/portal/Congreso/Congreso/Diputados/BusqForm?_piref73_1333155_73_1333154_1333154.next_page=/wc/fichaDiputado?idDiputado=135&idLegislatura=14
AdolfoSuárezIllana,Adolfo  Suárez Illana, Adolfo  ,Suárez Illana,GP ,M,http://www.congreso.es/portal/page/portal/Congreso/Congreso/Diputados/BusqForm?_piref73_1333155_73_1333154_1333154.next_page=/wc/fichaDiputado?idDiputado=32&idLegislatura=14
EloySuárezLamata,Eloy  Suárez Lamata, Eloy  ,Suárez Lamata,GP ,M,http://www.congreso.es/portal/page/portal/Congreso/Congreso/Diputados/BusqForm?_piref73_1333155_73_1333154_1333154.next_page=/wc/fichaDiputado?idDiputado=214&idLegislatura=14
SusanaSumelzoJordán,Susana  Sumelzo Jordán, Susana  ,Sumelzo Jordán,GS ,F,http://www.congreso.es/portal/page/portal/Congreso/Congreso/Diputados/BusqForm?_piref73_1333155_73_1333154_1333154.next_page=/wc/fichaDiputado?idDiputado=126&idLegislatura=14
DiegoTaiboMonelos,Diego  Taibo Monelos, Diego  ,Taibo Monelos,GS ,M,http://www.congreso.es/portal/page/portal/Congreso/Congreso/Diputados/BusqForm?_piref73_1333155_73_1333154_1333154.next_page=/wc/fichaDiputado?idDiputado=373&idLegislatura=14
CarolinaTelecheaiLozano,Carolina  Telechea I Lozano, Carolina  ,Telechea i Lozano,GR ,F,http://www.congreso.es/portal/page/portal/Congreso/Congreso/Diputados/BusqForm?_piref73_1333155_73_1333154_1333154.next_page=/wc/fichaDiputado?idDiputado=188&idLegislatura=14
VicenteTiradoOchoa,Vicente  Tirado Ochoa, Vicente  ,Tirado Ochoa,GP ,M,http://www.congreso.es/portal/page/portal/Congreso/Congreso/Diputados/BusqForm?_piref73_1333155_73_1333154_1333154.next_page=/wc/fichaDiputado?idDiputado=16&idLegislatura=14
UxíaTizónVázquez,Uxía  Tizón Vázquez, Uxía  ,Tizón Vázquez,GS ,F,http://www.congreso.es/portal/page/portal/Congreso/Congreso/Diputados/BusqForm?_piref73_1333155_73_1333154_1333154.next_page=/wc/fichaDiputado?idDiputado=374&idLegislatura=14
CarlaToscanodeBalbín,Carla  Toscano De Balbín, Carla  ,Toscano de Balbín,GVOX ,F,http://www.congreso.es/portal/page/portal/Congreso/Congreso/Diputados/BusqForm?_piref73_1333155_73_1333154_1333154.next_page=/wc/fichaDiputado?idDiputado=296&idLegislatura=14
GeorginaTríasGil,Georgina  Trías Gil, Georgina  ,Trías Gil,GVOX ,F,http://www.congreso.es/portal/page/portal/Congreso/Congreso/Diputados/BusqForm?_piref73_1333155_73_1333154_1333154.next_page=/wc/fichaDiputado?idDiputado=277&idLegislatura=14
EdurneUriarteBengoechea,Edurne  Uriarte Bengoechea, Edurne  ,Uriarte Bengoechea,GP ,F,http://www.congreso.es/portal/page/portal/Congreso/Congreso/Diputados/BusqForm?_piref73_1333155_73_1333154_1333154.next_page=/wc/fichaDiputado?idDiputado=30&idLegislatura=14
RobertoUriarteTorrealday,Roberto  Uriarte Torrealday, Roberto  ,Uriarte Torrealday,GCUP-EC-GC ,M,http://www.congreso.es/portal/page/portal/Congreso/Congreso/Diputados/BusqForm?_piref73_1333155_73_1333154_1333154.next_page=/wc/fichaDiputado?idDiputado=207&idLegislatura=14
JulioUtrillaCano,Julio  Utrilla Cano, Julio  ,Utrilla Cano,GVOX ,M,http://www.congreso.es/portal/page/portal/Congreso/Congreso/Diputados/BusqForm?_piref73_1333155_73_1333154_1333154.next_page=/wc/fichaDiputado?idDiputado=328&idLegislatura=14
MagdalenaValerioCordero,Magdalena  Valerio Cordero, Magdalena  ,Valerio Cordero,GS ,F,http://www.congreso.es/portal/page/portal/Congreso/Congreso/Diputados/BusqForm?_piref73_1333155_73_1333154_1333154.next_page=/wc/fichaDiputado?idDiputado=140&idLegislatura=14
PilarVallugeraBalañà,Pilar  Vallugera Balañà, Pilar  ,Vallugera Balañà,GR ,F,http://www.congreso.es/portal/page/portal/Congreso/Congreso/Diputados/BusqForm?_piref73_1333155_73_1333154_1333154.next_page=/wc/fichaDiputado?idDiputado=88&idLegislatura=14
AnaBelénVázquezBlanco,Ana Belén  Vázquez Blanco, Ana Belén  ,Vázquez Blanco,GP ,F,http://www.congreso.es/portal/page/portal/Congreso/Congreso/Diputados/BusqForm?_piref73_1333155_73_1333154_1333154.next_page=/wc/fichaDiputado?idDiputado=115&idLegislatura=14
RubénDaríoVegaArias,Rubén Darío  Vega Arias, Rubén Darío  ,Vega Arias,GVOX ,M,http://www.congreso.es/portal/page/portal/Congreso/Congreso/Diputados/BusqForm?_piref73_1333155_73_1333154_1333154.next_page=/wc/fichaDiputado?idDiputado=271&idLegislatura=14
MireiaVehíCantenys,Mireia  Vehí Cantenys, Mireia  ,Vehí Cantenys,GMx ,F,http://www.congreso.es/portal/page/portal/Congreso/Congreso/Diputados/BusqForm?_piref73_1333155_73_1333154_1333154.next_page=/wc/fichaDiputado?idDiputado=86&idLegislatura=14
MartinaVelardeGómez,Martina  Velarde Gómez, Martina  ,Velarde Gómez,GCUP-EC-GC ,F,http://www.congreso.es/portal/page/portal/Congreso/Congreso/Diputados/BusqForm?_piref73_1333155_73_1333154_1333154.next_page=/wc/fichaDiputado?idDiputado=235&idLegislatura=14
ElviraVelascoMorillo,Elvira  Velasco Morillo, Elvira  ,Velasco Morillo,GP ,F,http://www.congreso.es/portal/page/portal/Congreso/Congreso/Diputados/BusqForm?_piref73_1333155_73_1333154_1333154.next_page=/wc/fichaDiputado?idDiputado=10&idLegislatura=14
NoeliaVeraRuíz-Herrera,Noelia  Vera Ruíz-Herrera, Noelia  ,Vera Ruíz-Herrera,GCUP-EC-GC ,F,http://www.congreso.es/portal/page/portal/Congreso/Congreso/Diputados/BusqForm?_piref73_1333155_73_1333154_1333154.next_page=/wc/fichaDiputado?idDiputado=345&idLegislatura=14
DanielVicenteViondi,Daniel  Vicente Viondi, Daniel  ,Vicente Viondi,GS ,M,http://www.congreso.es/portal/page/portal/Congreso/Congreso/Diputados/BusqForm?_piref73_1333155_73_1333154_1333154.next_page=/wc/fichaDiputado?idDiputado=80&idLegislatura=14
AinaVidalSáez,Aina  Vidal Sáez, Aina  ,Vidal Sáez,GCUP-EC-GC ,F,http://www.congreso.es/portal/page/portal/Congreso/Congreso/Diputados/BusqForm?_piref73_1333155_73_1333154_1333154.next_page=/wc/fichaDiputado?idDiputado=266&idLegislatura=14
MaríaLuisaVilchesRuiz,María Luisa  Vilches Ruiz, María Luisa  ,Vilches Ruiz,GS ,F,http://www.congreso.es/portal/page/portal/Congreso/Congreso/Diputados/BusqForm?_piref73_1333155_73_1333154_1333154.next_page=/wc/fichaDiputado?idDiputado=332&idLegislatura=14
NoemíVillagrasaQuero,Noemí  Villagrasa Quero, Noemí  ,Villagrasa Quero,GS ,F,http://www.congreso.es/portal/page/portal/Congreso/Congreso/Diputados/BusqForm?_piref73_1333155_73_1333154_1333154.next_page=/wc/fichaDiputado?idDiputado=49&idLegislatura=14
AgustínZamarrónMoreno,Agustín  Zamarrón Moreno, Agustín  ,Zamarrón Moreno,GS ,M,http://www.congreso.es/portal/page/portal/Congreso/Congreso/Diputados/BusqForm?_piref73_1333155_73_1333154_1333154.next_page=/wc/fichaDiputado?idDiputado=19&idLegislatura=14
CarlosJoséZambranoGarcía-Raez,Carlos José  Zambrano García-Raez, Carlos José  ,Zambrano García-Raez,GVOX ,M,http://www.congreso.es/portal/page/portal/Congreso/Congreso/Diputados/BusqForm?_piref73_1333155_73_1333154_1333154.next_page=/wc/fichaDiputado?idDiputado=254&idLegislatura=14
JoséZaragozaAlonso,José  Zaragoza Alonso, José  ,Zaragoza Alonso,GS ,M,http://www.congreso.es/portal/page/portal/Congreso/Congreso/Diputados/BusqForm?_piref73_1333155_73_1333154_1333154.next_page=/wc/fichaDiputado?idDiputado=196&idLegislatura=14
AnaMaríaZuritaExpósito,Ana María  Zurita Expósito, Ana María  ,Zurita Expósito,GP ,F,http://www.congreso.es/portal/page/portal/Congreso/Congreso/Diputados/BusqForm?_piref73_1333155_73_1333154_1333154.next_page=/wc/fichaDiputado?idDiputado=111&idLegislatura=14
