unique_id,full_name,first_name,last_name,political_group,political_group_IW,gender,congress_page
Joséluisábalosmeco,José Luis Ábalos Meco, José Luis  ,Ábalos Meco,GPS ,GP. Socialista,M,http://www.congreso.es/portal/page/portal/Congreso/Congreso/Diputados/BusqForm?_piref73_1333155_73_1333154_1333154.next_page=/wc/fichaDiputado?idDiputado=267&idLegislatura=14
Santiagoabascalconde,Santiago  Abascal Conde, Santiago  ,Abascal Conde,GPVOX ,GP. VOX,M,http://www.congreso.es/portal/page/portal/Congreso/Congreso/Diputados/BusqForm?_piref73_1333155_73_1333154_1333154.next_page=/wc/fichaDiputado?idDiputado=43&idLegislatura=14
JoséLuisacevesgalindo,José Luis  Aceves Galindo, José Luis  ,Aceves Galindo,GPS ,GP. Socialista,M,http://www.congreso.es/portal/page/portal/Congreso/Congreso/Diputados/BusqForm?_piref73_1333155_73_1333154_1333154.next_page=/wc/fichaDiputado?idDiputado=56&idLegislatura=14
Josebaandoniagirretxeaurresti,Joseba Andoni  Agirretxea Urresti, Joseba Andoni  ,Agirretxea Urresti,GPV (EAJ-PNV),GP. Vasco (EAJ-PNV),M,http://www.congreso.es/portal/page/portal/Congreso/Congreso/Diputados/BusqForm?_piref73_1333155_73_1333154_1333154.next_page=/wc/fichaDiputado?idDiputado=99&idLegislatura=14
Juanjoséaizcorbetorra,Juan José  Aizcorbe Torra, Juan José  ,Aizcorbe Torra,GPVOX ,GP. VOX,M,http://www.congreso.es/portal/page/portal/Congreso/Congreso/Diputados/BusqForm?_piref73_1333155_73_1333154_1333154.next_page=/wc/fichaDiputado?idDiputado=151&idLegislatura=14
Mertxeaizpuruaarzallus,Mertxe  Aizpurua Arzallus, Mertxe  ,Aizpurua Arzallus,GPEHB,GP. Euskal Herria Bildu,F,http://www.congreso.es/portal/page/portal/Congreso/Congreso/Diputados/BusqForm?_piref73_1333155_73_1333154_1333154.next_page=/wc/fichaDiputado?idDiputado=69&idLegislatura=14
Franciscojoséalcarazmartos,Francisco José  Alcaraz Martos, Francisco José  ,Alcaraz Martos,GPVOX ,GP. VOX,M,http://www.congreso.es/portal/page/portal/Congreso/Congreso/Diputados/BusqForm?_piref73_1333155_73_1333154_1333154.next_page=/wc/fichaDiputado?idDiputado=252&idLegislatura=14
Javieralfonsocendón,Javier  Alfonso Cendón, Javier  ,Alfonso Cendón,GPS ,GP. Socialista,M,http://www.congreso.es/portal/page/portal/Congreso/Congreso/Diputados/BusqForm?_piref73_1333155_73_1333154_1333154.next_page=/wc/fichaDiputado?idDiputado=103&idLegislatura=14
Agustínalmodóbarbarceló,Agustín  Almodóbar Barceló, Agustín  ,Almodóbar Barceló,GPP ,GP. Popular en el congreso,M,http://www.congreso.es/portal/page/portal/Congreso/Congreso/Diputados/BusqForm?_piref73_1333155_73_1333154_1333154.next_page=/wc/fichaDiputado?idDiputado=305&idLegislatura=14
Joséángelalonsopérez,José Ángel  Alonso Pérez, José Ángel  ,Alonso Pérez,GPP ,GP. Popular en el congreso,M,http://www.congreso.es/portal/page/portal/Congreso/Congreso/Diputados/BusqForm?_piref73_1333155_73_1333154_1333154.next_page=/wc/fichaDiputado?idDiputado=244&idLegislatura=14
Maríaolgaalonsosuárez,María Olga  Alonso Suárez, María Olga  ,Alonso Suárez,GPS ,GP. Socialista,F,http://www.congreso.es/portal/page/portal/Congreso/Congreso/Diputados/BusqForm?_piref73_1333155_73_1333154_1333154.next_page=/wc/fichaDiputado?idDiputado=72&idLegislatura=14
Jaumealonso-Cuevillasisayrol,Jaume  Alonso-Cuevillas I Sayrol, Jaume  ,Alonso-Cuevillas i Sayrol,GPPlu ,GP. Plural,M,http://www.congreso.es/portal/page/portal/Congreso/Congreso/Diputados/BusqForm?_piref73_1333155_73_1333154_1333154.next_page=/wc/fichaDiputado?idDiputado=26&idLegislatura=14
Cayetanaalvarezdetoledoperalta-Ramos,Cayetana  Álvarez De Toledo Peralta-Ramos, Cayetana  ,Álvarez de Toledo Peralta-Ramos,GPP ,GP. Popular en el congreso,F,http://www.congreso.es/portal/page/portal/Congreso/Congreso/Diputados/BusqForm?_piref73_1333155_73_1333154_1333154.next_page=/wc/fichaDiputado?idDiputado=308&idLegislatura=14
Beatrizisabelálvarezfanjul,Beatriz  Álvarez Fanjul, Beatriz  ,Álvarez Fanjul,GPP ,GP. Popular en el congreso,F,http://www.congreso.es/portal/page/portal/Congreso/Congreso/Diputados/BusqForm?_piref73_1333155_73_1333154_1333154.next_page=/wc/fichaDiputado?idDiputado=101&idLegislatura=14
Carmenandresañon,Carmen  Andrés Añón, Carmen  ,Andrés Añón,GPS ,GP. Socialista,F,http://www.congreso.es/portal/page/portal/Congreso/Congreso/Diputados/BusqForm?_piref73_1333155_73_1333154_1333154.next_page=/wc/fichaDiputado?idDiputado=204&idLegislatura=14
Josefaandrésbarea,Josefa  Andrés Barea, Josefa  ,Andrés Barea,GPS ,GP. Socialista,F,http://www.congreso.es/portal/page/portal/Congreso/Congreso/Diputados/BusqForm?_piref73_1333155_73_1333154_1333154.next_page=/wc/fichaDiputado?idDiputado=66&idLegislatura=14
Omaranguitapérez,Omar  Anguita Pérez, Omar  ,Anguita Pérez,GPS ,GP. Socialista,M,http://www.congreso.es/portal/page/portal/Congreso/Congreso/Diputados/BusqForm?_piref73_1333155_73_1333154_1333154.next_page=/wc/fichaDiputado?idDiputado=354&idLegislatura=14
Maríateresaanguloromero,María Teresa  Angulo Romero, María Teresa  ,Angulo Romero,GPP ,GP. Popular en el congreso,F,http://www.congreso.es/portal/page/portal/Congreso/Congreso/Diputados/BusqForm?_piref73_1333155_73_1333154_1333154.next_page=/wc/fichaDiputado?idDiputado=113&idLegislatura=14
Javierantóncacho,Javier  Antón Cacho, Javier  ,Antón Cacho,GPS ,GP. Socialista,M,http://www.congreso.es/portal/page/portal/Congreso/Congreso/Diputados/BusqForm?_piref73_1333155_73_1333154_1333154.next_page=/wc/fichaDiputado?idDiputado=100&idLegislatura=14
Carlosaragonésmendiguchía,Carlos  Aragonés Mendiguchía, Carlos  ,Aragonés Mendiguchía,GPP ,GP. Popular en el congreso,M,http://www.congreso.es/portal/page/portal/Congreso/Congreso/Diputados/BusqForm?_piref73_1333155_73_1333154_1333154.next_page=/wc/fichaDiputado?idDiputado=232&idLegislatura=14
Franciscoarandavargas,Francisco  Aranda Vargas, Francisco  ,Aranda Vargas,GPS ,GP. Socialista,M,http://www.congreso.es/portal/page/portal/Congreso/Congreso/Diputados/BusqForm?_piref73_1333155_73_1333154_1333154.next_page=/wc/fichaDiputado?idDiputado=198&idLegislatura=14
Gemmaaraujomorales,Gemma  Araujo Morales, Gemma  ,Araujo Morales,GPS ,GP. Socialista,F,http://www.congreso.es/portal/page/portal/Congreso/Congreso/Diputados/BusqForm?_piref73_1333155_73_1333154_1333154.next_page=/wc/fichaDiputado?idDiputado=364&idLegislatura=14
Manuelarribasmaroto,Manuel  Arribas Maroto, Manuel  ,Arribas Maroto,GPS ,GP. Socialista,M,http://www.congreso.es/portal/page/portal/Congreso/Congreso/Diputados/BusqForm?_piref73_1333155_73_1333154_1333154.next_page=/wc/fichaDiputado?idDiputado=369&idLegislatura=14
Inésarrimadasgarcía,Inés  Arrimadas García, Inés  ,Arrimadas García,GPCs ,GP. Ciudadanos,F,http://www.congreso.es/portal/page/portal/Congreso/Congreso/Diputados/BusqForm?_piref73_1333155_73_1333154_1333154.next_page=/wc/fichaDiputado?idDiputado=331&idLegislatura=14
Albertoasartacuevas,Alberto  Asarta Cuevas, Alberto  ,Asarta Cuevas,GPVOX ,GP. VOX,M,http://www.congreso.es/portal/page/portal/Congreso/Congreso/Diputados/BusqForm?_piref73_1333155_73_1333154_1333154.next_page=/wc/fichaDiputado?idDiputado=129&idLegislatura=14
Jaumeasensllodrà,Jaume  Asens Llodrà, Jaume  ,Asens Llodrà,GPCUP-CP-GC,GP. Confederal De Unidas Podemos-En Comú Podem-Galicia En Común,M,http://www.congreso.es/portal/page/portal/Congreso/Congreso/Diputados/BusqForm?_piref73_1333155_73_1333154_1333154.next_page=/wc/fichaDiputado?idDiputado=291&idLegislatura=14
Lázaroazorínsalar,Lázaro  Azorín Salar, Lázaro  ,Azorín Salar,GPS ,GP. Socialista,M,http://www.congreso.es/portal/page/portal/Congreso/Congreso/Diputados/BusqForm?_piref73_1333155_73_1333154_1333154.next_page=/wc/fichaDiputado?idDiputado=371&idLegislatura=14
Edmundobalfrancés,Edmundo  Bal Francés, Edmundo  ,Bal Francés,GPCs ,GP. Ciudadanos,M,http://www.congreso.es/portal/page/portal/Congreso/Congreso/Diputados/BusqForm?_piref73_1333155_73_1333154_1333154.next_page=/wc/fichaDiputado?idDiputado=211&idLegislatura=14
Joanbaldovíroda,Joan  Baldoví Roda, Joan  ,Baldoví Roda,GPPlu ,GP. Plural,M,http://www.congreso.es/portal/page/portal/Congreso/Congreso/Diputados/BusqForm?_piref73_1333155_73_1333154_1333154.next_page=/wc/fichaDiputado?idDiputado=247&idLegislatura=14
Carmenbañosruiz,Carmen  Baños Ruiz, Carmen  ,Baños Ruiz,GPS ,GP. Socialista,F,http://www.congreso.es/portal/page/portal/Congreso/Congreso/Diputados/BusqForm?_piref73_1333155_73_1333154_1333154.next_page=/wc/fichaDiputado?idDiputado=365&idLegislatura=14
Íñigobarandiaranbenito,Íñigo  Barandiaran Benito, Íñigo  ,Barandiaran Benito,GPV (EAJ-PNV),GP. Vasco (EAJ-PNV),M,http://www.congreso.es/portal/page/portal/Congreso/Congreso/Diputados/BusqForm?_piref73_1333155_73_1333154_1333154.next_page=/wc/fichaDiputado?idDiputado=97&idLegislatura=14
Javierbascorugeira,Javier  Bas Corugeira, Javier  ,Bas Corugeira,GPP ,GP. Popular en el congreso,M,http://www.congreso.es/portal/page/portal/Congreso/Congreso/Diputados/BusqForm?_piref73_1333155_73_1333154_1333154.next_page=/wc/fichaDiputado?idDiputado=118&idLegislatura=14
Montserratbassacoll,Montserrat  Bassa Coll, Montserrat  ,Bassa Coll,GPR ,GP. Republicano,F,http://www.congreso.es/portal/page/portal/Congreso/Congreso/Diputados/BusqForm?_piref73_1333155_73_1333154_1333154.next_page=/wc/fichaDiputado?idDiputado=192&idLegislatura=14
Meritxellbatetlamaña,Meritxell  Batet Lamaña, Meritxell  ,Batet Lamaña,GPS ,GP. Socialista,F,http://www.congreso.es/portal/page/portal/Congreso/Congreso/Diputados/BusqForm?_piref73_1333155_73_1333154_1333154.next_page=/wc/fichaDiputado?idDiputado=215&idLegislatura=14
Ferranbelaccensi,Ferran  Bel Accensi, Ferran  ,Bel Accensi,GPPlu ,GP. Plural,M,http://www.congreso.es/portal/page/portal/Congreso/Congreso/Diputados/BusqForm?_piref73_1333155_73_1333154_1333154.next_page=/wc/fichaDiputado?idDiputado=14&idLegislatura=14
Ionebelarraurteaga,Ione  Belarra Urteaga, Ione  ,Belarra Urteaga,GPCUP-CP-GC,GP. Confederal De Unidas Podemos-En Comú Podem-Galicia En Común,F,http://www.congreso.es/portal/page/portal/Congreso/Congreso/Diputados/BusqForm?_piref73_1333155_73_1333154_1333154.next_page=/wc/fichaDiputado?idDiputado=139&idLegislatura=14
Anamaríabeltránvillalba,Ana María  Beltrán Villalba, Ana María  ,Beltrán Villalba,GPP ,GP. Popular en el congreso,F,http://www.congreso.es/portal/page/portal/Congreso/Congreso/Diputados/BusqForm?_piref73_1333155_73_1333154_1333154.next_page=/wc/fichaDiputado?idDiputado=260&idLegislatura=14
Lauraberjavega,Laura  Berja Vega, Laura  ,Berja Vega,GPS ,GP. Socialista,F,http://www.congreso.es/portal/page/portal/Congreso/Congreso/Diputados/BusqForm?_piref73_1333155_73_1333154_1333154.next_page=/wc/fichaDiputado?idDiputado=70&idLegislatura=14
Joséantoniobermúdezdecastrofernández,José Antonio  Bermúdez De Castro Fernández, José Antonio  ,Bermúdez de Castro Fernández,GPP ,GP. Popular en el congreso,M,http://www.congreso.es/portal/page/portal/Congreso/Congreso/Diputados/BusqForm?_piref73_1333155_73_1333154_1333154.next_page=/wc/fichaDiputado?idDiputado=181&idLegislatura=14
Vicentebetoretcoll,Vicente  Betoret Coll, Vicente  ,Betoret Coll,GPP ,GP. Popular en el congreso,M,http://www.congreso.es/portal/page/portal/Congreso/Congreso/Diputados/BusqForm?_piref73_1333155_73_1333154_1333154.next_page=/wc/fichaDiputado?idDiputado=228&idLegislatura=14
Patriciablanqueralcaraz,Patricia  Blanquer Alcaraz, Patricia  ,Blanquer Alcaraz,GPS ,GP. Socialista,F,http://www.congreso.es/portal/page/portal/Congreso/Congreso/Diputados/BusqForm?_piref73_1333155_73_1333154_1333154.next_page=/wc/fichaDiputado?idDiputado=71&idLegislatura=14
Genísboadellaesteve,Genís  Boadella Esteve, Genís  ,Boadella Esteve,GPPlu ,GP. Plural,M,http://www.congreso.es/portal/page/portal/Congreso/Congreso/Diputados/BusqForm?_piref73_1333155_73_1333154_1333154.next_page=/wc/fichaDiputado?idDiputado=24&idLegislatura=14
Lauraborràscastanyer,Laura  Borràs Castanyer, Laura  ,Borràs Castanyer,GPPlu ,GP. Plural,F,http://www.congreso.es/portal/page/portal/Congreso/Congreso/Diputados/BusqForm?_piref73_1333155_73_1333154_1333154.next_page=/wc/fichaDiputado?idDiputado=25&idLegislatura=14
Mireiaborráspabón,Mireia  Borrás Pabón, Mireia  ,Borrás Pabón,GPVOX ,GP. VOX,F,http://www.congreso.es/portal/page/portal/Congreso/Congreso/Diputados/BusqForm?_piref73_1333155_73_1333154_1333154.next_page=/wc/fichaDiputado?idDiputado=142&idLegislatura=14
Isabelmaríaborregocortés,Isabel María  Borrego Cortés, Isabel María  ,Borrego Cortés,GPP ,GP. Popular en el congreso,F,http://www.congreso.es/portal/page/portal/Congreso/Congreso/Diputados/BusqForm?_piref73_1333155_73_1333154_1333154.next_page=/wc/fichaDiputado?idDiputado=130&idLegislatura=14
Anamaríabotellagómez,Ana María  Botella Gómez, Ana María  ,Botella Gómez,GPS ,GP. Socialista,F,http://www.congreso.es/portal/page/portal/Congreso/Congreso/Diputados/BusqForm?_piref73_1333155_73_1333154_1333154.next_page=/wc/fichaDiputado?idDiputado=238&idLegislatura=14
Albertbotranpahissa,Albert  Botran Pahissa, Albert  ,Botran Pahissa,GPMX,GP. Mixto,M,http://www.congreso.es/portal/page/portal/Congreso/Congreso/Diputados/BusqForm?_piref73_1333155_73_1333154_1333154.next_page=/wc/fichaDiputado?idDiputado=87&idLegislatura=14
Evabravobarco,Eva  Bravo Barco, Eva  ,Bravo Barco,GPS ,GP. Socialista,F,http://www.congreso.es/portal/page/portal/Congreso/Congreso/Diputados/BusqForm?_piref73_1333155_73_1333154_1333154.next_page=/wc/fichaDiputado?idDiputado=281&idLegislatura=14
Evapatriciabuenocampanario,Eva Patricia  Bueno Campanario, Eva Patricia  ,Bueno Campanario,GPS ,GP. Socialista,F,http://www.congreso.es/portal/page/portal/Congreso/Congreso/Diputados/BusqForm?_piref73_1333155_73_1333154_1333154.next_page=/wc/fichaDiputado?idDiputado=314&idLegislatura=14
Helenacaballerogutiérrez,Helena  Caballero Gutiérrez, Helena  ,Caballero Gutiérrez,GPS ,GP. Socialista,F,http://www.congreso.es/portal/page/portal/Congreso/Congreso/Diputados/BusqForm?_piref73_1333155_73_1333154_1333154.next_page=/wc/fichaDiputado?idDiputado=320&idLegislatura=14
Tomáscabezóncasas,Tomás  Cabezón Casas, Tomás  ,Cabezón Casas,GPP ,GP. Popular en el congreso,M,http://www.congreso.es/portal/page/portal/Congreso/Congreso/Diputados/BusqForm?_piref73_1333155_73_1333154_1333154.next_page=/wc/fichaDiputado?idDiputado=28&idLegislatura=14
Juanantoniocallejascano,Juan Antonio  Callejas Cano, Juan Antonio  ,Callejas Cano,GPP ,GP. Popular en el congreso,M,http://www.congreso.es/portal/page/portal/Congreso/Congreso/Diputados/BusqForm?_piref73_1333155_73_1333154_1333154.next_page=/wc/fichaDiputado?idDiputado=35&idLegislatura=14
Pablojuancalvoliste,Pablo Juan  Calvo Liste, Pablo Juan  ,Calvo Liste,GPVOX ,GP. VOX,M,http://www.congreso.es/portal/page/portal/Congreso/Congreso/Diputados/BusqForm?_piref73_1333155_73_1333154_1333154.next_page=/wc/fichaDiputado?idDiputado=213&idLegislatura=14
Carmencalvopoyato,Carmen  Calvo Poyato, Carmen  ,Calvo Poyato,GPS ,GP. Socialista,F,http://www.congreso.es/portal/page/portal/Congreso/Congreso/Diputados/BusqForm?_piref73_1333155_73_1333154_1333154.next_page=/wc/fichaDiputado?idDiputado=258&idLegislatura=14
Pablocambroneropiqueras,Pablo  Cambronero Piqueras, Pablo  ,Cambronero Piqueras,GPCs ,GP. Ciudadanos,M,http://www.congreso.es/portal/page/portal/Congreso/Congreso/Diputados/BusqForm?_piref73_1333155_73_1333154_1333154.next_page=/wc/fichaDiputado?idDiputado=58&idLegislatura=14
Concepcañadellsalvia,Concep  Cañadell Salvia, Concep  ,Cañadell Salvia,GPPlu ,GP. Plural,F,http://www.congreso.es/portal/page/portal/Congreso/Congreso/Diputados/BusqForm?_piref73_1333155_73_1333154_1333154.next_page=/wc/fichaDiputado?idDiputado=21&idLegislatura=14
Marianadegraciacanalesduque,Mariana De Gracia  Canales Duque, Mariana de Gracia  ,Canales Duque,GPS ,GP. Socialista,F,http://www.congreso.es/portal/page/portal/Congreso/Congreso/Diputados/BusqForm?_piref73_1333155_73_1333154_1333154.next_page=/wc/fichaDiputado?idDiputado=3&idLegislatura=14
Pilarcancelarodríguez,Pilar  Cancela Rodríguez, Pilar  ,Cancela Rodríguez,GPS ,GP. Socialista,F,http://www.congreso.es/portal/page/portal/Congreso/Congreso/Diputados/BusqForm?_piref73_1333155_73_1333154_1333154.next_page=/wc/fichaDiputado?idDiputado=292&idLegislatura=14
Inésmaríacañizarespacheco,Inés María  Cañizares Pacheco, Inés María  ,Cañizares Pacheco,GPVOX ,GP. VOX,F,http://www.congreso.es/portal/page/portal/Congreso/Congreso/Diputados/BusqForm?_piref73_1333155_73_1333154_1333154.next_page=/wc/fichaDiputado?idDiputado=152&idLegislatura=14
Zaidacanteradecastro,Zaida  Cantera De Castro, Zaida  ,Cantera de Castro,GPS ,GP. Socialista,F,http://www.congreso.es/portal/page/portal/Congreso/Congreso/Diputados/BusqForm?_piref73_1333155_73_1333154_1333154.next_page=/wc/fichaDiputado?idDiputado=38&idLegislatura=14
Joancapdevilaiesteve,Joan  Capdevila I Esteve, Joan  ,Capdevila i Esteve,GPR ,GP. Republicano,M,http://www.congreso.es/portal/page/portal/Congreso/Congreso/Diputados/BusqForm?_piref73_1333155_73_1333154_1333154.next_page=/wc/fichaDiputado?idDiputado=172&idLegislatura=14
Eduardocarazohermoso,Eduardo  Carazo Hermoso, Eduardo  ,Carazo Hermoso,GPP ,GP. Popular en el congreso,M,http://www.congreso.es/portal/page/portal/Congreso/Congreso/Diputados/BusqForm?_piref73_1333155_73_1333154_1333154.next_page=/wc/fichaDiputado?idDiputado=245&idLegislatura=14
Maríaluisacarcedoroces,María Luisa  Carcedo Roces, María Luisa  ,Carcedo Roces,GPS ,GP. Socialista,F,http://www.congreso.es/portal/page/portal/Congreso/Congreso/Diputados/BusqForm?_piref73_1333155_73_1333154_1333154.next_page=/wc/fichaDiputado?idDiputado=270&idLegislatura=14
Beatrizmicaelacarrillodelosreyes,Beatriz Micaela  Carrillo De Los Reyes, Beatriz Micaela  ,Carrillo de los Reyes,GPS ,GP. Socialista,F,http://www.congreso.es/portal/page/portal/Congreso/Congreso/Diputados/BusqForm?_piref73_1333155_73_1333154_1333154.next_page=/wc/fichaDiputado?idDiputado=280&idLegislatura=14
Maríacarvalhodantas,María  Carvalho Dantas, María  ,Carvalho Dantas,GPR ,GP. Republicano,F,http://www.congreso.es/portal/page/portal/Congreso/Congreso/Diputados/BusqForm?_piref73_1333155_73_1333154_1333154.next_page=/wc/fichaDiputado?idDiputado=190&idLegislatura=14
Pablocasadoblanco,Pablo  Casado Blanco, Pablo  ,Casado Blanco,GPP ,GP. Popular en el congreso,M,http://www.congreso.es/portal/page/portal/Congreso/Congreso/Diputados/BusqForm?_piref73_1333155_73_1333154_1333154.next_page=/wc/fichaDiputado?idDiputado=307&idLegislatura=14
Pedrocasareshontañón,Pedro  Casares Hontañón, Pedro  ,Casares Hontañón,GPS ,GP. Socialista,M,http://www.congreso.es/portal/page/portal/Congreso/Congreso/Diputados/BusqForm?_piref73_1333155_73_1333154_1333154.next_page=/wc/fichaDiputado?idDiputado=347&idLegislatura=14
Albertocaseroávila,Alberto  Casero Ávila, Alberto  ,Casero Ávila,GPP ,GP. Popular en el congreso,M,http://www.congreso.es/portal/page/portal/Congreso/Congreso/Diputados/BusqForm?_piref73_1333155_73_1333154_1333154.next_page=/wc/fichaDiputado?idDiputado=283&idLegislatura=14
Miguelángelcastellónrubio,Miguel Ángel  Castellón Rubio, Miguel Ángel  ,Castellón Rubio,GPP ,GP. Popular en el congreso,M,http://www.congreso.es/portal/page/portal/Congreso/Congreso/Diputados/BusqForm?_piref73_1333155_73_1333154_1333154.next_page=/wc/fichaDiputado?idDiputado=74&idLegislatura=14
Elenacastillolópez,Elena  Castillo López, Elena  ,Castillo López,GPP ,GP. Popular en el congreso,F,http://www.congreso.es/portal/page/portal/Congreso/Congreso/Diputados/BusqForm?_piref73_1333155_73_1333154_1333154.next_page=/wc/fichaDiputado?idDiputado=77&idLegislatura=14
Santoscerdánleón,Santos  Cerdán León, Santos  ,Cerdán León,GPS ,GP. Socialista,M,http://www.congreso.es/portal/page/portal/Congreso/Congreso/Diputados/BusqForm?_piref73_1333155_73_1333154_1333154.next_page=/wc/fichaDiputado?idDiputado=163&idLegislatura=14
Javiercerqueirogonzález,Javier  Cerqueiro González, Javier  ,Cerqueiro González,GPS ,GP. Socialista,M,http://www.congreso.es/portal/page/portal/Congreso/Congreso/Diputados/BusqForm?_piref73_1333155_73_1333154_1333154.next_page=/wc/fichaDiputado?idDiputado=47&idLegislatura=14
Ricardochamorrodelmo,Ricardo  Chamorro Delmo, Ricardo  ,Chamorro Delmo,GPVOX ,GP. VOX,M,http://www.congreso.es/portal/page/portal/Congreso/Congreso/Diputados/BusqForm?_piref73_1333155_73_1333154_1333154.next_page=/wc/fichaDiputado?idDiputado=125&idLegislatura=14
Óscarclavelllópez,Óscar  Clavell López, Óscar  ,Clavell López,GPP ,GP. Popular en el congreso,M,http://www.congreso.es/portal/page/portal/Congreso/Congreso/Diputados/BusqForm?_piref73_1333155_73_1333154_1333154.next_page=/wc/fichaDiputado?idDiputado=108&idLegislatura=14
Franciscojosécontreraspeláez,Francisco José  Contreras Peláez, Francisco José  ,Contreras Peláez,GPVOX ,GP. VOX,M,http://www.congreso.es/portal/page/portal/Congreso/Congreso/Diputados/BusqForm?_piref73_1333155_73_1333154_1333154.next_page=/wc/fichaDiputado?idDiputado=229&idLegislatura=14
Mariocortéscarballo,Mario  Cortés Carballo, Mario  ,Cortés Carballo,GPP ,GP. Popular en el congreso,M,http://www.congreso.es/portal/page/portal/Congreso/Congreso/Diputados/BusqForm?_piref73_1333155_73_1333154_1333154.next_page=/wc/fichaDiputado?idDiputado=317&idLegislatura=14
Ismaelcortésgómez,Ismael  Cortés Gómez, Ismael  ,Cortés Gómez,GPCUP-CP-GC,GP. Confederal De Unidas Podemos-En Comú Podem-Galicia En Común,M,http://www.congreso.es/portal/page/portal/Congreso/Congreso/Diputados/BusqForm?_piref73_1333155_73_1333154_1333154.next_page=/wc/fichaDiputado?idDiputado=350&idLegislatura=14
Rafaelacrespínrubio,Rafaela  Crespín Rubio, Rafaela  ,Crespín Rubio,GPS ,GP. Socialista,F,http://www.congreso.es/portal/page/portal/Congreso/Congreso/Diputados/BusqForm?_piref73_1333155_73_1333154_1333154.next_page=/wc/fichaDiputado?idDiputado=107&idLegislatura=14
Maríasoledadcruz-Guzmángarcía,María Soledad  Cruz-Guzmán García, María Soledad  ,Cruz-Guzmán García,GPP ,GP. Popular en el congreso,F,http://www.congreso.es/portal/page/portal/Congreso/Congreso/Diputados/BusqForm?_piref73_1333155_73_1333154_1333154.next_page=/wc/fichaDiputado?idDiputado=159&idLegislatura=14
Juancuatrecasasasua,Juan  Cuatrecasas Asua, Juan  ,Cuatrecasas Asua,GPS ,GP. Socialista,M,http://www.congreso.es/portal/page/portal/Congreso/Congreso/Diputados/BusqForm?_piref73_1333155_73_1333154_1333154.next_page=/wc/fichaDiputado?idDiputado=303&idLegislatura=14
Patriciadelasherasfernández,Patricia  De Las Heras Fernández, Patricia  ,De las Heras Fernández,GPVOX ,GP. VOX,F,http://www.congreso.es/portal/page/portal/Congreso/Congreso/Diputados/BusqForm?_piref73_1333155_73_1333154_1333154.next_page=/wc/fichaDiputado?idDiputado=248&idLegislatura=14
Llanosdelunatobarra,Llanos  De Luna Tobarra, Llanos  ,De Luna Tobarra,GPP ,GP. Popular en el congreso,F,http://www.congreso.es/portal/page/portal/Congreso/Congreso/Diputados/BusqForm?_piref73_1333155_73_1333154_1333154.next_page=/wc/fichaDiputado?idDiputado=157&idLegislatura=14
Rocíodemeerméndez,Rocío  De Meer Méndez, Rocío  ,De Meer Méndez,GPVOX ,GP. VOX,F,http://www.congreso.es/portal/page/portal/Congreso/Congreso/Diputados/BusqForm?_piref73_1333155_73_1333154_1333154.next_page=/wc/fichaDiputado?idDiputado=340&idLegislatura=14
Juliodelvalledeiscar,Julio  Del Valle De Iscar, Julio  ,Del Valle de Iscar,GPS ,GP. Socialista,M,http://www.congreso.es/portal/page/portal/Congreso/Congreso/Diputados/BusqForm?_piref73_1333155_73_1333154_1333154.next_page=/wc/fichaDiputado?idDiputado=360&idLegislatura=14
Emiliojesúsdelvallerodríguez,Emilio Jesús  Del Valle Rodríguez, Emilio Jesús  ,Del Valle Rodríguez,GPVOX ,GP. VOX,M,http://www.congreso.es/portal/page/portal/Congreso/Congreso/Diputados/BusqForm?_piref73_1333155_73_1333154_1333154.next_page=/wc/fichaDiputado?idDiputado=175&idLegislatura=14
Celsoluisdelgadoarce,Celso Luis  Delgado Arce, Celso Luis  ,Delgado Arce,GPP ,GP. Popular en el congreso,M,http://www.congreso.es/portal/page/portal/Congreso/Congreso/Diputados/BusqForm?_piref73_1333155_73_1333154_1333154.next_page=/wc/fichaDiputado?idDiputado=116&idLegislatura=14
Guillermodíazgómez,Guillermo  Díaz Gómez, Guillermo  ,Díaz Gómez,GPCs ,GP. Ciudadanos,M,http://www.congreso.es/portal/page/portal/Congreso/Congreso/Diputados/BusqForm?_piref73_1333155_73_1333154_1333154.next_page=/wc/fichaDiputado?idDiputado=122&idLegislatura=14
Yolandadíazpérez,Yolanda  Díaz Pérez, Yolanda  ,Díaz Pérez,GPCUP-CP-GC,GP. Confederal De Unidas Podemos-En Comú Podem-Galicia En Común,F,http://www.congreso.es/portal/page/portal/Congreso/Congreso/Diputados/BusqForm?_piref73_1333155_73_1333154_1333154.next_page=/wc/fichaDiputado?idDiputado=171&idLegislatura=14
Lucandredioufdioh,Luc Andre  Diouf Dioh, Luc Andre  ,Diouf Dioh,GPS ,GP. Socialista,M,http://www.congreso.es/portal/page/portal/Congreso/Congreso/Diputados/BusqForm?_piref73_1333155_73_1333154_1333154.next_page=/wc/fichaDiputado?idDiputado=221&idLegislatura=14
Josécarlosduránperalta,José Carlos  Durán Peralta, José Carlos  ,Durán Peralta,GPS ,GP. Socialista,M,http://www.congreso.es/portal/page/portal/Congreso/Congreso/Diputados/BusqForm?_piref73_1333155_73_1333154_1333154.next_page=/wc/fichaDiputado?idDiputado=342&idLegislatura=14
Joséignacioechánizsalgado,José Ignacio  Echániz Salgado, José Ignacio  ,Echániz Salgado,GPP ,GP. Popular en el congreso,M,http://www.congreso.es/portal/page/portal/Congreso/Congreso/Diputados/BusqForm?_piref73_1333155_73_1333154_1333154.next_page=/wc/fichaDiputado?idDiputado=89&idLegislatura=14
Pabloecheniquerobba,Pablo  Echenique Robba, Pablo  ,Echenique Robba,GPCUP-CP-GC,GP. Confederal De Unidas Podemos-En Comú Podem-Galicia En Común,M,http://www.congreso.es/portal/page/portal/Congreso/Congreso/Diputados/BusqForm?_piref73_1333155_73_1333154_1333154.next_page=/wc/fichaDiputado?idDiputado=13&idLegislatura=14
Maríagloriaelizoserrano,María Gloria  Elizo Serrano, María Gloria  ,Elizo Serrano,GPCUP-CP-GC,GP. Confederal De Unidas Podemos-En Comú Podem-Galicia En Común,F,http://www.congreso.es/portal/page/portal/Congreso/Congreso/Diputados/BusqForm?_piref73_1333155_73_1333154_1333154.next_page=/wc/fichaDiputado?idDiputado=300&idLegislatura=14
Odónelorzagonzález,Odón  Elorza González, Odón  ,Elorza González,GPS ,GP. Socialista,M,http://www.congreso.es/portal/page/portal/Congreso/Congreso/Diputados/BusqForm?_piref73_1333155_73_1333154_1333154.next_page=/wc/fichaDiputado?idDiputado=324&idLegislatura=14
Francescxaviereritjaciuró,Francesc Xavier  Eritja Ciuró, Francesc Xavier  ,Eritja Ciuró,GPR ,GP. Republicano,M,http://www.congreso.es/portal/page/portal/Congreso/Congreso/Diputados/BusqForm?_piref73_1333155_73_1333154_1333154.next_page=/wc/fichaDiputado?idDiputado=186&idLegislatura=14
Íñigoerrejóngalván,Íñigo  Errejón Galván, Íñigo  ,Errejón Galván,GPPlu ,GP. Plural,M,http://www.congreso.es/portal/page/portal/Congreso/Congreso/Diputados/BusqForm?_piref73_1333155_73_1333154_1333154.next_page=/wc/fichaDiputado?idDiputado=233&idLegislatura=14
Carolinaespañareina,Carolina  España Reina, Carolina  ,España Reina,GPP ,GP. Popular en el congreso,F,http://www.congreso.es/portal/page/portal/Congreso/Congreso/Diputados/BusqForm?_piref73_1333155_73_1333154_1333154.next_page=/wc/fichaDiputado?idDiputado=316&idLegislatura=14
Josémaríaespejo-Saavedraconesa,José María  Espejo-Saavedra Conesa, José María  ,Espejo-Saavedra Conesa,GPCs ,GP. Ciudadanos,M,http://www.congreso.es/portal/page/portal/Congreso/Congreso/Diputados/BusqForm?_piref73_1333155_73_1333154_1333154.next_page=/wc/fichaDiputado?idDiputado=257&idLegislatura=14
Ivánespinosadelosmonterosdesimón,Iván  Espinosa De Los Monteros De Simón, Iván  ,Espinosa de los Monteros de Simón,GPVOX ,GP. VOX,M,http://www.congreso.es/portal/page/portal/Congreso/Congreso/Diputados/BusqForm?_piref73_1333155_73_1333154_1333154.next_page=/wc/fichaDiputado?idDiputado=83&idLegislatura=14
Aitorestebanbravo,Aitor  Esteban Bravo, Aitor  ,Esteban Bravo,GPV (EAJ-PNV),GP. Vasco (EAJ-PNV),M,http://www.congreso.es/portal/page/portal/Congreso/Congreso/Diputados/BusqForm?_piref73_1333155_73_1333154_1333154.next_page=/wc/fichaDiputado?idDiputado=94&idLegislatura=14
Cristinaaliciaestebancalonje,Cristina Alicia  Esteban Calonje, Cristina Alicia  ,Esteban Calonje,GPVOX ,GP. VOX,F,http://www.congreso.es/portal/page/portal/Congreso/Congreso/Diputados/BusqForm?_piref73_1333155_73_1333154_1333154.next_page=/wc/fichaDiputado?idDiputado=297&idLegislatura=14
Antidiofagúndezcampo,Antidio  Fagúndez Campo, Antidio  ,Fagúndez Campo,GPS ,GP. Socialista,M,http://www.congreso.es/portal/page/portal/Congreso/Congreso/Diputados/BusqForm?_piref73_1333155_73_1333154_1333154.next_page=/wc/fichaDiputado?idDiputado=4&idLegislatura=14
Maríaluisafanecalópez,María Luisa  Faneca López, María Luisa  ,Faneca López,GPS ,GP. Socialista,F,http://www.congreso.es/portal/page/portal/Congreso/Congreso/Diputados/BusqForm?_piref73_1333155_73_1333154_1333154.next_page=/wc/fichaDiputado?idDiputado=253&idLegislatura=14
Andreafernándezbenéitez,Andrea  Fernández Benéitez, Andrea  ,Fernández Benéitez,GPS ,GP. Socialista,F,http://www.congreso.es/portal/page/portal/Congreso/Congreso/Diputados/BusqForm?_piref73_1333155_73_1333154_1333154.next_page=/wc/fichaDiputado?idDiputado=102&idLegislatura=14
Anabelénfernándezcasero,Ana Belén  Fernández Casero, Ana Belén  ,Fernández Casero,GPS ,GP. Socialista,F,http://www.congreso.es/portal/page/portal/Congreso/Congreso/Diputados/BusqForm?_piref73_1333155_73_1333154_1333154.next_page=/wc/fichaDiputado?idDiputado=230&idLegislatura=14
Sofíafernándezcastañón,Sofía  Fernández Castañón, Sofía  ,Fernández Castañón,GPCUP-CP-GC,GP. Confederal De Unidas Podemos-En Comú Podem-Galicia En Común,F,http://www.congreso.es/portal/page/portal/Congreso/Congreso/Diputados/BusqForm?_piref73_1333155_73_1333154_1333154.next_page=/wc/fichaDiputado?idDiputado=272&idLegislatura=14
Pedrofernándezhernández,Pedro  Fernández Hernández, Pedro  ,Fernández Hernández,GPVOX ,GP. VOX,M,http://www.congreso.es/portal/page/portal/Congreso/Congreso/Diputados/BusqForm?_piref73_1333155_73_1333154_1333154.next_page=/wc/fichaDiputado?idDiputado=146&idLegislatura=14
Tomásfernándezríos,Tomás  Fernández Ríos, Tomás  ,Fernández Ríos,GPVOX ,GP. VOX,M,http://www.congreso.es/portal/page/portal/Congreso/Congreso/Diputados/BusqForm?_piref73_1333155_73_1333154_1333154.next_page=/wc/fichaDiputado?idDiputado=330&idLegislatura=14
Rafaelfernández-Lomanagutiérrez,Rafael  Fernández-Lomana Gutiérrez, Rafael  ,Fernández-Lomana Gutiérrez,GPVOX ,GP. VOX,M,http://www.congreso.es/portal/page/portal/Congreso/Congreso/Diputados/BusqForm?_piref73_1333155_73_1333154_1333154.next_page=/wc/fichaDiputado?idDiputado=294&idLegislatura=14
Carloshugofernández-Rocasuárez,Carlos Hugo  Fernández-Roca Suárez, Carlos Hugo  ,Fernández-Roca Suárez,GPVOX ,GP. VOX,M,http://www.congreso.es/portal/page/portal/Congreso/Congreso/Diputados/BusqForm?_piref73_1333155_73_1333154_1333154.next_page=/wc/fichaDiputado?idDiputado=298&idLegislatura=14
Soniaferrertesoro,Sonia  Ferrer Tesoro, Sonia  ,Ferrer Tesoro,GPS ,GP. Socialista,F,http://www.congreso.es/portal/page/portal/Congreso/Congreso/Diputados/BusqForm?_piref73_1333155_73_1333154_1333154.next_page=/wc/fichaDiputado?idDiputado=114&idLegislatura=14
Josémaríafigaredoálvarez-Sala,José María  Figaredo Álvarez-Sala, José María  ,Figaredo Álvarez-Sala,GPVOX ,GP. VOX,M,http://www.congreso.es/portal/page/portal/Congreso/Congreso/Diputados/BusqForm?_piref73_1333155_73_1333154_1333154.next_page=/wc/fichaDiputado?idDiputado=318&idLegislatura=14
Isabelfrancocarmona,Isabel  Franco Carmona, Isabel  ,Franco Carmona,GPCUP-CP-GC,GP. Confederal De Unidas Podemos-En Comú Podem-Galicia En Común,F,http://www.congreso.es/portal/page/portal/Congreso/Congreso/Diputados/BusqForm?_piref73_1333155_73_1333154_1333154.next_page=/wc/fichaDiputado?idDiputado=321&idLegislatura=14
Juanbernardofuentescurbelo,Juan Bernardo  Fuentes Curbelo, Juan Bernardo  ,Fuentes Curbelo,GPS ,GP. Socialista,M,http://www.congreso.es/portal/page/portal/Congreso/Congreso/Diputados/BusqForm?_piref73_1333155_73_1333154_1333154.next_page=/wc/fichaDiputado?idDiputado=359&idLegislatura=14
Diegogagobugarín,Diego  Gago Bugarín, Diego  ,Gago Bugarín,GPP ,GP. Popular en el congreso,M,http://www.congreso.es/portal/page/portal/Congreso/Congreso/Diputados/BusqForm?_piref73_1333155_73_1333154_1333154.next_page=/wc/fichaDiputado?idDiputado=121&idLegislatura=14
Concepcióngamarraruiz-Clavijo,Concepción  Gamarra Ruiz-Clavijo, Concepción  ,Gamarra Ruiz-Clavijo,GPP ,GP. Popular en el congreso,F,http://www.congreso.es/portal/page/portal/Congreso/Congreso/Diputados/BusqForm?_piref73_1333155_73_1333154_1333154.next_page=/wc/fichaDiputado?idDiputado=261&idLegislatura=14
Óscargamazomicó,Óscar  Gamazo Micó, Óscar  ,Gamazo Micó,GPP ,GP. Popular en el congreso,M,http://www.congreso.es/portal/page/portal/Congreso/Congreso/Diputados/BusqForm?_piref73_1333155_73_1333154_1333154.next_page=/wc/fichaDiputado?idDiputado=212&idLegislatura=14
Mariogarcéssanagustín,Mario  Garcés Sanagustín, Mario  ,Garcés Sanagustín,GPP ,GP. Popular en el congreso,M,http://www.congreso.es/portal/page/portal/Congreso/Congreso/Diputados/BusqForm?_piref73_1333155_73_1333154_1333154.next_page=/wc/fichaDiputado?idDiputado=219&idLegislatura=14
Carlosgarcíaadanero,Carlos  García Adanero, Carlos  ,García Adanero,GPMX,GP. Mixto,M,http://www.congreso.es/portal/page/portal/Congreso/Congreso/Diputados/BusqForm?_piref73_1333155_73_1333154_1333154.next_page=/wc/fichaDiputado?idDiputado=127&idLegislatura=14
Maríamontserratgarcíachavarría,María Montserrat  García Chavarría, María Montserrat  ,García Chavarría,GPS ,GP. Socialista,F,http://www.congreso.es/portal/page/portal/Congreso/Congreso/Diputados/BusqForm?_piref73_1333155_73_1333154_1333154.next_page=/wc/fichaDiputado?idDiputado=304&idLegislatura=14
Joaquínmaríagarcíadíez,Joaquín María  García Díez, Joaquín María  ,García Díez,GPP ,GP. Popular en el congreso,M,http://www.congreso.es/portal/page/portal/Congreso/Congreso/Diputados/BusqForm?_piref73_1333155_73_1333154_1333154.next_page=/wc/fichaDiputado?idDiputado=11&idLegislatura=14
Teodorogarcíaegea,Teodoro  García Egea, Teodoro  ,García Egea,GPP ,GP. Popular en el congreso,M,http://www.congreso.es/portal/page/portal/Congreso/Congreso/Diputados/BusqForm?_piref73_1333155_73_1333154_1333154.next_page=/wc/fichaDiputado?idDiputado=310&idLegislatura=14
Valentíngarcíagómez,Valentín  García Gómez, Valentín  ,García Gómez,GPS ,GP. Socialista,M,http://www.congreso.es/portal/page/portal/Congreso/Congreso/Diputados/BusqForm?_piref73_1333155_73_1333154_1333154.next_page=/wc/fichaDiputado?idDiputado=226&idLegislatura=14
Maribelgarcíalópez,Maribel  García López, Maribel  ,García López,GPS ,GP. Socialista,F,http://www.congreso.es/portal/page/portal/Congreso/Congreso/Diputados/BusqForm?_piref73_1333155_73_1333154_1333154.next_page=/wc/fichaDiputado?idDiputado=39&idLegislatura=14
Robertogarcíamorís,Roberto  García Morís, Roberto  ,García Morís,GPS ,GP. Socialista,M,http://www.congreso.es/portal/page/portal/Congreso/Congreso/Diputados/BusqForm?_piref73_1333155_73_1333154_1333154.next_page=/wc/fichaDiputado?idDiputado=231&idLegislatura=14
Maríadelmargarcíapuig,María Del Mar  García Puig, María del Mar  ,García Puig,GPCUP-CP-GC,GP. Confederal De Unidas Podemos-En Comú Podem-Galicia En Común,F,http://www.congreso.es/portal/page/portal/Congreso/Congreso/Diputados/BusqForm?_piref73_1333155_73_1333154_1333154.next_page=/wc/fichaDiputado?idDiputado=265&idLegislatura=14
Aliciagarcíarodríguez,Alicia  García Rodríguez, Alicia  ,García Rodríguez,GPP ,GP. Popular en el congreso,F,http://www.congreso.es/portal/page/portal/Congreso/Congreso/Diputados/BusqForm?_piref73_1333155_73_1333154_1333154.next_page=/wc/fichaDiputado?idDiputado=50&idLegislatura=14
Maríajoségarcía-Pelayojurado,María José  García-Pelayo Jurado, María José  ,García-Pelayo Jurado,GPP ,GP. Popular en el congreso,F,http://www.congreso.es/portal/page/portal/Congreso/Congreso/Diputados/BusqForm?_piref73_1333155_73_1333154_1333154.next_page=/wc/fichaDiputado?idDiputado=17&idLegislatura=14
Pilargarridogutiérrez,Pilar  Garrido Gutiérrez, Pilar  ,Garrido Gutiérrez,GPCUP-CP-GC,GP. Confederal De Unidas Podemos-En Comú Podem-Galicia En Común,F,http://www.congreso.es/portal/page/portal/Congreso/Congreso/Diputados/BusqForm?_piref73_1333155_73_1333154_1333154.next_page=/wc/fichaDiputado?idDiputado=210&idLegislatura=14
Ignaciogarrigavazdeconcicao,Ignacio  Garriga Vaz De Concicao, Ignacio  ,Garriga Vaz de Concicao,GPVOX ,GP. VOX,M,http://www.congreso.es/portal/page/portal/Congreso/Congreso/Diputados/BusqForm?_piref73_1333155_73_1333154_1333154.next_page=/wc/fichaDiputado?idDiputado=150&idLegislatura=14
Albertogarzónespinosa,Alberto  Garzón Espinosa, Alberto  ,Garzón Espinosa,GPCUP-CP-GC,GP. Confederal De Unidas Podemos-En Comú Podem-Galicia En Común,M,http://www.congreso.es/portal/page/portal/Congreso/Congreso/Diputados/BusqForm?_piref73_1333155_73_1333154_1333154.next_page=/wc/fichaDiputado?idDiputado=12&idLegislatura=14
Palomagázquezcollado,Paloma  Gázquez Collado, Paloma  ,Gázquez Collado,GPP ,GP. Popular en el congreso,F,http://www.congreso.es/portal/page/portal/Congreso/Congreso/Diputados/BusqForm?_piref73_1333155_73_1333154_1333154.next_page=/wc/fichaDiputado?idDiputado=279&idLegislatura=14
Luisgestosodemiguel,Luis  Gestoso De Miguel, Luis  ,Gestoso de Miguel,GPVOX ,GP. VOX,M,http://www.congreso.es/portal/page/portal/Congreso/Congreso/Diputados/BusqForm?_piref73_1333155_73_1333154_1333154.next_page=/wc/fichaDiputado?idDiputado=131&idLegislatura=14
Ignaciogillázaro,Ignacio  Gil Lázaro, Ignacio  ,Gil Lázaro,GPVOX ,GP. VOX,M,http://www.congreso.es/portal/page/portal/Congreso/Congreso/Diputados/BusqForm?_piref73_1333155_73_1333154_1333154.next_page=/wc/fichaDiputado?idDiputado=295&idLegislatura=14
Saragiménezgiménez,Sara  Giménez Giménez, Sara  ,Giménez Giménez,GPCs ,GP. Ciudadanos,F,http://www.congreso.es/portal/page/portal/Congreso/Congreso/Diputados/BusqForm?_piref73_1333155_73_1333154_1333154.next_page=/wc/fichaDiputado?idDiputado=169&idLegislatura=14
Héctorgómezhernández,Héctor  Gómez Hernández, Héctor  ,Gómez Hernández,GPS ,GP. Socialista,M,http://www.congreso.es/portal/page/portal/Congreso/Congreso/Diputados/BusqForm?_piref73_1333155_73_1333154_1333154.next_page=/wc/fichaDiputado?idDiputado=104&idLegislatura=14
Antoniogómez-Reinovarela,Antonio  Gómez-Reino Varela, Antonio  ,Gómez-Reino Varela,GPCUP-CP-GC,GP. Confederal De Unidas Podemos-En Comú Podem-Galicia En Común,M,http://www.congreso.es/portal/page/portal/Congreso/Congreso/Diputados/BusqForm?_piref73_1333155_73_1333154_1333154.next_page=/wc/fichaDiputado?idDiputado=176&idLegislatura=14
Miguelángelgonzálezcaballero,Miguel Ángel  González Caballero, Miguel Ángel  ,González Caballero,GPS ,GP. Socialista,M,http://www.congreso.es/portal/page/portal/Congreso/Congreso/Diputados/BusqForm?_piref73_1333155_73_1333154_1333154.next_page=/wc/fichaDiputado?idDiputado=222&idLegislatura=14
Víctorgonzálezcoellodeportugal,Víctor  González Coello De Portugal, Víctor  ,González Coello de Portugal,GPVOX ,GP. VOX,M,http://www.congreso.es/portal/page/portal/Congreso/Congreso/Diputados/BusqForm?_piref73_1333155_73_1333154_1333154.next_page=/wc/fichaDiputado?idDiputado=76&idLegislatura=14
Maríadelcarmengonzálezguinda,María Del Carmen  González Guinda, María del Carmen  ,González Guinda,GPP ,GP. Popular en el congreso,F,http://www.congreso.es/portal/page/portal/Congreso/Congreso/Diputados/BusqForm?_piref73_1333155_73_1333154_1333154.next_page=/wc/fichaDiputado?idDiputado=288&idLegislatura=14
Ariagonagonzálezpérez,Ariagona  González Pérez, Ariagona  ,González Pérez,GPS ,GP. Socialista,F,http://www.congreso.es/portal/page/portal/Congreso/Congreso/Diputados/BusqForm?_piref73_1333155_73_1333154_1333154.next_page=/wc/fichaDiputado?idDiputado=164&idLegislatura=14
Manuelgabrielgonzálezramos,Manuel Gabriel  González Ramos, Manuel Gabriel  ,González Ramos,GPS ,GP. Socialista,M,http://www.congreso.es/portal/page/portal/Congreso/Congreso/Diputados/BusqForm?_piref73_1333155_73_1333154_1333154.next_page=/wc/fichaDiputado?idDiputado=147&idLegislatura=14
Antoniogonzálezterol,Antonio  González Terol, Antonio  ,González Terol,GPP ,GP. Popular en el congreso,M,http://www.congreso.es/portal/page/portal/Congreso/Congreso/Diputados/BusqForm?_piref73_1333155_73_1333154_1333154.next_page=/wc/fichaDiputado?idDiputado=166&idLegislatura=14
Martagonzálezvázquez,Marta  González Vázquez, Marta  ,González Vázquez,GPP ,GP. Popular en el congreso,F,http://www.congreso.es/portal/page/portal/Congreso/Congreso/Diputados/BusqForm?_piref73_1333155_73_1333154_1333154.next_page=/wc/fichaDiputado?idDiputado=237&idLegislatura=14
Josunegorospeelezcano,Josune  Gorospe Elezcano, Josune  ,Gorospe Elezcano,GPV (EAJ-PNV),GP. Vasco (EAJ-PNV),F,http://www.congreso.es/portal/page/portal/Congreso/Congreso/Diputados/BusqForm?_piref73_1333155_73_1333154_1333154.next_page=/wc/fichaDiputado?idDiputado=96&idLegislatura=14
Inésgranollerscunillera,Inés  Granollers Cunillera, Inés  ,Granollers Cunillera,GPR ,GP. Republicano,F,http://www.congreso.es/portal/page/portal/Congreso/Congreso/Diputados/BusqForm?_piref73_1333155_73_1333154_1333154.next_page=/wc/fichaDiputado?idDiputado=183&idLegislatura=14
Sandraguaitaesteruelas,Sandra  Guaita Esteruelas, Sandra  ,Guaita Esteruelas,GPS ,GP. Socialista,F,http://www.congreso.es/portal/page/portal/Congreso/Congreso/Diputados/BusqForm?_piref73_1333155_73_1333154_1333154.next_page=/wc/fichaDiputado?idDiputado=208&idLegislatura=14
Soniaguerralópez,Sonia  Guerra López, Sonia  ,Guerra López,GPS ,GP. Socialista,F,http://www.congreso.es/portal/page/portal/Congreso/Congreso/Diputados/BusqForm?_piref73_1333155_73_1333154_1333154.next_page=/wc/fichaDiputado?idDiputado=357&idLegislatura=14
Maríaguijarroceballos,María  Guijarro Ceballos, María  ,Guijarro Ceballos,GPS ,GP. Socialista,F,http://www.congreso.es/portal/page/portal/Congreso/Congreso/Diputados/BusqForm?_piref73_1333155_73_1333154_1333154.next_page=/wc/fichaDiputado?idDiputado=136&idLegislatura=14
Txemaguijarrogarcía,Txema  Guijarro García, Txema  ,Guijarro García,GPCUP-CP-GC,GP. Confederal De Unidas Podemos-En Comú Podem-Galicia En Común,M,http://www.congreso.es/portal/page/portal/Congreso/Congreso/Diputados/BusqForm?_piref73_1333155_73_1333154_1333154.next_page=/wc/fichaDiputado?idDiputado=344&idLegislatura=14
Lídiaguinartmoreno,Lídia  Guinart Moreno, Lídia  ,Guinart Moreno,GPS ,GP. Socialista,F,http://www.congreso.es/portal/page/portal/Congreso/Congreso/Diputados/BusqForm?_piref73_1333155_73_1333154_1333154.next_page=/wc/fichaDiputado?idDiputado=202&idLegislatura=14
Tomásguitartegimeno,Tomás  Guitarte Gimeno, Tomás  ,Guitarte Gimeno,GPMX,GP. Mixto,M,http://www.congreso.es/portal/page/portal/Congreso/Congreso/Diputados/BusqForm?_piref73_1333155_73_1333154_1333154.next_page=/wc/fichaDiputado?idDiputado=306&idLegislatura=14
Fernandoadolfogutiérrezdíazdeotazu,Fernando Adolfo  Gutiérrez Díaz De Otazu, Fernando Adolfo  ,Gutiérrez Díaz de Otazu,GPP ,GP. Popular en el congreso,M,http://www.congreso.es/portal/page/portal/Congreso/Congreso/Diputados/BusqForm?_piref73_1333155_73_1333154_1333154.next_page=/wc/fichaDiputado?idDiputado=149&idLegislatura=14
Sergiogutiérrezprieto,Sergio  Gutiérrez Prieto, Sergio  ,Gutiérrez Prieto,GPS ,GP. Socialista,M,http://www.congreso.es/portal/page/portal/Congreso/Congreso/Diputados/BusqForm?_piref73_1333155_73_1333154_1333154.next_page=/wc/fichaDiputado?idDiputado=180&idLegislatura=14
Indaleciogutiérrezsalinas,Indalecio  Gutiérrez Salinas, Indalecio  ,Gutiérrez Salinas,GPS ,GP. Socialista,M,http://www.congreso.es/portal/page/portal/Congreso/Congreso/Diputados/BusqForm?_piref73_1333155_73_1333154_1333154.next_page=/wc/fichaDiputado?idDiputado=358&idLegislatura=14
Sofíahernanzcosta,Sofía  Hernanz Costa, Sofía  ,Hernanz Costa,GPS ,GP. Socialista,F,http://www.congreso.es/portal/page/portal/Congreso/Congreso/Diputados/BusqForm?_piref73_1333155_73_1333154_1333154.next_page=/wc/fichaDiputado?idDiputado=289&idLegislatura=14
Joséalbertoherrerobono,José Alberto  Herrero Bono, José Alberto  ,Herrero Bono,GPP ,GP. Popular en el congreso,M,http://www.congreso.es/portal/page/portal/Congreso/Congreso/Diputados/BusqForm?_piref73_1333155_73_1333154_1333154.next_page=/wc/fichaDiputado?idDiputado=239&idLegislatura=14
Pablohispániglesiasdeussel,Pablo  Hispán Iglesias De Ussel, Pablo  ,Hispán Iglesias de Ussel,GPP ,GP. Popular en el congreso,M,http://www.congreso.es/portal/page/portal/Congreso/Congreso/Diputados/BusqForm?_piref73_1333155_73_1333154_1333154.next_page=/wc/fichaDiputado?idDiputado=309&idLegislatura=14
Pedroantoniohonrubiahurtado,Pedro Antonio  Honrubia Hurtado, Pedro Antonio  ,Honrubia Hurtado,GPCUP-CP-GC,GP. Confederal De Unidas Podemos-En Comú Podem-Galicia En Común,M,http://www.congreso.es/portal/page/portal/Congreso/Congreso/Diputados/BusqForm?_piref73_1333155_73_1333154_1333154.next_page=/wc/fichaDiputado?idDiputado=68&idLegislatura=14
Belénhoyojuliá,Belén  Hoyo Juliá, Belén  ,Hoyo Juliá,GPP ,GP. Popular en el congreso,F,http://www.congreso.es/portal/page/portal/Congreso/Congreso/Diputados/BusqForm?_piref73_1333155_73_1333154_1333154.next_page=/wc/fichaDiputado?idDiputado=141&idLegislatura=14
Antoniohurtadozurera,Antonio  Hurtado Zurera, Antonio  ,Hurtado Zurera,GPS ,GP. Socialista,M,http://www.congreso.es/portal/page/portal/Congreso/Congreso/Diputados/BusqForm?_piref73_1333155_73_1333154_1333154.next_page=/wc/fichaDiputado?idDiputado=372&idLegislatura=14
Pabloiglesiasturrión,Pablo  Iglesias Turrión, Pablo  ,Iglesias Turrión,GPCUP-CP-GC,GP. Confederal De Unidas Podemos-En Comú Podem-Galicia En Común,M,http://www.congreso.es/portal/page/portal/Congreso/Congreso/Diputados/BusqForm?_piref73_1333155_73_1333154_1333154.next_page=/wc/fichaDiputado?idDiputado=319&idLegislatura=14
Marionaillamoladausà,Mariona  Illamola Dausà, Mariona  ,Illamola Dausà,GPPlu ,GP. Plural,F,http://www.congreso.es/portal/page/portal/Congreso/Congreso/Diputados/BusqForm?_piref73_1333155_73_1333154_1333154.next_page=/wc/fichaDiputado?idDiputado=22&idLegislatura=14
Joniñarritugarcía,Jon  Iñarritu García, Jon  ,Iñarritu García,GPEHB,GP. Euskal Herria Bildu,M,http://www.congreso.es/portal/page/portal/Congreso/Congreso/Diputados/BusqForm?_piref73_1333155_73_1333154_1333154.next_page=/wc/fichaDiputado?idDiputado=62&idLegislatura=14
Miguelángeljerezjuan,Miguel Ángel  Jerez Juan, Miguel Ángel  ,Jerez Juan,GPP ,GP. Popular en el congreso,M,http://www.congreso.es/portal/page/portal/Congreso/Congreso/Diputados/BusqForm?_piref73_1333155_73_1333154_1333154.next_page=/wc/fichaDiputado?idDiputado=124&idLegislatura=14
Beatrizjiménezlinuesa,Beatriz  Jiménez Linuesa, Beatriz  ,Jiménez Linuesa,GPP ,GP. Popular en el congreso,F,http://www.congreso.es/portal/page/portal/Congreso/Congreso/Diputados/BusqForm?_piref73_1333155_73_1333154_1333154.next_page=/wc/fichaDiputado?idDiputado=206&idLegislatura=14
Rodrigojiménezrevuelta,Rodrigo  Jiménez Revuelta, Rodrigo  ,Jiménez Revuelta,GPVOX ,GP. VOX,M,http://www.congreso.es/portal/page/portal/Congreso/Congreso/Diputados/BusqForm?_piref73_1333155_73_1333154_1333154.next_page=/wc/fichaDiputado?idDiputado=165&idLegislatura=14
Maríateresajiménez-Becerrilbarrio,María Teresa  Jiménez-Becerril Barrio, María Teresa  ,Jiménez-Becerril Barrio,GPP ,GP. Popular en el congreso,F,http://www.congreso.es/portal/page/portal/Congreso/Congreso/Diputados/BusqForm?_piref73_1333155_73_1333154_1333154.next_page=/wc/fichaDiputado?idDiputado=179&idLegislatura=14
Rafaeljosévélez,Rafael  José Vélez, Rafael  ,José Vélez,GPS ,GP. Socialista,M,http://www.congreso.es/portal/page/portal/Congreso/Congreso/Diputados/BusqForm?_piref73_1333155_73_1333154_1333154.next_page=/wc/fichaDiputado?idDiputado=361&idLegislatura=14
Antoniajoverdíaz,Antonia  Jover Díaz, Antonia  ,Jover Díaz,GPCUP-CP-GC,GP. Confederal De Unidas Podemos-En Comú Podem-Galicia En Común,F,http://www.congreso.es/portal/page/portal/Congreso/Congreso/Diputados/BusqForm?_piref73_1333155_73_1333154_1333154.next_page=/wc/fichaDiputado?idDiputado=334&idLegislatura=14
Marclamuàestañol,Marc  Lamuà Estañol, Marc  ,Lamuà Estañol,GPS ,GP. Socialista,M,http://www.congreso.es/portal/page/portal/Congreso/Congreso/Diputados/BusqForm?_piref73_1333155_73_1333154_1333154.next_page=/wc/fichaDiputado?idDiputado=200&idLegislatura=14
Adrianalastrafernández,Adriana  Lastra Fernández, Adriana  ,Lastra Fernández,GPS ,GP. Socialista,F,http://www.congreso.es/portal/page/portal/Congreso/Congreso/Diputados/BusqForm?_piref73_1333155_73_1333154_1333154.next_page=/wc/fichaDiputado?idDiputado=109&idLegislatura=14
Isauralealfernández,Isaura  Leal Fernández, Isaura  ,Leal Fernández,GPS ,GP. Socialista,F,http://www.congreso.es/portal/page/portal/Congreso/Congreso/Diputados/BusqForm?_piref73_1333155_73_1333154_1333154.next_page=/wc/fichaDiputado?idDiputado=352&idLegislatura=14
Sebastiánjesúsledesmamartín,Sebastián Jesús  Ledesma Martín, Sebastián Jesús  ,Ledesma Martín,GPP ,GP. Popular en el congreso,M,http://www.congreso.es/portal/page/portal/Congreso/Congreso/Diputados/BusqForm?_piref73_1333155_73_1333154_1333154.next_page=/wc/fichaDiputado?idDiputado=110&idLegislatura=14
Mikellegardauriarte,Mikel  Legarda Uriarte, Mikel  ,Legarda Uriarte,GPV (EAJ-PNV),GP. Vasco (EAJ-PNV),M,http://www.congreso.es/portal/page/portal/Congreso/Congreso/Diputados/BusqForm?_piref73_1333155_73_1333154_1333154.next_page=/wc/fichaDiputado?idDiputado=95&idLegislatura=14
Fuensantalimacid,Fuensanta  Lima Cid, Fuensanta  ,Lima Cid,GPS ,GP. Socialista,F,http://www.congreso.es/portal/page/portal/Congreso/Congreso/Diputados/BusqForm?_piref73_1333155_73_1333154_1333154.next_page=/wc/fichaDiputado?idDiputado=59&idLegislatura=14
Maríateresalópezálvarez,María Teresa  López Álvarez, María Teresa  ,López Álvarez,GPVOX ,GP. VOX,F,http://www.congreso.es/portal/page/portal/Congreso/Congreso/Diputados/BusqForm?_piref73_1333155_73_1333154_1333154.next_page=/wc/fichaDiputado?idDiputado=327&idLegislatura=14
Patxilópezálvarez,Patxi  López Álvarez, Patxi  ,López Álvarez,GPS ,GP. Socialista,M,http://www.congreso.es/portal/page/portal/Congreso/Congreso/Diputados/BusqForm?_piref73_1333155_73_1333154_1333154.next_page=/wc/fichaDiputado?idDiputado=61&idLegislatura=14
Ignaciolópezcano,Ignacio  López Cano, Ignacio  ,López Cano,GPS ,GP. Socialista,M,http://www.congreso.es/portal/page/portal/Congreso/Congreso/Diputados/BusqForm?_piref73_1333155_73_1333154_1333154.next_page=/wc/fichaDiputado?idDiputado=343&idLegislatura=14
Juanantoniolópezdeuraldegarmendia,Juan Antonio  López De Uralde Garmendia, Juan Antonio  ,López de Uralde Garmendia,GPCUP-CP-GC,GP. Confederal De Unidas Podemos-En Comú Podem-Galicia En Común,M,http://www.congreso.es/portal/page/portal/Congreso/Congreso/Diputados/BusqForm?_piref73_1333155_73_1333154_1333154.next_page=/wc/fichaDiputado?idDiputado=205&idLegislatura=14
Lauralópezdomínguez,Laura  López Domínguez, Laura  ,López Domínguez,GPCUP-CP-GC,GP. Confederal De Unidas Podemos-En Comú Podem-Galicia En Común,F,http://www.congreso.es/portal/page/portal/Congreso/Congreso/Diputados/BusqForm?_piref73_1333155_73_1333154_1333154.next_page=/wc/fichaDiputado?idDiputado=263&idLegislatura=14
Ángellópezmaraver,Ángel  López Maraver, Ángel  ,López Maraver,GPVOX ,GP. VOX,M,http://www.congreso.es/portal/page/portal/Congreso/Congreso/Diputados/BusqForm?_piref73_1333155_73_1333154_1333154.next_page=/wc/fichaDiputado?idDiputado=311&idLegislatura=14
Gemalópezsomoza,Gema  López Somoza, Gema  ,López Somoza,GPS ,GP. Socialista,F,http://www.congreso.es/portal/page/portal/Congreso/Congreso/Diputados/BusqForm?_piref73_1333155_73_1333154_1333154.next_page=/wc/fichaDiputado?idDiputado=363&idLegislatura=14
Cristinalópezzamora,Cristina  López Zamora, Cristina  ,López Zamora,GPS ,GP. Socialista,F,http://www.congreso.es/portal/page/portal/Congreso/Congreso/Diputados/BusqForm?_piref73_1333155_73_1333154_1333154.next_page=/wc/fichaDiputado?idDiputado=224&idLegislatura=14
Andrésloritelorite,Andrés  Lorite Lorite, Andrés  ,Lorite Lorite,GPP ,GP. Popular en el congreso,M,http://www.congreso.es/portal/page/portal/Congreso/Congreso/Diputados/BusqForm?_piref73_1333155_73_1333154_1333154.next_page=/wc/fichaDiputado?idDiputado=105&idLegislatura=14
Josélosadafernández,José  Losada Fernández, José  ,Losada Fernández,GPS ,GP. Socialista,M,http://www.congreso.es/portal/page/portal/Congreso/Congreso/Diputados/BusqForm?_piref73_1333155_73_1333154_1333154.next_page=/wc/fichaDiputado?idDiputado=353&idLegislatura=14
Rosermaestromoliner,Roser  Maestro Moliner, Roser  ,Maestro Moliner,GPCUP-CP-GC,GP. Confederal De Unidas Podemos-En Comú Podem-Galicia En Común,F,http://www.congreso.es/portal/page/portal/Congreso/Congreso/Diputados/BusqForm?_piref73_1333155_73_1333154_1333154.next_page=/wc/fichaDiputado?idDiputado=282&idLegislatura=14
Rubénsilvanomansoolivar,Rubén Silvano  Manso Olivar, Rubén Silvano  ,Manso Olivar,GPVOX ,GP. VOX,M,http://www.congreso.es/portal/page/portal/Congreso/Congreso/Diputados/BusqForm?_piref73_1333155_73_1333154_1333154.next_page=/wc/fichaDiputado?idDiputado=119&idLegislatura=14
Pilarmarcosdomínguez,Pilar  Marcos Domínguez, Pilar  ,Marcos Domínguez,GPP ,GP. Popular en el congreso,F,http://www.congreso.es/portal/page/portal/Congreso/Congreso/Diputados/BusqForm?_piref73_1333155_73_1333154_1333154.next_page=/wc/fichaDiputado?idDiputado=143&idLegislatura=14
Milagrosmarcosortega,Milagros  Marcos Ortega, Milagros  ,Marcos Ortega,GPP ,GP. Popular en el congreso,F,http://www.congreso.es/portal/page/portal/Congreso/Congreso/Diputados/BusqForm?_piref73_1333155_73_1333154_1333154.next_page=/wc/fichaDiputado?idDiputado=92&idLegislatura=14
Joanmargallsastre,Joan  Margall Sastre, Joan  ,Margall Sastre,GPR ,GP. Republicano,M,http://www.congreso.es/portal/page/portal/Congreso/Congreso/Diputados/BusqForm?_piref73_1333155_73_1333154_1333154.next_page=/wc/fichaDiputado?idDiputado=193&idLegislatura=14
Paumaríklose,Pau  Marí Klose, Pau  ,Marí Klose,GPS ,GP. Socialista,M,http://www.congreso.es/portal/page/portal/Congreso/Congreso/Diputados/BusqForm?_piref73_1333155_73_1333154_1333154.next_page=/wc/fichaDiputado?idDiputado=73&idLegislatura=14
Guillermomariscalanaya,Guillermo  Mariscal Anaya, Guillermo  ,Mariscal Anaya,GPP ,GP. Popular en el congreso,M,http://www.congreso.es/portal/page/portal/Congreso/Congreso/Diputados/BusqForm?_piref73_1333155_73_1333154_1333154.next_page=/wc/fichaDiputado?idDiputado=339&idLegislatura=14
Manuelmariscalzabala,Manuel  Mariscal Zabala, Manuel  ,Mariscal Zabala,GPVOX ,GP. VOX,M,http://www.congreso.es/portal/page/portal/Congreso/Congreso/Diputados/BusqForm?_piref73_1333155_73_1333154_1333154.next_page=/wc/fichaDiputado?idDiputado=153&idLegislatura=14
Maríamárquezguerrero,María  Márquez Guerrero, María  ,Márquez Guerrero,GPCUP-CP-GC,GP. Confederal De Unidas Podemos-En Comú Podem-Galicia En Común,F,http://www.congreso.es/portal/page/portal/Congreso/Congreso/Diputados/BusqForm?_piref73_1333155_73_1333154_1333154.next_page=/wc/fichaDiputado?idDiputado=236&idLegislatura=14
Maríaángelesmarradomínguez,María Ángeles  Marra Domínguez, María Ángeles  ,Marra Domínguez,GPS ,GP. Socialista,F,http://www.congreso.es/portal/page/portal/Congreso/Congreso/Diputados/BusqForm?_piref73_1333155_73_1333154_1333154.next_page=/wc/fichaDiputado?idDiputado=46&idLegislatura=14
Martamartínllaguno,Marta  Martín Llaguno, Marta  ,Martín Llaguno,GPCs ,GP. Ciudadanos,F,http://www.congreso.es/portal/page/portal/Congreso/Congreso/Diputados/BusqForm?_piref73_1333155_73_1333154_1333154.next_page=/wc/fichaDiputado?idDiputado=155&idLegislatura=14
Maríavalentinamartínezferro,María Valentina  Martínez Ferro, María Valentina  ,Martínez Ferro,GPP ,GP. Popular en el congreso,F,http://www.congreso.es/portal/page/portal/Congreso/Congreso/Diputados/BusqForm?_piref73_1333155_73_1333154_1333154.next_page=/wc/fichaDiputado?idDiputado=341&idLegislatura=14
Maríacarmenmartínezgranados,María Carmen  Martínez Granados, María Carmen  ,Martínez Granados,GPCs ,GP. Ciudadanos,F,http://www.congreso.es/portal/page/portal/Congreso/Congreso/Diputados/BusqForm?_piref73_1333155_73_1333154_1333154.next_page=/wc/fichaDiputado?idDiputado=60&idLegislatura=14
Isidromanuelmartínezoblanca,Isidro Manuel  Martínez Oblanca, Isidro Manuel  ,Martínez Oblanca,GPMX,GP. Mixto,M,http://www.congreso.es/portal/page/portal/Congreso/Congreso/Diputados/BusqForm?_piref73_1333155_73_1333154_1333154.next_page=/wc/fichaDiputado?idDiputado=20&idLegislatura=14
Maríaluzmartínezseijo,María Luz  Martínez Seijo, María Luz  ,Martínez Seijo,GPS ,GP. Socialista,F,http://www.congreso.es/portal/page/portal/Congreso/Congreso/Diputados/BusqForm?_piref73_1333155_73_1333154_1333154.next_page=/wc/fichaDiputado?idDiputado=251&idLegislatura=14
Juanjosématarísáez,Juan José  Matarí Sáez, Juan José  ,Matarí Sáez,GPP ,GP. Popular en el congreso,M,http://www.congreso.es/portal/page/portal/Congreso/Congreso/Diputados/BusqForm?_piref73_1333155_73_1333154_1333154.next_page=/wc/fichaDiputado?idDiputado=48&idLegislatura=14
Jaimemiguelmateuistúriz,Jaime Miguel  Mateu Istúriz, Jaime Miguel  ,Mateu Istúriz,GPP ,GP. Popular en el congreso,M,http://www.congreso.es/portal/page/portal/Congreso/Congreso/Diputados/BusqForm?_piref73_1333155_73_1333154_1333154.next_page=/wc/fichaDiputado?idDiputado=133&idLegislatura=14
Oskarmatutegarcíadejalón,Oskar  Matute García De Jalón, Oskar  ,Matute García de Jalón,GPEHB,GP. Euskal Herria Bildu,M,http://www.congreso.es/portal/page/portal/Congreso/Congreso/Diputados/BusqForm?_piref73_1333155_73_1333154_1333154.next_page=/wc/fichaDiputado?idDiputado=63&idLegislatura=14
Rafaelmayoralperales,Rafael  Mayoral Perales, Rafael  ,Mayoral Perales,GPCUP-CP-GC,GP. Confederal De Unidas Podemos-En Comú Podem-Galicia En Común,M,http://www.congreso.es/portal/page/portal/Congreso/Congreso/Diputados/BusqForm?_piref73_1333155_73_1333154_1333154.next_page=/wc/fichaDiputado?idDiputado=336&idLegislatura=14
Josémaríamazónramos,José María  Mazón Ramos, José María  ,Mazón Ramos,GPMX,GP. Mixto,M,http://www.congreso.es/portal/page/portal/Congreso/Congreso/Diputados/BusqForm?_piref73_1333155_73_1333154_1333154.next_page=/wc/fichaDiputado?idDiputado=349&idLegislatura=14
Rosamaríamedelpérez,Rosa María  Medel Pérez, Rosa María  ,Medel Pérez,GPCUP-CP-GC,GP. Confederal De Unidas Podemos-En Comú Podem-Galicia En Común,F,http://www.congreso.es/portal/page/portal/Congreso/Congreso/Diputados/BusqForm?_piref73_1333155_73_1333154_1333154.next_page=/wc/fichaDiputado?idDiputado=355&idLegislatura=14
Guillermoantoniomeijóncouselo,Guillermo Antonio  Meijón Couselo, Guillermo Antonio  ,Meijón Couselo,GPS ,GP. Socialista,M,http://www.congreso.es/portal/page/portal/Congreso/Congreso/Diputados/BusqForm?_piref73_1333155_73_1333154_1333154.next_page=/wc/fichaDiputado?idDiputado=1&idLegislatura=14
Joanmiquelmenaarca,Joan  Mena Arca, Joan  ,Mena Arca,GPCUP-CP-GC,GP. Confederal De Unidas Podemos-En Comú Podem-Galicia En Común,M,http://www.congreso.es/portal/page/portal/Congreso/Congreso/Diputados/BusqForm?_piref73_1333155_73_1333154_1333154.next_page=/wc/fichaDiputado?idDiputado=264&idLegislatura=14
Lourdesméndezmonasterio,Lourdes  Méndez Monasterio, Lourdes  ,Méndez Monasterio,GPVOX ,GP. VOX,F,http://www.congreso.es/portal/page/portal/Congreso/Congreso/Diputados/BusqForm?_piref73_1333155_73_1333154_1333154.next_page=/wc/fichaDiputado?idDiputado=177&idLegislatura=14
Javiermerinomartínez,Javier  Merino Martínez, Javier  ,Merino Martínez,GPP ,GP. Popular en el congreso,M,http://www.congreso.es/portal/page/portal/Congreso/Congreso/Diputados/BusqForm?_piref73_1333155_73_1333154_1333154.next_page=/wc/fichaDiputado?idDiputado=138&idLegislatura=14
Manuelmestrebarea,Manuel  Mestre Barea, Manuel  ,Mestre Barea,GPVOX ,GP. VOX,M,http://www.congreso.es/portal/page/portal/Congreso/Congreso/Diputados/BusqForm?_piref73_1333155_73_1333154_1333154.next_page=/wc/fichaDiputado?idDiputado=268&idLegislatura=14
Montsemínguezgarcía,Montse  Mínguez García, Montse  ,Mínguez García,GPS ,GP. Socialista,F,http://www.congreso.es/portal/page/portal/Congreso/Congreso/Diputados/BusqForm?_piref73_1333155_73_1333154_1333154.next_page=/wc/fichaDiputado?idDiputado=199&idLegislatura=14
Sergimiquelivalentí,Sergi  Miquel I Valentí, Sergi  ,Miquel i Valentí,GPPlu ,GP. Plural,M,http://www.congreso.es/portal/page/portal/Congreso/Congreso/Diputados/BusqForm?_piref73_1333155_73_1333154_1333154.next_page=/wc/fichaDiputado?idDiputado=23&idLegislatura=14
Maríasandramoneodíez,María Sandra  Moneo Díez, María Sandra  ,Moneo Díez,GPP ,GP. Popular en el congreso,F,http://www.congreso.es/portal/page/portal/Congreso/Congreso/Diputados/BusqForm?_piref73_1333155_73_1333154_1333154.next_page=/wc/fichaDiputado?idDiputado=337&idLegislatura=14
Maríajesúsmonterocuadrado,María Jesús  Montero Cuadrado, María Jesús  ,Montero Cuadrado,GPS ,GP. Socialista,F,http://www.congreso.es/portal/page/portal/Congreso/Congreso/Diputados/BusqForm?_piref73_1333155_73_1333154_1333154.next_page=/wc/fichaDiputado?idDiputado=225&idLegislatura=14
Irenemaríamonterogil,Irene María  Montero Gil, Irene María  ,Montero Gil,GPCUP-CP-GC,GP. Confederal De Unidas Podemos-En Comú Podem-Galicia En Común,F,http://www.congreso.es/portal/page/portal/Congreso/Congreso/Diputados/BusqForm?_piref73_1333155_73_1333154_1333154.next_page=/wc/fichaDiputado?idDiputado=329&idLegislatura=14
Pablomontesinosaguayo,Pablo  Montesinos Aguayo, Pablo  ,Montesinos Aguayo,GPP ,GP. Popular en el congreso,M,http://www.congreso.es/portal/page/portal/Congreso/Congreso/Diputados/BusqForm?_piref73_1333155_73_1333154_1333154.next_page=/wc/fichaDiputado?idDiputado=315&idLegislatura=14
Macarenamontesinosdemiguel,Macarena  Montesinos De Miguel, Macarena  ,Montesinos de Miguel,GPP ,GP. Popular en el congreso,F,http://www.congreso.es/portal/page/portal/Congreso/Congreso/Diputados/BusqForm?_piref73_1333155_73_1333154_1333154.next_page=/wc/fichaDiputado?idDiputado=346&idLegislatura=14
Tristanamaríamoralejagómez,Tristana María  Moraleja Gómez, Tristana María  ,Moraleja Gómez,GPP ,GP. Popular en el congreso,F,http://www.congreso.es/portal/page/portal/Congreso/Congreso/Diputados/BusqForm?_piref73_1333155_73_1333154_1333154.next_page=/wc/fichaDiputado?idDiputado=57&idLegislatura=14
Maríajesúsmoroalmaraz,María Jesús  Moro Almaraz, María Jesús  ,Moro Almaraz,GPP ,GP. Popular en el congreso,F,http://www.congreso.es/portal/page/portal/Congreso/Congreso/Diputados/BusqForm?_piref73_1333155_73_1333154_1333154.next_page=/wc/fichaDiputado?idDiputado=91&idLegislatura=14
Diegomovellánlombilla,Diego  Movellán Lombilla, Diego  ,Movellán Lombilla,GPP ,GP. Popular en el congreso,M,http://www.congreso.es/portal/page/portal/Congreso/Congreso/Diputados/BusqForm?_piref73_1333155_73_1333154_1333154.next_page=/wc/fichaDiputado?idDiputado=78&idLegislatura=14
Lucíamuñozdalda,Lucía  Muñoz Dalda, Lucía  ,Muñoz Dalda,GPCUP-CP-GC,GP. Confederal De Unidas Podemos-En Comú Podem-Galicia En Común,F,http://www.congreso.es/portal/page/portal/Congreso/Congreso/Diputados/BusqForm?_piref73_1333155_73_1333154_1333154.next_page=/wc/fichaDiputado?idDiputado=335&idLegislatura=14
Maríamuñozvidal,María  Muñoz Vidal, María  ,Muñoz Vidal,GPCs ,GP. Ciudadanos,F,http://www.congreso.es/portal/page/portal/Congreso/Congreso/Diputados/BusqForm?_piref73_1333155_73_1333154_1333154.next_page=/wc/fichaDiputado?idDiputado=333&idLegislatura=14
Maríadoloresnarváezbandera,María Dolores  Narváez Bandera, María Dolores  ,Narváez Bandera,GPS ,GP. Socialista,F,http://www.congreso.es/portal/page/portal/Congreso/Congreso/Diputados/BusqForm?_piref73_1333155_73_1333154_1333154.next_page=/wc/fichaDiputado?idDiputado=154&idLegislatura=14
Begoñanasarreoliva,Begoña  Nasarre Oliva, Begoña  ,Nasarre Oliva,GPS ,GP. Socialista,F,http://www.congreso.es/portal/page/portal/Congreso/Congreso/Diputados/BusqForm?_piref73_1333155_73_1333154_1333154.next_page=/wc/fichaDiputado?idDiputado=313&idLegislatura=14
Julionavalpotrogómez,Julio  Navalpotro Gómez, Julio  ,Navalpotro Gómez,GPS ,GP. Socialista,M,http://www.congreso.es/portal/page/portal/Congreso/Congreso/Diputados/BusqForm?_piref73_1333155_73_1333154_1333154.next_page=/wc/fichaDiputado?idDiputado=366&idLegislatura=14
Carmennavarrolacoba,Carmen  Navarro Lacoba, Carmen  ,Navarro Lacoba,GPP ,GP. Popular en el congreso,F,http://www.congreso.es/portal/page/portal/Congreso/Congreso/Diputados/BusqForm?_piref73_1333155_73_1333154_1333154.next_page=/wc/fichaDiputado?idDiputado=82&idLegislatura=14
Pedronavarrolópez,Pedro  Navarro López, Pedro  ,Navarro López,GPP ,GP. Popular en el congreso,M,http://www.congreso.es/portal/page/portal/Congreso/Congreso/Diputados/BusqForm?_piref73_1333155_73_1333154_1333154.next_page=/wc/fichaDiputado?idDiputado=220&idLegislatura=14
Maríamagdalenanevadodelcampo,María Magdalena  Nevado Del Campo, María Magdalena  ,Nevado del Campo,GPVOX ,GP. VOX,F,http://www.congreso.es/portal/page/portal/Congreso/Congreso/Diputados/BusqForm?_piref73_1333155_73_1333154_1333154.next_page=/wc/fichaDiputado?idDiputado=293&idLegislatura=14
Míriamnoguerasicamero,Míriam  Nogueras I Camero, Míriam  ,Nogueras i Camero,GPPlu ,GP. Plural,F,http://www.congreso.es/portal/page/portal/Congreso/Congreso/Diputados/BusqForm?_piref73_1333155_73_1333154_1333154.next_page=/wc/fichaDiputado?idDiputado=27&idLegislatura=14
Joanjosepnuetpujals,Joan Josep  Nuet Pujals, Joan Josep  ,Nuet Pujals,GPR ,GP. Republicano,M,http://www.congreso.es/portal/page/portal/Congreso/Congreso/Diputados/BusqForm?_piref73_1333155_73_1333154_1333154.next_page=/wc/fichaDiputado?idDiputado=189&idLegislatura=14
Jaimeeduardodeolanovela,Jaime Eduardo De  Olano Vela, Jaime Eduardo de  ,Olano Vela,GPP ,GP. Popular en el congreso,M,http://www.congreso.es/portal/page/portal/Congreso/Congreso/Diputados/BusqForm?_piref73_1333155_73_1333154_1333154.next_page=/wc/fichaDiputado?idDiputado=167&idLegislatura=14
Macarenaolonachoclán,Macarena  Olona Choclán, Macarena  ,Olona Choclán,GPVOX ,GP. VOX,F,http://www.congreso.es/portal/page/portal/Congreso/Congreso/Diputados/BusqForm?_piref73_1333155_73_1333154_1333154.next_page=/wc/fichaDiputado?idDiputado=84&idLegislatura=14
Anamaríaoramasgonzález-Moro,Ana María  Oramas González-Moro, Ana María  ,Oramas González-Moro,GPMX,GP. Mixto,F,http://www.congreso.es/portal/page/portal/Congreso/Congreso/Diputados/BusqForm?_piref73_1333155_73_1333154_1333154.next_page=/wc/fichaDiputado?idDiputado=161&idLegislatura=14
Maríainmaculadaorialópez,María Inmaculada  Oria López, María Inmaculada  ,Oria López,GPS ,GP. Socialista,F,http://www.congreso.es/portal/page/portal/Congreso/Congreso/Diputados/BusqForm?_piref73_1333155_73_1333154_1333154.next_page=/wc/fichaDiputado?idDiputado=370&idLegislatura=14
Joséramónortegadomínguez,José Ramón  Ortega Domínguez, José Ramón  ,Ortega Domínguez,GPS ,GP. Socialista,M,http://www.congreso.es/portal/page/portal/Congreso/Congreso/Diputados/BusqForm?_piref73_1333155_73_1333154_1333154.next_page=/wc/fichaDiputado?idDiputado=368&idLegislatura=14
Franciscojavierortegasmith-Molina,Francisco Javier  Ortega Smith-Molina, Francisco Javier  ,Ortega Smith-Molina,GPVOX ,GP. VOX,M,http://www.congreso.es/portal/page/portal/Congreso/Congreso/Diputados/BusqForm?_piref73_1333155_73_1333154_1333154.next_page=/wc/fichaDiputado?idDiputado=326&idLegislatura=14
Joséortizgalván,José  Ortiz Galván, José  ,Ortiz Galván,GPP ,GP. Popular en el congreso,M,http://www.congreso.es/portal/page/portal/Congreso/Congreso/Diputados/BusqForm?_piref73_1333155_73_1333154_1333154.next_page=/wc/fichaDiputado?idDiputado=134&idLegislatura=14
Estherpadillaruiz,Esther  Padilla Ruiz, Esther  ,Padilla Ruiz,GPS ,GP. Socialista,F,http://www.congreso.es/portal/page/portal/Congreso/Congreso/Diputados/BusqForm?_piref73_1333155_73_1333154_1333154.next_page=/wc/fichaDiputado?idDiputado=173&idLegislatura=14
Miguelángelpaniaguanúñez,Miguel Ángel  Paniagua Núñez, Miguel Ángel  ,Paniagua Núñez,GPP ,GP. Popular en el congreso,M,http://www.congreso.es/portal/page/portal/Congreso/Congreso/Diputados/BusqForm?_piref73_1333155_73_1333154_1333154.next_page=/wc/fichaDiputado?idDiputado=240&idLegislatura=14
Anamaríapastorjulián,Ana María  Pastor Julián, Ana María  ,Pastor Julián,GPP ,GP. Popular en el congreso,F,http://www.congreso.es/portal/page/portal/Congreso/Congreso/Diputados/BusqForm?_piref73_1333155_73_1333154_1333154.next_page=/wc/fichaDiputado?idDiputado=31&idLegislatura=14
Raquelpedrajasáinz,Raquel  Pedraja Sáinz, Raquel  ,Pedraja Sáinz,GPS ,GP. Socialista,F,http://www.congreso.es/portal/page/portal/Congreso/Congreso/Diputados/BusqForm?_piref73_1333155_73_1333154_1333154.next_page=/wc/fichaDiputado?idDiputado=362&idLegislatura=14
Juanluispedreñomolina,Juan Luis  Pedreño Molina, Juan Luis  ,Pedreño Molina,GPP ,GP. Popular en el congreso,M,http://www.congreso.es/portal/page/portal/Congreso/Congreso/Diputados/BusqForm?_piref73_1333155_73_1333154_1333154.next_page=/wc/fichaDiputado?idDiputado=132&idLegislatura=14
Estherpeñacamarero,Esther  Peña Camarero, Esther  ,Peña Camarero,GPS ,GP. Socialista,F,http://www.congreso.es/portal/page/portal/Congreso/Congreso/Diputados/BusqForm?_piref73_1333155_73_1333154_1333154.next_page=/wc/fichaDiputado?idDiputado=18&idLegislatura=14
Maríamercèpereaiconillas,María Mercè  Perea I Conillas, María Mercè  ,Perea i Conillas,GPS ,GP. Socialista,F,http://www.congreso.es/portal/page/portal/Congreso/Congreso/Diputados/BusqForm?_piref73_1333155_73_1333154_1333154.next_page=/wc/fichaDiputado?idDiputado=203&idLegislatura=14
Adolfopérezabellás,Adolfo  Pérez Abellás, Adolfo  ,Pérez Abellás,GPS ,GP. Socialista,M,http://www.congreso.es/portal/page/portal/Congreso/Congreso/Diputados/BusqForm?_piref73_1333155_73_1333154_1333154.next_page=/wc/fichaDiputado?idDiputado=33&idLegislatura=14
Maríaauxiliadorapérezdíaz,María Auxiliadora  Pérez Díaz, María Auxiliadora  ,Pérez Díaz,GPP ,GP. Popular en el congreso,F,http://www.congreso.es/portal/page/portal/Congreso/Congreso/Diputados/BusqForm?_piref73_1333155_73_1333154_1333154.next_page=/wc/fichaDiputado?idDiputado=160&idLegislatura=14
Víctorvalentínpírizmaya,Víctor Valentín  Píriz Maya, Víctor Valentín  ,Píriz Maya,GPP ,GP. Popular en el congreso,M,http://www.congreso.es/portal/page/portal/Congreso/Congreso/Diputados/BusqForm?_piref73_1333155_73_1333154_1333154.next_page=/wc/fichaDiputado?idDiputado=9&idLegislatura=14
Gerardopisarelloprados,Gerardo  Pisarello Prados, Gerardo  ,Pisarello Prados,GPCUP-CP-GC,GP. Confederal De Unidas Podemos-En Comú Podem-Galicia En Común,M,http://www.congreso.es/portal/page/portal/Congreso/Congreso/Diputados/BusqForm?_piref73_1333155_73_1333154_1333154.next_page=/wc/fichaDiputado?idDiputado=290&idLegislatura=14
Maríadelcarmenpitacárdenes,María Del Carmen  Pita Cárdenes, María del Carmen  ,Pita Cárdenes,GPCUP-CP-GC,GP. Confederal De Unidas Podemos-En Comú Podem-Galicia En Común,F,http://www.congreso.es/portal/page/portal/Congreso/Congreso/Diputados/BusqForm?_piref73_1333155_73_1333154_1333154.next_page=/wc/fichaDiputado?idDiputado=356&idLegislatura=14
Perejoanponssampietro,Pere Joan  Pons Sampietro, Pere Joan  ,Pons Sampietro,GPS ,GP. Socialista,M,http://www.congreso.es/portal/page/portal/Congreso/Congreso/Diputados/BusqForm?_piref73_1333155_73_1333154_1333154.next_page=/wc/fichaDiputado?idDiputado=223&idLegislatura=14
Jesúspostigoquintana,Jesús  Postigo Quintana, Jesús  ,Postigo Quintana,GPP ,GP. Popular en el congreso,M,http://www.congreso.es/portal/page/portal/Congreso/Congreso/Diputados/BusqForm?_piref73_1333155_73_1333154_1333154.next_page=/wc/fichaDiputado?idDiputado=51&idLegislatura=14
Isabelpozuetafernández,Isabel  Pozueta Fernández, Isabel  ,Pozueta Fernández,GPEHB,GP. Euskal Herria Bildu,F,http://www.congreso.es/portal/page/portal/Congreso/Congreso/Diputados/BusqForm?_piref73_1333155_73_1333154_1333154.next_page=/wc/fichaDiputado?idDiputado=65&idLegislatura=14
Anaprietonieto,Ana  Prieto Nieto, Ana  ,Prieto Nieto,GPS ,GP. Socialista,F,http://www.congreso.es/portal/page/portal/Congreso/Congreso/Diputados/BusqForm?_piref73_1333155_73_1333154_1333154.next_page=/wc/fichaDiputado?idDiputado=81&idLegislatura=14
Margaritaprohensrigo,Margarita  Prohens Rigo, Margarita  ,Prohens Rigo,GPP ,GP. Popular en el congreso,F,http://www.congreso.es/portal/page/portal/Congreso/Congreso/Diputados/BusqForm?_piref73_1333155_73_1333154_1333154.next_page=/wc/fichaDiputado?idDiputado=243&idLegislatura=14
Normapujolifarré,Norma  Pujol I Farré, Norma  ,Pujol i Farré,GPR ,GP. Republicano,F,http://www.congreso.es/portal/page/portal/Congreso/Congreso/Diputados/BusqForm?_piref73_1333155_73_1333154_1333154.next_page=/wc/fichaDiputado?idDiputado=191&idLegislatura=14
Pedroquevedoiturbe,Pedro  Quevedo Iturbe, Pedro  ,Quevedo Iturbe,GPMX,GP. Mixto,M,http://www.congreso.es/portal/page/portal/Congreso/Congreso/Diputados/BusqForm?_piref73_1333155_73_1333154_1333154.next_page=/wc/fichaDiputado?idDiputado=351&idLegislatura=14
Maríapilarramallovázquez,María Pilar  Ramallo Vázquez, María Pilar  ,Ramallo Vázquez,GPP ,GP. Popular en el congreso,F,http://www.congreso.es/portal/page/portal/Congreso/Congreso/Diputados/BusqForm?_piref73_1333155_73_1333154_1333154.next_page=/wc/fichaDiputado?idDiputado=117&idLegislatura=14
Arnauramírezcarner,Arnau  Ramírez Carner, Arnau  ,Ramírez Carner,GPS ,GP. Socialista,M,http://www.congreso.es/portal/page/portal/Congreso/Congreso/Diputados/BusqForm?_piref73_1333155_73_1333154_1333154.next_page=/wc/fichaDiputado?idDiputado=197&idLegislatura=14
Joséramírezdelrío,José  Ramírez Del Río, José  ,Ramírez del Río,GPVOX ,GP. VOX,M,http://www.congreso.es/portal/page/portal/Congreso/Congreso/Diputados/BusqForm?_piref73_1333155_73_1333154_1333154.next_page=/wc/fichaDiputado?idDiputado=93&idLegislatura=14
Elviraramónutrabo,Elvira  Ramón Utrabo, Elvira  ,Ramón Utrabo,GPS ,GP. Socialista,F,http://www.congreso.es/portal/page/portal/Congreso/Congreso/Diputados/BusqForm?_piref73_1333155_73_1333154_1333154.next_page=/wc/fichaDiputado?idDiputado=8&idLegislatura=14
Césarjoaquínramosesteban,César Joaquín  Ramos Esteban, César Joaquín  ,Ramos Esteban,GPS ,GP. Socialista,M,http://www.congreso.es/portal/page/portal/Congreso/Congreso/Diputados/BusqForm?_piref73_1333155_73_1333154_1333154.next_page=/wc/fichaDiputado?idDiputado=178&idLegislatura=14
Joséluisramosrodríguez,José Luis  Ramos Rodríguez, José Luis  ,Ramos Rodríguez,GPS ,GP. Socialista,M,http://www.congreso.es/portal/page/portal/Congreso/Congreso/Diputados/BusqForm?_piref73_1333155_73_1333154_1333154.next_page=/wc/fichaDiputado?idDiputado=218&idLegislatura=14
Maríatamararayarodríguez,María Tamara  Raya Rodríguez, María Tamara  ,Raya Rodríguez,GPS ,GP. Socialista,F,http://www.congreso.es/portal/page/portal/Congreso/Congreso/Diputados/BusqForm?_piref73_1333155_73_1333154_1333154.next_page=/wc/fichaDiputado?idDiputado=112&idLegislatura=14
Maríadelaoredondocalvillo,María De La O  Redondo Calvillo, María de la O  ,Redondo Calvillo,GPP ,GP. Popular en el congreso,F,http://www.congreso.es/portal/page/portal/Congreso/Congreso/Diputados/BusqForm?_piref73_1333155_73_1333154_1333154.next_page=/wc/fichaDiputado?idDiputado=106&idLegislatura=14
Néstorregocandamil,Néstor  Rego Candamil, Néstor  ,Rego Candamil,GPPlu ,GP. Plural,M,http://www.congreso.es/portal/page/portal/Congreso/Congreso/Diputados/BusqForm?_piref73_1333155_73_1333154_1333154.next_page=/wc/fichaDiputado?idDiputado=40&idLegislatura=14
Germánrenaumartínez,Germán  Renau Martínez, Germán  ,Renau Martínez,GPS ,GP. Socialista,M,http://www.congreso.es/portal/page/portal/Congreso/Congreso/Diputados/BusqForm?_piref73_1333155_73_1333154_1333154.next_page=/wc/fichaDiputado?idDiputado=52&idLegislatura=14
Pedrojesúsrequejonovoa,Pedro Jesús  Requejo Novoa, Pedro Jesús  ,Requejo Novoa,GPVOX ,GP. VOX,M,http://www.congreso.es/portal/page/portal/Congreso/Congreso/Diputados/BusqForm?_piref73_1333155_73_1333154_1333154.next_page=/wc/fichaDiputado?idDiputado=85&idLegislatura=14
Juandiegorequenaruiz,Juan Diego  Requena Ruiz, Juan Diego  ,Requena Ruiz,GPP ,GP. Popular en el congreso,M,http://www.congreso.es/portal/page/portal/Congreso/Congreso/Diputados/BusqForm?_piref73_1333155_73_1333154_1333154.next_page=/wc/fichaDiputado?idDiputado=79&idLegislatura=14
Carmenriolobosregadera,Carmen  Riolobos Regadera, Carmen  ,Riolobos Regadera,GPP ,GP. Popular en el congreso,F,http://www.congreso.es/portal/page/portal/Congreso/Congreso/Diputados/BusqForm?_piref73_1333155_73_1333154_1333154.next_page=/wc/fichaDiputado?idDiputado=7&idLegislatura=14
Joaquínrobleslópez,Joaquín  Robles López, Joaquín  ,Robles López,GPVOX ,GP. VOX,M,http://www.congreso.es/portal/page/portal/Congreso/Congreso/Diputados/BusqForm?_piref73_1333155_73_1333154_1333154.next_page=/wc/fichaDiputado?idDiputado=246&idLegislatura=14
Andrésalbertorodríguezalmeida,Andrés Alberto  Rodríguez Almeida, Andrés Alberto  ,Rodríguez Almeida,GPVOX ,GP. VOX,M,http://www.congreso.es/portal/page/portal/Congreso/Congreso/Diputados/BusqForm?_piref73_1333155_73_1333154_1333154.next_page=/wc/fichaDiputado?idDiputado=256&idLegislatura=14
Maríadelpilarrodríguezgómez,María Del Pilar  Rodríguez Gómez, María del Pilar  ,Rodríguez Gómez,GPS ,GP. Socialista,F,http://www.congreso.es/portal/page/portal/Congreso/Congreso/Diputados/BusqForm?_piref73_1333155_73_1333154_1333154.next_page=/wc/fichaDiputado?idDiputado=273&idLegislatura=14
Alfonsorodríguezgómezdecelis,Alfonso  Rodríguez Gómez De Celis, Alfonso  ,Rodríguez Gómez de Celis,GPS ,GP. Socialista,M,http://www.congreso.es/portal/page/portal/Congreso/Congreso/Diputados/BusqForm?_piref73_1333155_73_1333154_1333154.next_page=/wc/fichaDiputado?idDiputado=168&idLegislatura=14
Maríaelvirarodríguezherrer,María Elvira  Rodríguez Herrer, María Elvira  ,Rodríguez Herrer,GPP ,GP. Popular en el congreso,F,http://www.congreso.es/portal/page/portal/Congreso/Congreso/Diputados/BusqForm?_piref73_1333155_73_1333154_1333154.next_page=/wc/fichaDiputado?idDiputado=123&idLegislatura=14
Albertorodríguezrodríguez,Alberto  Rodríguez Rodríguez, Alberto  ,Rodríguez Rodríguez,GPCUP-CP-GC,GP. Confederal De Unidas Podemos-En Comú Podem-Galicia En Común,M,http://www.congreso.es/portal/page/portal/Congreso/Congreso/Diputados/BusqForm?_piref73_1333155_73_1333154_1333154.next_page=/wc/fichaDiputado?idDiputado=338&idLegislatura=14
Joséantoniorodríguezsalas,José Antonio  Rodríguez Salas, José Antonio  ,Rodríguez Salas,GPS ,GP. Socialista,M,http://www.congreso.es/portal/page/portal/Congreso/Congreso/Diputados/BusqForm?_piref73_1333155_73_1333154_1333154.next_page=/wc/fichaDiputado?idDiputado=6&idLegislatura=14
Carlosrojasgarcía,Carlos  Rojas García, Carlos  ,Rojas García,GPP ,GP. Popular en el congreso,M,http://www.congreso.es/portal/page/portal/Congreso/Congreso/Diputados/BusqForm?_piref73_1333155_73_1333154_1333154.next_page=/wc/fichaDiputado?idDiputado=242&idLegislatura=14
Carmeloromerohernández,Carmelo  Romero Hernández, Carmelo  ,Romero Hernández,GPP ,GP. Popular en el congreso,M,http://www.congreso.es/portal/page/portal/Congreso/Congreso/Diputados/BusqForm?_piref73_1333155_73_1333154_1333154.next_page=/wc/fichaDiputado?idDiputado=241&idLegislatura=14
Rosamaríaromerosánchez,Rosa María  Romero Sánchez, Rosa María  ,Romero Sánchez,GPP ,GP. Popular en el congreso,F,http://www.congreso.es/portal/page/portal/Congreso/Congreso/Diputados/BusqForm?_piref73_1333155_73_1333154_1333154.next_page=/wc/fichaDiputado?idDiputado=36&idLegislatura=14
Maríadelosreyesromerovilches,María De Los Reyes  Romero Vilches, María de los Reyes  ,Romero Vilches,GPVOX ,GP. VOX,F,http://www.congreso.es/portal/page/portal/Congreso/Congreso/Diputados/BusqForm?_piref73_1333155_73_1333154_1333154.next_page=/wc/fichaDiputado?idDiputado=174&idLegislatura=14
Susanarosmartínez,Susana  Ros Martínez, Susana  ,Ros Martínez,GPS ,GP. Socialista,F,http://www.congreso.es/portal/page/portal/Congreso/Congreso/Diputados/BusqForm?_piref73_1333155_73_1333154_1333154.next_page=/wc/fichaDiputado?idDiputado=53&idLegislatura=14
Agustínrosetyfernándezdecastro,Agustín  Rosety Fernández De Castro, Agustín  ,Rosety Fernández de Castro,GPVOX ,GP. VOX,M,http://www.congreso.es/portal/page/portal/Congreso/Congreso/Diputados/BusqForm?_piref73_1333155_73_1333154_1333154.next_page=/wc/fichaDiputado?idDiputado=255&idLegislatura=14
Martarosiqueisaltor,Marta  Rosique I Saltor, Marta  ,Rosique i Saltor,GPR ,GP. Republicano,F,http://www.congreso.es/portal/page/portal/Congreso/Congreso/Diputados/BusqForm?_piref73_1333155_73_1333154_1333154.next_page=/wc/fichaDiputado?idDiputado=185&idLegislatura=14
Patriciaruedaperelló,Patricia  Rueda Perelló, Patricia  ,Rueda Perelló,GPVOX ,GP. VOX,F,http://www.congreso.es/portal/page/portal/Congreso/Congreso/Diputados/BusqForm?_piref73_1333155_73_1333154_1333154.next_page=/wc/fichaDiputado?idDiputado=75&idLegislatura=14
Gabrielrufiánromero,Gabriel  Rufián Romero, Gabriel  ,Rufián Romero,GPR ,GP. Republicano,M,http://www.congreso.es/portal/page/portal/Congreso/Congreso/Diputados/BusqForm?_piref73_1333155_73_1333154_1333154.next_page=/wc/fichaDiputado?idDiputado=187&idLegislatura=14
Iñakiruizdepinedoundiano,Iñaki  Ruiz De Pinedo Undiano, Iñaki  ,Ruiz de Pinedo Undiano,GPEHB,GP. Euskal Herria Bildu,M,http://www.congreso.es/portal/page/portal/Congreso/Congreso/Diputados/BusqForm?_piref73_1333155_73_1333154_1333154.next_page=/wc/fichaDiputado?idDiputado=64&idLegislatura=14
Joanruizicarbonell,Joan  Ruiz I Carbonell, Joan  ,Ruiz i Carbonell,GPS ,GP. Socialista,M,http://www.congreso.es/portal/page/portal/Congreso/Congreso/Diputados/BusqForm?_piref73_1333155_73_1333154_1333154.next_page=/wc/fichaDiputado?idDiputado=209&idLegislatura=14
Eduardoluisruiznavarro,Eduardo Luis  Ruiz Navarro, Eduardo Luis  ,Ruiz Navarro,GPVOX ,GP. VOX,M,http://www.congreso.es/portal/page/portal/Congreso/Congreso/Diputados/BusqForm?_piref73_1333155_73_1333154_1333154.next_page=/wc/fichaDiputado?idDiputado=217&idLegislatura=14
Maríadelacabezaruizsolás,María De La Cabeza  Ruiz Solás, María de la Cabeza  ,Ruiz Solás,GPVOX ,GP. VOX,F,http://www.congreso.es/portal/page/portal/Congreso/Congreso/Diputados/BusqForm?_piref73_1333155_73_1333154_1333154.next_page=/wc/fichaDiputado?idDiputado=301&idLegislatura=14
Marisasaavedramuñoz,Marisa  Saavedra Muñoz, Marisa  ,Saavedra Muñoz,GPCUP-CP-GC,GP. Confederal De Unidas Podemos-En Comú Podem-Galicia En Común,F,http://www.congreso.es/portal/page/portal/Congreso/Congreso/Diputados/BusqForm?_piref73_1333155_73_1333154_1333154.next_page=/wc/fichaDiputado?idDiputado=348&idLegislatura=14
Inéssabanésnadal,Inés  Sabanés Nadal, Inés  ,Sabanés Nadal,GPPlu ,GP. Plural,F,http://www.congreso.es/portal/page/portal/Congreso/Congreso/Diputados/BusqForm?_piref73_1333155_73_1333154_1333154.next_page=/wc/fichaDiputado?idDiputado=234&idLegislatura=14
Pablosáezalonso-Muñumer,Pablo  Sáez Alonso-Muñumer, Pablo  ,Sáez Alonso-Muñumer,GPVOX ,GP. VOX,M,http://www.congreso.es/portal/page/portal/Congreso/Congreso/Diputados/BusqForm?_piref73_1333155_73_1333154_1333154.next_page=/wc/fichaDiputado?idDiputado=278&idLegislatura=14
Idoiasagastizabalunzetabarrenetxea,Idoia  Sagastizabal Unzetabarrenetxea, Idoia  ,Sagastizabal Unzetabarrenetxea,GPV (EAJ-PNV),GP. Vasco (EAJ-PNV),F,http://www.congreso.es/portal/page/portal/Congreso/Congreso/Diputados/BusqForm?_piref73_1333155_73_1333154_1333154.next_page=/wc/fichaDiputado?idDiputado=98&idLegislatura=14
Luiscarlossahuquillogarcía,Luis Carlos  Sahuquillo García, Luis Carlos  ,Sahuquillo García,GPS ,GP. Socialista,M,http://www.congreso.es/portal/page/portal/Congreso/Congreso/Diputados/BusqForm?_piref73_1333155_73_1333154_1333154.next_page=/wc/fichaDiputado?idDiputado=2&idLegislatura=14
Antoniosalváverd,Antonio  Salvá Verd, Antonio  ,Salvá Verd,GPVOX ,GP. VOX,M,http://www.congreso.es/portal/page/portal/Congreso/Congreso/Diputados/BusqForm?_piref73_1333155_73_1333154_1333154.next_page=/wc/fichaDiputado?idDiputado=162&idLegislatura=14
Jordisalvadoriduch,Jordi  Salvador I Duch, Jordi  ,Salvador i Duch,GPR ,GP. Republicano,M,http://www.congreso.es/portal/page/portal/Congreso/Congreso/Diputados/BusqForm?_piref73_1333155_73_1333154_1333154.next_page=/wc/fichaDiputado?idDiputado=184&idLegislatura=14
Víctormanuelsánchezdelreal,Víctor Manuel  Sánchez Del Real, Víctor Manuel  ,Sánchez del Real,GPVOX ,GP. VOX,M,http://www.congreso.es/portal/page/portal/Congreso/Congreso/Diputados/BusqForm?_piref73_1333155_73_1333154_1333154.next_page=/wc/fichaDiputado?idDiputado=195&idLegislatura=14
Marianosánchezescobar,Mariano  Sánchez Escobar, Mariano  ,Sánchez Escobar,GPS ,GP. Socialista,M,http://www.congreso.es/portal/page/portal/Congreso/Congreso/Diputados/BusqForm?_piref73_1333155_73_1333154_1333154.next_page=/wc/fichaDiputado?idDiputado=227&idLegislatura=14
Josémaríasánchezgarcía,José María  Sánchez García, José María  ,Sánchez García,GPVOX ,GP. VOX,M,http://www.congreso.es/portal/page/portal/Congreso/Congreso/Diputados/BusqForm?_piref73_1333155_73_1333154_1333154.next_page=/wc/fichaDiputado?idDiputado=322&idLegislatura=14
Marisolsánchezjódar,Marisol  Sánchez Jódar, Marisol  ,Sánchez Jódar,GPS ,GP. Socialista,F,http://www.congreso.es/portal/page/portal/Congreso/Congreso/Diputados/BusqForm?_piref73_1333155_73_1333154_1333154.next_page=/wc/fichaDiputado?idDiputado=276&idLegislatura=14
Césarsánchezpérez,César  Sánchez Pérez, César  ,Sánchez Pérez,GPP ,GP. Popular en el congreso,M,http://www.congreso.es/portal/page/portal/Congreso/Congreso/Diputados/BusqForm?_piref73_1333155_73_1333154_1333154.next_page=/wc/fichaDiputado?idDiputado=249&idLegislatura=14
Pedrosánchezpérez-Castejón,Pedro  Sánchez Pérez-Castejón, Pedro  ,Sánchez Pérez-Castejón,GPS ,GP. Socialista,M,http://www.congreso.es/portal/page/portal/Congreso/Congreso/Diputados/BusqForm?_piref73_1333155_73_1333154_1333154.next_page=/wc/fichaDiputado?idDiputado=274&idLegislatura=14
Javiersánchezserna,Javier  Sánchez Serna, Javier  ,Sánchez Serna,GPCUP-CP-GC,GP. Confederal De Unidas Podemos-En Comú Podem-Galicia En Común,M,http://www.congreso.es/portal/page/portal/Congreso/Congreso/Diputados/BusqForm?_piref73_1333155_73_1333154_1333154.next_page=/wc/fichaDiputado?idDiputado=67&idLegislatura=14
Alfredosanchoguardia,Alfredo  Sancho Guardia, Alfredo  ,Sancho Guardia,GPS ,GP. Socialista,M,http://www.congreso.es/portal/page/portal/Congreso/Congreso/Diputados/BusqForm?_piref73_1333155_73_1333154_1333154.next_page=/wc/fichaDiputado?idDiputado=312&idLegislatura=14
Herminiorufinosanchoíñiguez,Herminio Rufino  Sancho Íñiguez, Herminio Rufino  ,Sancho Íñiguez,GPS ,GP. Socialista,M,http://www.congreso.es/portal/page/portal/Congreso/Congreso/Diputados/BusqForm?_piref73_1333155_73_1333154_1333154.next_page=/wc/fichaDiputado?idDiputado=15&idLegislatura=14
Luissantamaríaruiz,Luis  Santamaría Ruiz, Luis  ,Santamaría Ruiz,GPP ,GP. Popular en el congreso,M,http://www.congreso.es/portal/page/portal/Congreso/Congreso/Diputados/BusqForm?_piref73_1333155_73_1333154_1333154.next_page=/wc/fichaDiputado?idDiputado=269&idLegislatura=14
Enriquefernandosantiagoromero,Enrique Fernando  Santiago Romero, Enrique Fernando  ,Santiago Romero,GPCUP-CP-GC,GP. Confederal De Unidas Podemos-En Comú Podem-Galicia En Común,M,http://www.congreso.es/portal/page/portal/Congreso/Congreso/Diputados/BusqForm?_piref73_1333155_73_1333154_1333154.next_page=/wc/fichaDiputado?idDiputado=45&idLegislatura=14
Vicentmanuelsarriàmorell,Vicent Manuel  Sarrià Morell, Vicent Manuel  ,Sarrià Morell,GPS ,GP. Socialista,M,http://www.congreso.es/portal/page/portal/Congreso/Congreso/Diputados/BusqForm?_piref73_1333155_73_1333154_1333154.next_page=/wc/fichaDiputado?idDiputado=90&idLegislatura=14
Sergiosayaslópez,Sergio  Sayas López, Sergio  ,Sayas López,GPMX,GP. Mixto,M,http://www.congreso.es/portal/page/portal/Congreso/Congreso/Diputados/BusqForm?_piref73_1333155_73_1333154_1333154.next_page=/wc/fichaDiputado?idDiputado=55&idLegislatura=14
Danielsenderosoraá,Daniel  Senderos Oraá, Daniel  ,Senderos Oraá,GPS ,GP. Socialista,M,http://www.congreso.es/portal/page/portal/Congreso/Congreso/Diputados/BusqForm?_piref73_1333155_73_1333154_1333154.next_page=/wc/fichaDiputado?idDiputado=367&idLegislatura=14
Davidserradapariente,David  Serrada Pariente, David  ,Serrada Pariente,GPS ,GP. Socialista,M,http://www.congreso.es/portal/page/portal/Congreso/Congreso/Diputados/BusqForm?_piref73_1333155_73_1333154_1333154.next_page=/wc/fichaDiputado?idDiputado=37&idLegislatura=14
Juanfranciscoserranomartínez,Juan Francisco  Serrano Martínez, Juan Francisco  ,Serrano Martínez,GPS ,GP. Socialista,M,http://www.congreso.es/portal/page/portal/Congreso/Congreso/Diputados/BusqForm?_piref73_1333155_73_1333154_1333154.next_page=/wc/fichaDiputado?idDiputado=158&idLegislatura=14
Yolandasevaruiz,Yolanda  Seva Ruiz, Yolanda  ,Seva Ruiz,GPS ,GP. Socialista,F,http://www.congreso.es/portal/page/portal/Congreso/Congreso/Diputados/BusqForm?_piref73_1333155_73_1333154_1333154.next_page=/wc/fichaDiputado?idDiputado=137&idLegislatura=14
Felipejesússiciliaalférez,Felipe Jesús  Sicilia Alférez, Felipe Jesús  ,Sicilia Alférez,GPS ,GP. Socialista,M,http://www.congreso.es/portal/page/portal/Congreso/Congreso/Diputados/BusqForm?_piref73_1333155_73_1333154_1333154.next_page=/wc/fichaDiputado?idDiputado=259&idLegislatura=14
Rafaelsimancassimancas,Rafael  Simancas Simancas, Rafael  ,Simancas Simancas,GPS ,GP. Socialista,M,http://www.congreso.es/portal/page/portal/Congreso/Congreso/Diputados/BusqForm?_piref73_1333155_73_1333154_1333154.next_page=/wc/fichaDiputado?idDiputado=287&idLegislatura=14
Alejandrosolermur,Alejandro  Soler Mur, Alejandro  ,Soler Mur,GPS ,GP. Socialista,M,http://www.congreso.es/portal/page/portal/Congreso/Congreso/Diputados/BusqForm?_piref73_1333155_73_1333154_1333154.next_page=/wc/fichaDiputado?idDiputado=144&idLegislatura=14
Juanluissotoburillo,Juan Luis  Soto Burillo, Juan Luis  ,Soto Burillo,GPS ,GP. Socialista,M,http://www.congreso.es/portal/page/portal/Congreso/Congreso/Diputados/BusqForm?_piref73_1333155_73_1333154_1333154.next_page=/wc/fichaDiputado?idDiputado=275&idLegislatura=14
Juanluissteegmannolmedillas,Juan Luis  Steegmann Olmedillas, Juan Luis  ,Steegmann Olmedillas,GPVOX ,GP. VOX,M,http://www.congreso.es/portal/page/portal/Congreso/Congreso/Diputados/BusqForm?_piref73_1333155_73_1333154_1333154.next_page=/wc/fichaDiputado?idDiputado=135&idLegislatura=14
Adolfosuárezillana,Adolfo  Suárez Illana, Adolfo  ,Suárez Illana,GPP ,GP. Popular en el congreso,M,http://www.congreso.es/portal/page/portal/Congreso/Congreso/Diputados/BusqForm?_piref73_1333155_73_1333154_1333154.next_page=/wc/fichaDiputado?idDiputado=32&idLegislatura=14
Eloysuárezlamata,Eloy  Suárez Lamata, Eloy  ,Suárez Lamata,GPP ,GP. Popular en el congreso,M,http://www.congreso.es/portal/page/portal/Congreso/Congreso/Diputados/BusqForm?_piref73_1333155_73_1333154_1333154.next_page=/wc/fichaDiputado?idDiputado=214&idLegislatura=14
Susanasumelzojordán,Susana  Sumelzo Jordán, Susana  ,Sumelzo Jordán,GPS ,GP. Socialista,F,http://www.congreso.es/portal/page/portal/Congreso/Congreso/Diputados/BusqForm?_piref73_1333155_73_1333154_1333154.next_page=/wc/fichaDiputado?idDiputado=126&idLegislatura=14
Diegotaibomonelos,Diego  Taibo Monelos, Diego  ,Taibo Monelos,GPS ,GP. Socialista,M,http://www.congreso.es/portal/page/portal/Congreso/Congreso/Diputados/BusqForm?_piref73_1333155_73_1333154_1333154.next_page=/wc/fichaDiputado?idDiputado=373&idLegislatura=14
Carolinatelecheailozano,Carolina  Telechea I Lozano, Carolina  ,Telechea i Lozano,GPR ,GP. Republicano,F,http://www.congreso.es/portal/page/portal/Congreso/Congreso/Diputados/BusqForm?_piref73_1333155_73_1333154_1333154.next_page=/wc/fichaDiputado?idDiputado=188&idLegislatura=14
Vicentetiradoochoa,Vicente  Tirado Ochoa, Vicente  ,Tirado Ochoa,GPP ,GP. Popular en el congreso,M,http://www.congreso.es/portal/page/portal/Congreso/Congreso/Diputados/BusqForm?_piref73_1333155_73_1333154_1333154.next_page=/wc/fichaDiputado?idDiputado=16&idLegislatura=14
Uxíatizónvázquez,Uxía  Tizón Vázquez, Uxía  ,Tizón Vázquez,GPS ,GP. Socialista,F,http://www.congreso.es/portal/page/portal/Congreso/Congreso/Diputados/BusqForm?_piref73_1333155_73_1333154_1333154.next_page=/wc/fichaDiputado?idDiputado=374&idLegislatura=14
Carlatoscanodebalbín,Carla  Toscano De Balbín, Carla  ,Toscano de Balbín,GPVOX ,GP. VOX,F,http://www.congreso.es/portal/page/portal/Congreso/Congreso/Diputados/BusqForm?_piref73_1333155_73_1333154_1333154.next_page=/wc/fichaDiputado?idDiputado=296&idLegislatura=14
Georginatríasgil,Georgina  Trías Gil, Georgina  ,Trías Gil,GPVOX ,GP. VOX,F,http://www.congreso.es/portal/page/portal/Congreso/Congreso/Diputados/BusqForm?_piref73_1333155_73_1333154_1333154.next_page=/wc/fichaDiputado?idDiputado=277&idLegislatura=14
Edurneuriartebengoechea,Edurne  Uriarte Bengoechea, Edurne  ,Uriarte Bengoechea,GPP ,GP. Popular en el congreso,F,http://www.congreso.es/portal/page/portal/Congreso/Congreso/Diputados/BusqForm?_piref73_1333155_73_1333154_1333154.next_page=/wc/fichaDiputado?idDiputado=30&idLegislatura=14
Robertouriartetorrealday,Roberto  Uriarte Torrealday, Roberto  ,Uriarte Torrealday,GPCUP-CP-GC,GP. Confederal De Unidas Podemos-En Comú Podem-Galicia En Común,M,http://www.congreso.es/portal/page/portal/Congreso/Congreso/Diputados/BusqForm?_piref73_1333155_73_1333154_1333154.next_page=/wc/fichaDiputado?idDiputado=207&idLegislatura=14
Julioutrillacano,Julio  Utrilla Cano, Julio  ,Utrilla Cano,GPVOX ,GP. VOX,M,http://www.congreso.es/portal/page/portal/Congreso/Congreso/Diputados/BusqForm?_piref73_1333155_73_1333154_1333154.next_page=/wc/fichaDiputado?idDiputado=328&idLegislatura=14
Magdalenavaleriocordero,Magdalena  Valerio Cordero, Magdalena  ,Valerio Cordero,GPS ,GP. Socialista,F,http://www.congreso.es/portal/page/portal/Congreso/Congreso/Diputados/BusqForm?_piref73_1333155_73_1333154_1333154.next_page=/wc/fichaDiputado?idDiputado=140&idLegislatura=14
Pilarvallugerabalañà,Pilar  Vallugera Balañà, Pilar  ,Vallugera Balañà,GPR ,GP. Republicano,F,http://www.congreso.es/portal/page/portal/Congreso/Congreso/Diputados/BusqForm?_piref73_1333155_73_1333154_1333154.next_page=/wc/fichaDiputado?idDiputado=88&idLegislatura=14
Anabelénvázquezblanco,Ana Belén  Vázquez Blanco, Ana Belén  ,Vázquez Blanco,GPP ,GP. Popular en el congreso,F,http://www.congreso.es/portal/page/portal/Congreso/Congreso/Diputados/BusqForm?_piref73_1333155_73_1333154_1333154.next_page=/wc/fichaDiputado?idDiputado=115&idLegislatura=14
Rubéndaríovegaarias,Rubén Darío  Vega Arias, Rubén Darío  ,Vega Arias,GPVOX ,GP. VOX,M,http://www.congreso.es/portal/page/portal/Congreso/Congreso/Diputados/BusqForm?_piref73_1333155_73_1333154_1333154.next_page=/wc/fichaDiputado?idDiputado=271&idLegislatura=14
Mireiavehícantenys,Mireia  Vehí Cantenys, Mireia  ,Vehí Cantenys,GPMX,GP. Mixto,F,http://www.congreso.es/portal/page/portal/Congreso/Congreso/Diputados/BusqForm?_piref73_1333155_73_1333154_1333154.next_page=/wc/fichaDiputado?idDiputado=86&idLegislatura=14
Martinavelardegómez,Martina  Velarde Gómez, Martina  ,Velarde Gómez,GPCUP-CP-GC,GP. Confederal De Unidas Podemos-En Comú Podem-Galicia En Común,F,http://www.congreso.es/portal/page/portal/Congreso/Congreso/Diputados/BusqForm?_piref73_1333155_73_1333154_1333154.next_page=/wc/fichaDiputado?idDiputado=235&idLegislatura=14
Elviravelascomorillo,Elvira  Velasco Morillo, Elvira  ,Velasco Morillo,GPP ,GP. Popular en el congreso,F,http://www.congreso.es/portal/page/portal/Congreso/Congreso/Diputados/BusqForm?_piref73_1333155_73_1333154_1333154.next_page=/wc/fichaDiputado?idDiputado=10&idLegislatura=14
Noeliaveraruíz-Herrera,Noelia  Vera Ruíz-Herrera, Noelia  ,Vera Ruíz-Herrera,GPCUP-CP-GC,GP. Confederal De Unidas Podemos-En Comú Podem-Galicia En Común,F,http://www.congreso.es/portal/page/portal/Congreso/Congreso/Diputados/BusqForm?_piref73_1333155_73_1333154_1333154.next_page=/wc/fichaDiputado?idDiputado=345&idLegislatura=14
Danielvicenteviondi,Daniel  Vicente Viondi, Daniel  ,Vicente Viondi,GPS ,GP. Socialista,M,http://www.congreso.es/portal/page/portal/Congreso/Congreso/Diputados/BusqForm?_piref73_1333155_73_1333154_1333154.next_page=/wc/fichaDiputado?idDiputado=80&idLegislatura=14
Ainavidalsáez,Aina  Vidal Sáez, Aina  ,Vidal Sáez,GPCUP-CP-GC,GP. Confederal De Unidas Podemos-En Comú Podem-Galicia En Común,F,http://www.congreso.es/portal/page/portal/Congreso/Congreso/Diputados/BusqForm?_piref73_1333155_73_1333154_1333154.next_page=/wc/fichaDiputado?idDiputado=266&idLegislatura=14
Maríaluisavilchesruiz,María Luisa  Vilches Ruiz, María Luisa  ,Vilches Ruiz,GPS ,GP. Socialista,F,http://www.congreso.es/portal/page/portal/Congreso/Congreso/Diputados/BusqForm?_piref73_1333155_73_1333154_1333154.next_page=/wc/fichaDiputado?idDiputado=332&idLegislatura=14
Noemívillagrasaquero,Noemí  Villagrasa Quero, Noemí  ,Villagrasa Quero,GPS ,GP. Socialista,F,http://www.congreso.es/portal/page/portal/Congreso/Congreso/Diputados/BusqForm?_piref73_1333155_73_1333154_1333154.next_page=/wc/fichaDiputado?idDiputado=49&idLegislatura=14
Agustínzamarrónmoreno,Agustín  Zamarrón Moreno, Agustín  ,Zamarrón Moreno,GPS ,GP. Socialista,M,http://www.congreso.es/portal/page/portal/Congreso/Congreso/Diputados/BusqForm?_piref73_1333155_73_1333154_1333154.next_page=/wc/fichaDiputado?idDiputado=19&idLegislatura=14
Carlosjosézambranogarcía-Raez,Carlos José  Zambrano García-Raez, Carlos José  ,Zambrano García-Raez,GPVOX ,GP. VOX,M,http://www.congreso.es/portal/page/portal/Congreso/Congreso/Diputados/BusqForm?_piref73_1333155_73_1333154_1333154.next_page=/wc/fichaDiputado?idDiputado=254&idLegislatura=14
Josézaragozaalonso,José  Zaragoza Alonso, José  ,Zaragoza Alonso,GPS ,GP. Socialista,M,http://www.congreso.es/portal/page/portal/Congreso/Congreso/Diputados/BusqForm?_piref73_1333155_73_1333154_1333154.next_page=/wc/fichaDiputado?idDiputado=196&idLegislatura=14
Anamaríazuritaexpósito,Ana María  Zurita Expósito, Ana María  ,Zurita Expósito,GPP ,GP. Popular en el congreso,F,http://www.congreso.es/portal/page/portal/Congreso/Congreso/Diputados/BusqForm?_piref73_1333155_73_1333154_1333154.next_page=/wc/fichaDiputado?idDiputado=111&idLegislatura=14
Miguelangelgutierrezvivas,Miguel Ángel Gutiérrez Vivas,Miguel Ángel,Gutiérrez Vivas,GPCs ,GP. Ciudadanos,M,http://www.congreso.es/portal/page/portal/Congreso/Congreso/Diputados/BusqForm?_piref73_1333155_73_1333154_1333154.next_page=/wc/fichaDiputado&idLegislatura=14&idDiputado=375
Gabrielelorriagapisarik,Gabriel  Elorriaga Pisarik,Gabriel ,Elorriaga Pisarik,GPP ,GP. Popular en el congreso,M,http://www.congreso.es/portal/page/portal/Congreso/Congreso/Diputados/BusqForm?_piref73_1333155_73_1333154_1333154.next_page=/wc/fichaDiputado?idDiputado=376&idLegislatura=14
