name,type,value
MICAELA NAVARRO GARZÓN,rentas,4200.00
MICAELA NAVARRO GARZÓN,rentas,145.00
MICAELA NAVARRO GARZÓN,deudas,67500.00
MICAELA NAVARRO GARZÓN,deudas,25300.00
MICAELA NAVARRO GARZÓN,deudas,
MICAELA NAVARRO GARZÓN,depositos,107120.00
FRANCISCO JAVIER ARENAS BOCANEGRA,rentas,513.00
FRANCISCO JAVIER ARENAS BOCANEGRA,deudas,64901.02
FRANCISCO JAVIER ARENAS BOCANEGRA,deudas,
FRANCISCO JAVIER ARENAS BOCANEGRA,depositos,25000.00
MARÍA JESÚS CASTRO MATEOS,rentas,9485.84
MARÍA JESÚS CASTRO MATEOS,rentas,26992.00
MARÍA JESÚS CASTRO MATEOS,deudas,107301.00
MARÍA JESÚS CASTRO MATEOS,deudas,15000.00
MARÍA JESÚS CASTRO MATEOS,deudas,
MARÍA JESÚS CASTRO MATEOS,depositos,24272.00
SANTIAGO PÉREZ GARCÍA,rentas,40000.00
SANTIAGO PÉREZ GARCÍA,rentas,10000.00
SANTIAGO PÉREZ GARCÍA,rentas,42000.00
SANTIAGO PÉREZ GARCÍA,deudas,
SANTIAGO PÉREZ GARCÍA,depositos,9451.00
PÍO GARCÍA-ESCUDERO MÁRQUEZ,rentas,5853.20
PÍO GARCÍA-ESCUDERO MÁRQUEZ,rentas,419.44
PÍO GARCÍA-ESCUDERO MÁRQUEZ,rentas,103.74
PÍO GARCÍA-ESCUDERO MÁRQUEZ,rentas,32095.00
PÍO GARCÍA-ESCUDERO MÁRQUEZ,deudas,
PÍO GARCÍA-ESCUDERO MÁRQUEZ,depositos,409059.48
RAFAEL ANTONIO HERNANDO FRAILE,rentas,36276.91
RAFAEL ANTONIO HERNANDO FRAILE,deudas,84243.61
RAFAEL ANTONIO HERNANDO FRAILE,deudas,
RAFAEL ANTONIO HERNANDO FRAILE,depositos,56378.00
JOAN LERMA BLASCO,rentas,2044.68
JOAN LERMA BLASCO,deudas,
JOAN LERMA BLASCO,depositos,442752.00
CARLOS JAVIER FLORIANO CORRALES,rentas,4721.41
CARLOS JAVIER FLORIANO CORRALES,rentas,15911.64
CARLOS JAVIER FLORIANO CORRALES,rentas,22.77
CARLOS JAVIER FLORIANO CORRALES,deudas,85039.53
CARLOS JAVIER FLORIANO CORRALES,deudas,
CARLOS JAVIER FLORIANO CORRALES,depositos,58089.82
JOKIN BILDARRATZ SORRON,rentas,24717.58
JOKIN BILDARRATZ SORRON,deudas,94160.38
JOKIN BILDARRATZ SORRON,deudas,105664.08
JOKIN BILDARRATZ SORRON,deudas,
JOKIN BILDARRATZ SORRON,depositos,477105.92
JUAN JOSÉ IMBRODA ORTIZ,rentas,10540.00
JUAN JOSÉ IMBRODA ORTIZ,deudas,237000.00
JUAN JOSÉ IMBRODA ORTIZ,deudas,11400.00
JUAN JOSÉ IMBRODA ORTIZ,deudas,4000.00
JUAN JOSÉ IMBRODA ORTIZ,deudas,
JUAN JOSÉ IMBRODA ORTIZ,depositos,54000.00
ANTONIO ROMÁN JASANADA,rentas,49832.83
ANTONIO ROMÁN JASANADA,rentas,328.74
ANTONIO ROMÁN JASANADA,rentas,44.10
ANTONIO ROMÁN JASANADA,rentas,225.97
ANTONIO ROMÁN JASANADA,rentas,19047.26
ANTONIO ROMÁN JASANADA,deudas,70234.00
ANTONIO ROMÁN JASANADA,deudas,
ANTONIO ROMÁN JASANADA,depositos,162798.01
ANTONIO SERRANO AGUILAR,rentas,3138.24
ANTONIO SERRANO AGUILAR,rentas,190.17
ANTONIO SERRANO AGUILAR,deudas,
ANTONIO SERRANO AGUILAR,depositos,91311.01
MANUEL BLASCO MARQUÉS,rentas,
MANUEL BLASCO MARQUÉS,deudas,16127.00
MANUEL BLASCO MARQUÉS,deudas,
MANUEL BLASCO MARQUÉS,depositos,25692.00
AMELIA SALANUEVA MURGUIALDAY,deudas,25950.00
AMELIA SALANUEVA MURGUIALDAY,deudas,
AMELIA SALANUEVA MURGUIALDAY,depositos,52370.00
JOSÉ FERNÁNDEZ BLANCO,rentas,1960.00
JOSÉ FERNÁNDEZ BLANCO,rentas,0.00
JOSÉ FERNÁNDEZ BLANCO,deudas,19200.00
JOSÉ FERNÁNDEZ BLANCO,deudas,
JOSÉ FERNÁNDEZ BLANCO,depositos,54987.23
JUAN MANUEL JUNCAL RODRÍGUEZ,rentas,304.90
JUAN MANUEL JUNCAL RODRÍGUEZ,rentas,3.06
JUAN MANUEL JUNCAL RODRÍGUEZ,deudas,
JUAN MANUEL JUNCAL RODRÍGUEZ,depositos,35478.15
SATURNINA SANTANA DUMPIÉRREZ,rentas,82488.00
SATURNINA SANTANA DUMPIÉRREZ,rentas,220.00
SATURNINA SANTANA DUMPIÉRREZ,deudas,
SATURNINA SANTANA DUMPIÉRREZ,deudas,
SATURNINA SANTANA DUMPIÉRREZ,depositos,50000.00
ANTONIO GUTIÉRREZ LIMONES,deudas,
ANTONIO GUTIÉRREZ LIMONES,depositos,22330.00
JOSÉ MANUEL BARREIRO FERNÁNDEZ,rentas,35733.18
JOSÉ MANUEL BARREIRO FERNÁNDEZ,rentas,6439.51
JOSÉ MANUEL BARREIRO FERNÁNDEZ,rentas,1.40
JOSÉ MANUEL BARREIRO FERNÁNDEZ,rentas,4384.10
JOSÉ MANUEL BARREIRO FERNÁNDEZ,deudas,
JOSÉ MANUEL BARREIRO FERNÁNDEZ,depositos,190014.98
MARÍA DEL CARMEN LEYTE COELLO,rentas,8755.42
MARÍA DEL CARMEN LEYTE COELLO,rentas,1935.00
MARÍA DEL CARMEN LEYTE COELLO,rentas,2755.00
MARÍA DEL CARMEN LEYTE COELLO,deudas,17846.08
MARÍA DEL CARMEN LEYTE COELLO,deudas,
MARÍA DEL CARMEN LEYTE COELLO,depositos,69000.00
ANTONIO ALARCÓ HERNÁNDEZ,rentas,22698.00
ANTONIO ALARCÓ HERNÁNDEZ,rentas,8964.69
ANTONIO ALARCÓ HERNÁNDEZ,rentas,540.00
ANTONIO ALARCÓ HERNÁNDEZ,rentas,769.50
ANTONIO ALARCÓ HERNÁNDEZ,rentas,13500.00
ANTONIO ALARCÓ HERNÁNDEZ,deudas,100140.89
ANTONIO ALARCÓ HERNÁNDEZ,deudas,110423.89
ANTONIO ALARCÓ HERNÁNDEZ,deudas,
ANTONIO ALARCÓ HERNÁNDEZ,depositos,6201.95
JOSÉ ANTONIO MONAGO TERRAZA,rentas,69174.79
JOSÉ ANTONIO MONAGO TERRAZA,rentas,22.50
JOSÉ ANTONIO MONAGO TERRAZA,rentas,2700.00
JOSÉ ANTONIO MONAGO TERRAZA,deudas,54349.84
JOSÉ ANTONIO MONAGO TERRAZA,deudas,
JOSÉ ANTONIO MONAGO TERRAZA,depositos,14157.60
ALICIA SÁNCHEZ-CAMACHO PÉREZ,rentas,
ALICIA SÁNCHEZ-CAMACHO PÉREZ,rentas,
ALICIA SÁNCHEZ-CAMACHO PÉREZ,rentas,74063.00
ALICIA SÁNCHEZ-CAMACHO PÉREZ,deudas,510000.00
ALICIA SÁNCHEZ-CAMACHO PÉREZ,deudas,
ALICIA SÁNCHEZ-CAMACHO PÉREZ,depositos,2600.00
JUAN ESPADAS CEJAS,rentas,83293.38
JUAN ESPADAS CEJAS,deudas,92252.03
JUAN ESPADAS CEJAS,deudas,
JUAN ESPADAS CEJAS,depositos,26707.32
LUIS ROGELIO RODRÍGUEZ COMENDADOR PÉREZ,rentas,4399.66
LUIS ROGELIO RODRÍGUEZ COMENDADOR PÉREZ,rentas,2264.00
LUIS ROGELIO RODRÍGUEZ COMENDADOR PÉREZ,rentas,14885.00
LUIS ROGELIO RODRÍGUEZ COMENDADOR PÉREZ,deudas,
LUIS ROGELIO RODRÍGUEZ COMENDADOR PÉREZ,depositos,196169.00
JOSÉ LUIS SANZ RUIZ,rentas,56000.00
JOSÉ LUIS SANZ RUIZ,deudas,238776.00
JOSÉ LUIS SANZ RUIZ,deudas,
JOSÉ LUIS SANZ RUIZ,depositos,82000.00
FRANCISCO JOSÉ FERNÁNDEZ PÉREZ,rentas,69408.54
FRANCISCO JOSÉ FERNÁNDEZ PÉREZ,rentas,0.00
FRANCISCO JOSÉ FERNÁNDEZ PÉREZ,deudas,52275.00
FRANCISCO JOSÉ FERNÁNDEZ PÉREZ,deudas,141656.38
FRANCISCO JOSÉ FERNÁNDEZ PÉREZ,deudas,
FRANCISCO JOSÉ FERNÁNDEZ PÉREZ,depositos,31300.00
MARIA TERESA RIVERO SEGALÀS,deudas,167257.39
MARIA TERESA RIVERO SEGALÀS,deudas,
MARIA TERESA RIVERO SEGALÀS,depositos,4844.36
MARÍA JOSÉ GARCÍA-PELAYO JURADO,deudas,212010.14
MARÍA JOSÉ GARCÍA-PELAYO JURADO,deudas,
MARÍA JOSÉ GARCÍA-PELAYO JURADO,depositos,15000.00
JESÚS MARTÍN RODRÍGUEZ,rentas,3.00
JESÚS MARTÍN RODRÍGUEZ,rentas,7200.00
JESÚS MARTÍN RODRÍGUEZ,rentas,7200.00
JESÚS MARTÍN RODRÍGUEZ,deudas,40131.75
JESÚS MARTÍN RODRÍGUEZ,deudas,
JESÚS MARTÍN RODRÍGUEZ,depositos,70500.00
ANDER GIL GARCÍA,deudas,
ANDER GIL GARCÍA,depositos,56215.59
MARÍA ELENA DIEGO CASTELLANOS,rentas,61452.26
MARÍA ELENA DIEGO CASTELLANOS,rentas,5400.00
MARÍA ELENA DIEGO CASTELLANOS,deudas,7784.98
MARÍA ELENA DIEGO CASTELLANOS,deudas,89220.18
MARÍA ELENA DIEGO CASTELLANOS,deudas,7273.18
MARÍA ELENA DIEGO CASTELLANOS,deudas,18775.00
MARÍA ELENA DIEGO CASTELLANOS,deudas,
MARÍA ELENA DIEGO CASTELLANOS,depositos,4373.33
PALOMA INÉS SANZ JERÓNIMO,rentas,399.18
PALOMA INÉS SANZ JERÓNIMO,rentas,2777.78
PALOMA INÉS SANZ JERÓNIMO,deudas,
PALOMA INÉS SANZ JERÓNIMO,depositos,84600.53
GERARDO MARTÍNEZ MARTÍNEZ,deudas,11877.48
GERARDO MARTÍNEZ MARTÍNEZ,deudas,54076.29
GERARDO MARTÍNEZ MARTÍNEZ,deudas,
GERARDO MARTÍNEZ MARTÍNEZ,depositos,74000.00
ANA LOURDES GONZÁLEZ GARCÍA,deudas,52740.20
ANA LOURDES GONZÁLEZ GARCÍA,deudas,
ANA LOURDES GONZÁLEZ GARCÍA,depositos,42886.87
SUSANA DÍAZ PACHECO,rentas,71250.39
SUSANA DÍAZ PACHECO,rentas,650.00
SUSANA DÍAZ PACHECO,deudas,57153.47
SUSANA DÍAZ PACHECO,deudas,15800.58
SUSANA DÍAZ PACHECO,deudas,
SUSANA DÍAZ PACHECO,depositos,72330.72
ANTONIO JULIÁN RODRÍGUEZ ESQUERDO,deudas,
ANTONIO JULIÁN RODRÍGUEZ ESQUERDO,depositos,55879.00
JOSEP LLUÍS CLERIES I GONZÀLEZ,rentas,66.21
JOSEP LLUÍS CLERIES I GONZÀLEZ,rentas,0.36
JOSEP LLUÍS CLERIES I GONZÀLEZ,deudas,
JOSEP LLUÍS CLERIES I GONZÀLEZ,depositos,269647.13
JOSÉ CARMELO CEPEDA GARCÍA DE LEÓN,rentas,13368.82
JOSÉ CARMELO CEPEDA GARCÍA DE LEÓN,deudas,50548.00
JOSÉ CARMELO CEPEDA GARCÍA DE LEÓN,deudas,
JOSÉ CARMELO CEPEDA GARCÍA DE LEÓN,depositos,3633.00
TOMÁS MARCOS ARIAS,rentas,60906.02
TOMÁS MARCOS ARIAS,deudas,45132.10
TOMÁS MARCOS ARIAS,deudas,4396.06
TOMÁS MARCOS ARIAS,deudas,
TOMÁS MARCOS ARIAS,depositos,15000.00
RAFAEL DAMIÁN LEMUS RUBIALES,deudas,120000.00
RAFAEL DAMIÁN LEMUS RUBIALES,deudas,27000.00
RAFAEL DAMIÁN LEMUS RUBIALES,deudas,10000.00
RAFAEL DAMIÁN LEMUS RUBIALES,deudas,
RAFAEL DAMIÁN LEMUS RUBIALES,depositos,14000.00
CARLES MULET GARCÍA,rentas,36.40
CARLES MULET GARCÍA,deudas,11500.00
CARLES MULET GARCÍA,deudas,
CARLES MULET GARCÍA,depositos,35295.00
LUISA FERNANDA RUDI ÚBEDA,rentas,13895.28
LUISA FERNANDA RUDI ÚBEDA,deudas,
LUISA FERNANDA RUDI ÚBEDA,depositos,31418.78
ALBERTO FABRA PART,rentas,0.00
ALBERTO FABRA PART,rentas,0.00
ALBERTO FABRA PART,rentas,0.00
ALBERTO FABRA PART,rentas,0.00
ALBERTO FABRA PART,deudas,158098.00
ALBERTO FABRA PART,deudas,11959.00
ALBERTO FABRA PART,deudas,
ALBERTO FABRA PART,depositos,61098.82
AMARO HUELVA BETANZOS,deudas,23986.09
AMARO HUELVA BETANZOS,deudas,1947.79
AMARO HUELVA BETANZOS,deudas,37014.88
AMARO HUELVA BETANZOS,deudas,185988.65
AMARO HUELVA BETANZOS,deudas,
AMARO HUELVA BETANZOS,depositos,8064.84
OLIVIA MARÍA DELGADO OVAL,rentas,2955.38
OLIVIA MARÍA DELGADO OVAL,rentas,1332.00
OLIVIA MARÍA DELGADO OVAL,rentas,2.40
OLIVIA MARÍA DELGADO OVAL,deudas,64451.54
OLIVIA MARÍA DELGADO OVAL,deudas,
OLIVIA MARÍA DELGADO OVAL,depositos,111657.01
MARÍA ÁNGELES MUÑOZ URIOL,rentas,84621.76
MARÍA ÁNGELES MUÑOZ URIOL,rentas,1200.00
MARÍA ÁNGELES MUÑOZ URIOL,rentas,1200.00
MARÍA ÁNGELES MUÑOZ URIOL,rentas,850.00
MARÍA ÁNGELES MUÑOZ URIOL,deudas,377728.12
MARÍA ÁNGELES MUÑOZ URIOL,deudas,247300.00
MARÍA ÁNGELES MUÑOZ URIOL,deudas,94757.60
MARÍA ÁNGELES MUÑOZ URIOL,deudas,
MARÍA ÁNGELES MUÑOZ URIOL,depositos,79102.28
MARÍA CARMEN ISABEL POBO SÁNCHEZ,rentas,2400.00
MARÍA CARMEN ISABEL POBO SÁNCHEZ,rentas,
MARÍA CARMEN ISABEL POBO SÁNCHEZ,deudas,85594.22
MARÍA CARMEN ISABEL POBO SÁNCHEZ,deudas,
MARÍA CARMEN ISABEL POBO SÁNCHEZ,depositos,4649.01
RIANSARES SERRANO MORALES,rentas,5268.69
RIANSARES SERRANO MORALES,rentas,89.10
RIANSARES SERRANO MORALES,rentas,2250.00
RIANSARES SERRANO MORALES,deudas,116189.57
RIANSARES SERRANO MORALES,deudas,
RIANSARES SERRANO MORALES,depositos,82450.47
FÉLIX ORTEGA FERNÁNDEZ,deudas,146504.75
FÉLIX ORTEGA FERNÁNDEZ,deudas,
FÉLIX ORTEGA FERNÁNDEZ,depositos,58723.82
ROSA MARÍA ALDEA GÓMEZ,deudas,
ROSA MARÍA ALDEA GÓMEZ,depositos,70000.00
NEREA AHEDO CEZA,deudas,201582.00
NEREA AHEDO CEZA,deudas,167244.00
NEREA AHEDO CEZA,deudas,
NEREA AHEDO CEZA,depositos,10008.27
MARÍA DOLORES ETXANO VARELA,rentas,700.00
MARÍA DOLORES ETXANO VARELA,rentas,358.57
MARÍA DOLORES ETXANO VARELA,rentas,13.36
MARÍA DOLORES ETXANO VARELA,deudas,14570.73
MARÍA DOLORES ETXANO VARELA,deudas,3986.69
MARÍA DOLORES ETXANO VARELA,deudas,
MARÍA DOLORES ETXANO VARELA,depositos,41626.00
SEBASTIÁN GONZÁLEZ VÁZQUEZ,rentas,20770.00
SEBASTIÁN GONZÁLEZ VÁZQUEZ,rentas,969.15
SEBASTIÁN GONZÁLEZ VÁZQUEZ,rentas,205.29
SEBASTIÁN GONZÁLEZ VÁZQUEZ,rentas,7.34
SEBASTIÁN GONZÁLEZ VÁZQUEZ,rentas,1800.00
SEBASTIÁN GONZÁLEZ VÁZQUEZ,deudas,
SEBASTIÁN GONZÁLEZ VÁZQUEZ,depositos,74391.76
CRISTINA AYALA SANTAMARÍA,deudas,6338.00
CRISTINA AYALA SANTAMARÍA,deudas,161924.00
CRISTINA AYALA SANTAMARÍA,deudas,
CRISTINA AYALA SANTAMARÍA,depositos,80634.00
GONZALO JESÚS ROBLES OROZCO,rentas,190.00
GONZALO JESÚS ROBLES OROZCO,deudas,24500.00
GONZALO JESÚS ROBLES OROZCO,deudas,
GONZALO JESÚS ROBLES OROZCO,depositos,18000.00
SALOMÉ PRADAS TEN,rentas,6.39
SALOMÉ PRADAS TEN,deudas,85200.00
SALOMÉ PRADAS TEN,deudas,170000.00
SALOMÉ PRADAS TEN,deudas,
SALOMÉ PRADAS TEN,depositos,61500.00
MIGUEL JOSÉ AUBÀ FLEIX,rentas,0.00
MIGUEL JOSÉ AUBÀ FLEIX,rentas,360.00
MIGUEL JOSÉ AUBÀ FLEIX,rentas,0.00
MIGUEL JOSÉ AUBÀ FLEIX,rentas,0.00
MIGUEL JOSÉ AUBÀ FLEIX,rentas,0.00
MIGUEL JOSÉ AUBÀ FLEIX,deudas,
MIGUEL JOSÉ AUBÀ FLEIX,deudas,
MIGUEL JOSÉ AUBÀ FLEIX,depositos,21463.67
JOSEP RUFÀ GRÀCIA,rentas,63.00
JOSEP RUFÀ GRÀCIA,deudas,20000.00
JOSEP RUFÀ GRÀCIA,deudas,162000.00
JOSEP RUFÀ GRÀCIA,deudas,12000.00
JOSEP RUFÀ GRÀCIA,deudas,
JOSEP RUFÀ GRÀCIA,depositos,4320.00
JOSÉ IGNACIO LANDALUCE CALLEJA,rentas,10773.00
JOSÉ IGNACIO LANDALUCE CALLEJA,rentas,4370.64
JOSÉ IGNACIO LANDALUCE CALLEJA,rentas,117757.15
JOSÉ IGNACIO LANDALUCE CALLEJA,rentas,2.24
JOSÉ IGNACIO LANDALUCE CALLEJA,rentas,26400.00
JOSÉ IGNACIO LANDALUCE CALLEJA,rentas,0.00
JOSÉ IGNACIO LANDALUCE CALLEJA,rentas,36.42
JOSÉ IGNACIO LANDALUCE CALLEJA,deudas,261360.75
JOSÉ IGNACIO LANDALUCE CALLEJA,deudas,59725.09
JOSÉ IGNACIO LANDALUCE CALLEJA,deudas,
JOSÉ IGNACIO LANDALUCE CALLEJA,depositos,121148.11
ESTHER BASILIA DEL BRÍO GONZÁLEZ,rentas,9000.00
ESTHER BASILIA DEL BRÍO GONZÁLEZ,rentas,900.00
ESTHER BASILIA DEL BRÍO GONZÁLEZ,deudas,
ESTHER BASILIA DEL BRÍO GONZÁLEZ,depositos,90000.00
MARÍA ADELAIDA PEDROSA ROLDÁN,rentas,92.20
MARÍA ADELAIDA PEDROSA ROLDÁN,rentas,1687.28
MARÍA ADELAIDA PEDROSA ROLDÁN,deudas,23544.11
MARÍA ADELAIDA PEDROSA ROLDÁN,deudas,
MARÍA ADELAIDA PEDROSA ROLDÁN,depositos,20712.00
SOFÍA ACEDO REYES,deudas,148678.58
SOFÍA ACEDO REYES,deudas,
SOFÍA ACEDO REYES,depositos,23106.00
JORDI MARTÍ DEULOFEU,deudas,10156.59
JORDI MARTÍ DEULOFEU,deudas,
JORDI MARTÍ DEULOFEU,depositos,180881.69
MODESTO POSE MESURA,rentas,400000.00
MODESTO POSE MESURA,deudas,
MODESTO POSE MESURA,depositos,20000.00
FRANCISCO JAVIER ALEGRE BUXEDA,rentas,6204.24
FRANCISCO JAVIER ALEGRE BUXEDA,rentas,
FRANCISCO JAVIER ALEGRE BUXEDA,rentas,
FRANCISCO JAVIER ALEGRE BUXEDA,rentas,
FRANCISCO JAVIER ALEGRE BUXEDA,deudas,7116.83
FRANCISCO JAVIER ALEGRE BUXEDA,deudas,
FRANCISCO JAVIER ALEGRE BUXEDA,depositos,41415.83
SARA VILÀ GALÁN,deudas,32187.55
SARA VILÀ GALÁN,deudas,9000.00
SARA VILÀ GALÁN,deudas,
SARA VILÀ GALÁN,depositos,5000.00
BERNAT PICORNELL GRENZNER,deudas,
BERNAT PICORNELL GRENZNER,depositos,77642.84
MIRELLA CORTÈS GÈS,deudas,
MIRELLA CORTÈS GÈS,depositos,14379.39
FERNANDO PRIEGO CHACÓN,rentas,3657.74
FERNANDO PRIEGO CHACÓN,deudas,22904.64
FERNANDO PRIEGO CHACÓN,deudas,5711.16
FERNANDO PRIEGO CHACÓN,deudas,142740.34
FERNANDO PRIEGO CHACÓN,deudas,
FERNANDO PRIEGO CHACÓN,depositos,36515.00
JESÚS MANUEL ALONSO JIMÉNEZ,rentas,7200.00
JESÚS MANUEL ALONSO JIMÉNEZ,deudas,
JESÚS MANUEL ALONSO JIMÉNEZ,depositos,100000.00
ELISENDA PÉREZ ESTEVE,deudas,241238.87
ELISENDA PÉREZ ESTEVE,deudas,
ELISENDA PÉREZ ESTEVE,depositos,9264.42
XAVIER CASTELLANA GAMISANS,rentas,60.00
XAVIER CASTELLANA GAMISANS,rentas,379.84
XAVIER CASTELLANA GAMISANS,rentas,1.05
XAVIER CASTELLANA GAMISANS,rentas,275.93
XAVIER CASTELLANA GAMISANS,deudas,114844.97
XAVIER CASTELLANA GAMISANS,deudas,
XAVIER CASTELLANA GAMISANS,depositos,22115.24
LAURA CASTEL FORT,deudas,28349.34
LAURA CASTEL FORT,deudas,
LAURA CASTEL FORT,depositos,31725.13
ROBERT MASIH NAHAR,deudas,25000.00
ROBERT MASIH NAHAR,deudas,3411.72
ROBERT MASIH NAHAR,deudas,28759.60
ROBERT MASIH NAHAR,deudas,236919.54
ROBERT MASIH NAHAR,deudas,
ROBERT MASIH NAHAR,depositos,4764.50
LORENA ROLDÁN SUÁREZ,rentas,56469.34
LORENA ROLDÁN SUÁREZ,rentas,3000.00
LORENA ROLDÁN SUÁREZ,deudas,
LORENA ROLDÁN SUÁREZ,depositos,144257.55
FRANCISCO MARTÍN BERNABÉ PÉREZ,rentas,5737.99
FRANCISCO MARTÍN BERNABÉ PÉREZ,deudas,39000.00
FRANCISCO MARTÍN BERNABÉ PÉREZ,deudas,31000.00
FRANCISCO MARTÍN BERNABÉ PÉREZ,deudas,51227.54
FRANCISCO MARTÍN BERNABÉ PÉREZ,deudas,
FRANCISCO MARTÍN BERNABÉ PÉREZ,depositos,28000.00
MARÍA FERNÁNDEZ ÁLVAREZ,rentas,3564.00
MARÍA FERNÁNDEZ ÁLVAREZ,rentas,780.00
MARÍA FERNÁNDEZ ÁLVAREZ,rentas,2680.50
MARÍA FERNÁNDEZ ÁLVAREZ,deudas,
MARÍA FERNÁNDEZ ÁLVAREZ,depositos,91026.80
MIGUEL ÁNGEL NACARINO MURIEL,rentas,10988.54
MIGUEL ÁNGEL NACARINO MURIEL,deudas,94373.57
MIGUEL ÁNGEL NACARINO MURIEL,deudas,
MIGUEL ÁNGEL NACARINO MURIEL,depositos,45406.62
MARÍA LUISA BUSTINDUY BARRERO,rentas,636.39
MARÍA LUISA BUSTINDUY BARRERO,rentas,1393.11
MARÍA LUISA BUSTINDUY BARRERO,deudas,49819.74
MARÍA LUISA BUSTINDUY BARRERO,deudas,139470.80
MARÍA LUISA BUSTINDUY BARRERO,deudas,
MARÍA LUISA BUSTINDUY BARRERO,depositos,11902.74
MIGUEL ÁNGEL VÁZQUEZ BERMÚDEZ,rentas,61853.02
MIGUEL ÁNGEL VÁZQUEZ BERMÚDEZ,rentas,35.86
MIGUEL ÁNGEL VÁZQUEZ BERMÚDEZ,rentas,1183.60
MIGUEL ÁNGEL VÁZQUEZ BERMÚDEZ,deudas,59335.61
MIGUEL ÁNGEL VÁZQUEZ BERMÚDEZ,deudas,
MIGUEL ÁNGEL VÁZQUEZ BERMÚDEZ,depositos,271635.89
MARÍA TERESA RUIZ-SILLERO BERNAL,rentas,100.86
MARÍA TERESA RUIZ-SILLERO BERNAL,rentas,2.77
MARÍA TERESA RUIZ-SILLERO BERNAL,deudas,
MARÍA TERESA RUIZ-SILLERO BERNAL,deudas,
MARÍA TERESA RUIZ-SILLERO BERNAL,depositos,109315.00
CLEMENTE SÁNCHEZ-GARNICA GÓMEZ,rentas,1074.70
CLEMENTE SÁNCHEZ-GARNICA GÓMEZ,rentas,214917.35
CLEMENTE SÁNCHEZ-GARNICA GÓMEZ,deudas,
CLEMENTE SÁNCHEZ-GARNICA GÓMEZ,depositos,108300.00
IMANOL LANDA JÁUREGUI,rentas,60604.56
IMANOL LANDA JÁUREGUI,deudas,134028.53
IMANOL LANDA JÁUREGUI,deudas,261050.45
IMANOL LANDA JÁUREGUI,deudas,
IMANOL LANDA JÁUREGUI,depositos,62248.82
MARÍA ISABEL VAQUERO MONTERO,rentas,5940.00
MARÍA ISABEL VAQUERO MONTERO,rentas,40183.16
MARÍA ISABEL VAQUERO MONTERO,deudas,56249.74
MARÍA ISABEL VAQUERO MONTERO,deudas,
MARÍA ISABEL VAQUERO MONTERO,depositos,64985.00
MARÍA MERCEDES GARMENDIA BERECIARTU,rentas,40360.74
MARÍA MERCEDES GARMENDIA BERECIARTU,rentas,3134.06
MARÍA MERCEDES GARMENDIA BERECIARTU,deudas,
MARÍA MERCEDES GARMENDIA BERECIARTU,depositos,56818.15
LUIS JESÚS URIBE-ETXEBARRIA APALATEGUI,rentas,55072.21
LUIS JESÚS URIBE-ETXEBARRIA APALATEGUI,rentas,2214.51
LUIS JESÚS URIBE-ETXEBARRIA APALATEGUI,deudas,51232.34
LUIS JESÚS URIBE-ETXEBARRIA APALATEGUI,deudas,50825.04
LUIS JESÚS URIBE-ETXEBARRIA APALATEGUI,deudas,11973.42
LUIS JESÚS URIBE-ETXEBARRIA APALATEGUI,deudas,
LUIS JESÚS URIBE-ETXEBARRIA APALATEGUI,depositos,7476.00
ALMUDENA OTAOLA URQUIJO,rentas,65932.30
ALMUDENA OTAOLA URQUIJO,deudas,
ALMUDENA OTAOLA URQUIJO,depositos,35500.00
MARÍA ROSA PERAL DÍEZ,rentas,44371.45
MARÍA ROSA PERAL DÍEZ,deudas,50370.00
MARÍA ROSA PERAL DÍEZ,deudas,252.00
MARÍA ROSA PERAL DÍEZ,deudas,
MARÍA ROSA PERAL DÍEZ,depositos,70793.00
JUAN CARLOS MEDINA MARTÍNEZ,rentas,42071.54
JUAN CARLOS MEDINA MARTÍNEZ,deudas,174419.00
JUAN CARLOS MEDINA MARTÍNEZ,deudas,
JUAN CARLOS MEDINA MARTÍNEZ,depositos,15000.00
ALBERTO CATALÁN HIGUERAS,rentas,47254.98
ALBERTO CATALÁN HIGUERAS,rentas,356.04
ALBERTO CATALÁN HIGUERAS,rentas,12107.96
ALBERTO CATALÁN HIGUERAS,deudas,1501.46
ALBERTO CATALÁN HIGUERAS,deudas,
ALBERTO CATALÁN HIGUERAS,depositos,62707.19
ANA ISABEL ALÓS LÓPEZ,rentas,21174.23
ANA ISABEL ALÓS LÓPEZ,rentas,0.30
ANA ISABEL ALÓS LÓPEZ,rentas,3780.00
ANA ISABEL ALÓS LÓPEZ,deudas,143500.00
ANA ISABEL ALÓS LÓPEZ,deudas,14507.00
ANA ISABEL ALÓS LÓPEZ,deudas,
ANA ISABEL ALÓS LÓPEZ,depositos,16260.00
BIENVENIDO DE ARRIBA SÁNCHEZ,deudas,13318.17
BIENVENIDO DE ARRIBA SÁNCHEZ,deudas,241619.58
BIENVENIDO DE ARRIBA SÁNCHEZ,deudas,
BIENVENIDO DE ARRIBA SÁNCHEZ,depositos,16338.17
ROSA MARÍA ARZA RODRÍGUEZ,rentas,1006.04
ROSA MARÍA ARZA RODRÍGUEZ,deudas,
ROSA MARÍA ARZA RODRÍGUEZ,depositos,24900.00
JOSÉ JULIÁN GREGORIO LÓPEZ,rentas,66209.09
JOSÉ JULIÁN GREGORIO LÓPEZ,rentas,6.44
JOSÉ JULIÁN GREGORIO LÓPEZ,deudas,199316.98
JOSÉ JULIÁN GREGORIO LÓPEZ,deudas,
JOSÉ JULIÁN GREGORIO LÓPEZ,depositos,1000.00
FRANCISCO JAVIER LACALLE LACALLE,rentas,58000.00
FRANCISCO JAVIER LACALLE LACALLE,deudas,16360.00
FRANCISCO JAVIER LACALLE LACALLE,deudas,92300.00
FRANCISCO JAVIER LACALLE LACALLE,deudas,
FRANCISCO JAVIER LACALLE LACALLE,depositos,59000.00
MIGUEL LORENZO TORRES,rentas,39030.54
MIGUEL LORENZO TORRES,rentas,2160.00
MIGUEL LORENZO TORRES,rentas,9.87
MIGUEL LORENZO TORRES,rentas,3800.00
MIGUEL LORENZO TORRES,deudas,147238.77
MIGUEL LORENZO TORRES,deudas,
MIGUEL LORENZO TORRES,depositos,63667.20
FRANCISCO JAVIER MÁRQUEZ SÁNCHEZ,rentas,70466.06
FRANCISCO JAVIER MÁRQUEZ SÁNCHEZ,deudas,97000.00
FRANCISCO JAVIER MÁRQUEZ SÁNCHEZ,deudas,
FRANCISCO JAVIER MÁRQUEZ SÁNCHEZ,depositos,26450.00
JUAN PABLO MARTÍN MARTÍN,rentas,52631.61
JUAN PABLO MARTÍN MARTÍN,rentas,25963.25
JUAN PABLO MARTÍN MARTÍN,rentas,3.95
JUAN PABLO MARTÍN MARTÍN,rentas,567.45
JUAN PABLO MARTÍN MARTÍN,deudas,132077.48
JUAN PABLO MARTÍN MARTÍN,deudas,
JUAN PABLO MARTÍN MARTÍN,depositos,192331.72
JORGE DOMINGO MARTÍNEZ ANTOLÍN,rentas,41094.00
JORGE DOMINGO MARTÍNEZ ANTOLÍN,deudas,
JORGE DOMINGO MARTÍNEZ ANTOLÍN,depositos,27200.00
FERNANDO MARTÍNEZ-MAÍLLO TORIBIO,deudas,22000.00
FERNANDO MARTÍNEZ-MAÍLLO TORIBIO,deudas,397000.00
FERNANDO MARTÍNEZ-MAÍLLO TORIBIO,deudas,18916.00
FERNANDO MARTÍNEZ-MAÍLLO TORIBIO,deudas,130000.00
FERNANDO MARTÍNEZ-MAÍLLO TORIBIO,deudas,25000.00
FERNANDO MARTÍNEZ-MAÍLLO TORIBIO,deudas,
FERNANDO MARTÍNEZ-MAÍLLO TORIBIO,depositos,40000.00
RODRIGO MEDIAVILLA PÉREZ,deudas,
RODRIGO MEDIAVILLA PÉREZ,deudas,
RODRIGO MEDIAVILLA PÉREZ,depositos,4261.25
JAVIER PUENTE REDONDO,rentas,100000.00
JAVIER PUENTE REDONDO,rentas,3251.00
JAVIER PUENTE REDONDO,rentas,6600.00
JAVIER PUENTE REDONDO,deudas,
JAVIER PUENTE REDONDO,depositos,75000.00
SERGIO RAMOS ACOSTA,rentas,21970.76
SERGIO RAMOS ACOSTA,rentas,19637.83
SERGIO RAMOS ACOSTA,deudas,440112.00
SERGIO RAMOS ACOSTA,deudas,27258.00
SERGIO RAMOS ACOSTA,deudas,
SERGIO RAMOS ACOSTA,depositos,6591.00
PATRICIA RODRÍGUEZ CALLEJA,rentas,48001.59
PATRICIA RODRÍGUEZ CALLEJA,deudas,165078.26
PATRICIA RODRÍGUEZ CALLEJA,deudas,
PATRICIA RODRÍGUEZ CALLEJA,depositos,62751.91
FERNANDO DE ROSA TORNER,rentas,61638.03
FERNANDO DE ROSA TORNER,rentas,5070.00
FERNANDO DE ROSA TORNER,rentas,2.78
FERNANDO DE ROSA TORNER,rentas,20.48
FERNANDO DE ROSA TORNER,rentas,15552.00
FERNANDO DE ROSA TORNER,rentas,3600.00
FERNANDO DE ROSA TORNER,rentas,325.86
FERNANDO DE ROSA TORNER,deudas,200000.00
FERNANDO DE ROSA TORNER,deudas,
FERNANDO DE ROSA TORNER,depositos,5800.00
PABLO RUZ VILLANUEVA,rentas,14878.00
PABLO RUZ VILLANUEVA,rentas,2087.00
PABLO RUZ VILLANUEVA,rentas,5832.00
PABLO RUZ VILLANUEVA,rentas,1200.00
PABLO RUZ VILLANUEVA,deudas,118230.00
PABLO RUZ VILLANUEVA,deudas,
PABLO RUZ VILLANUEVA,depositos,18400.00
MARÍA SALOM COLL,rentas,34000.00
MARÍA SALOM COLL,rentas,41981.99
MARÍA SALOM COLL,rentas,0.00
MARÍA SALOM COLL,deudas,
MARÍA SALOM COLL,depositos,541538.00
JAVIER SANTIAGO VÉLEZ,rentas,4503.03
JAVIER SANTIAGO VÉLEZ,rentas,13526.79
JAVIER SANTIAGO VÉLEZ,rentas,9039.18
JAVIER SANTIAGO VÉLEZ,rentas,36241.71
JAVIER SANTIAGO VÉLEZ,deudas,25000.00
JAVIER SANTIAGO VÉLEZ,deudas,
JAVIER SANTIAGO VÉLEZ,depositos,7000.00
JUAN JOSÉ SANZ VITORIO,rentas,90671.00
JUAN JOSÉ SANZ VITORIO,deudas,
JUAN JOSÉ SANZ VITORIO,depositos,243903.97
VIOLANTE TOMÁS OLIVARES,rentas,22174.74
VIOLANTE TOMÁS OLIVARES,deudas,102433.56
VIOLANTE TOMÁS OLIVARES,deudas,
VIOLANTE TOMÁS OLIVARES,depositos,6368.35
JOSÉ MANUEL TORTOSA RUIZ,rentas,1770.00
JOSÉ MANUEL TORTOSA RUIZ,rentas,15246.46
JOSÉ MANUEL TORTOSA RUIZ,rentas,38272.60
JOSÉ MANUEL TORTOSA RUIZ,rentas,812.83
JOSÉ MANUEL TORTOSA RUIZ,rentas,2105.62
JOSÉ MANUEL TORTOSA RUIZ,deudas,
JOSÉ MANUEL TORTOSA RUIZ,depositos,210759.01
MANUEL LORENZO VARELA RODRÍGUEZ,rentas,31673.04
MANUEL LORENZO VARELA RODRÍGUEZ,rentas,32.91
MANUEL LORENZO VARELA RODRÍGUEZ,rentas,7022.69
MANUEL LORENZO VARELA RODRÍGUEZ,deudas,18000.00
MANUEL LORENZO VARELA RODRÍGUEZ,deudas,
MANUEL LORENZO VARELA RODRÍGUEZ,depositos,1800000.00
MIGUEL ÁNGEL VISO DIÉGUEZ,rentas,2078.79
MIGUEL ÁNGEL VISO DIÉGUEZ,rentas,378.97
MIGUEL ÁNGEL VISO DIÉGUEZ,deudas,47717.11
MIGUEL ÁNGEL VISO DIÉGUEZ,deudas,
MIGUEL ÁNGEL VISO DIÉGUEZ,depositos,53.500.00
SARA BAILAC ARDANUY,rentas,3.13
SARA BAILAC ARDANUY,rentas,297.50
SARA BAILAC ARDANUY,deudas,19000.00
SARA BAILAC ARDANUY,deudas,
SARA BAILAC ARDANUY,depositos,26624.53
MIQUEL CAMINAL CERDÀ,rentas,15427.01
MIQUEL CAMINAL CERDÀ,rentas,765.68
MIQUEL CAMINAL CERDÀ,rentas,24.90
MIQUEL CAMINAL CERDÀ,rentas,13200.00
MIQUEL CAMINAL CERDÀ,deudas,
MIQUEL CAMINAL CERDÀ,depositos,50000.00
ANA MARIA SURRA SPADEA,deudas,38509.87
ANA MARIA SURRA SPADEA,deudas,14200.00
ANA MARIA SURRA SPADEA,deudas,
ANA MARIA SURRA SPADEA,depositos,16831.62
RUTH GOÑI SARRIES,deudas,100000.00
RUTH GOÑI SARRIES,deudas,
RUTH GOÑI SARRIES,depositos,111639.00
JOSEP MARIA MATAMALA ALSINA,rentas,13148.52
JOSEP MARIA MATAMALA ALSINA,rentas,780.00
JOSEP MARIA MATAMALA ALSINA,rentas,629.22
JOSEP MARIA MATAMALA ALSINA,deudas,58987.19
JOSEP MARIA MATAMALA ALSINA,deudas,
JOSEP MARIA MATAMALA ALSINA,depositos,21.391.28
JOSEFA INMACULADA GONZÁLEZ BAYO,rentas,709.95
JOSEFA INMACULADA GONZÁLEZ BAYO,deudas,14220.94
JOSEFA INMACULADA GONZÁLEZ BAYO,deudas,8098.62
JOSEFA INMACULADA GONZÁLEZ BAYO,deudas,
JOSEFA INMACULADA GONZÁLEZ BAYO,depositos,27283.93
MARÍA TERESA MACÍAS MATEOS,rentas,3386.52
MARÍA TERESA MACÍAS MATEOS,deudas,52194.64
MARÍA TERESA MACÍAS MATEOS,deudas,
MARÍA TERESA MACÍAS MATEOS,depositos,5582.48
MARÍA DE LOS ÁNGELES LUNA MORALES,rentas,54986.60
MARÍA DE LOS ÁNGELES LUNA MORALES,deudas,50557.40
MARÍA DE LOS ÁNGELES LUNA MORALES,deudas,
MARÍA DE LOS ÁNGELES LUNA MORALES,depositos,10432.92
FRANCISCO JAVIER DE LUCAS MARTÍN,rentas,4399.88
FRANCISCO JAVIER DE LUCAS MARTÍN,rentas,
FRANCISCO JAVIER DE LUCAS MARTÍN,rentas,
FRANCISCO JAVIER DE LUCAS MARTÍN,deudas,162531.00
FRANCISCO JAVIER DE LUCAS MARTÍN,deudas,5809.00
FRANCISCO JAVIER DE LUCAS MARTÍN,deudas,15700.00
FRANCISCO JAVIER DE LUCAS MARTÍN,deudas,
FRANCISCO JAVIER DE LUCAS MARTÍN,depositos,4000.00
JOSÉ LATORRE RUIZ,rentas,4.39
JOSÉ LATORRE RUIZ,deudas,35785.00
JOSÉ LATORRE RUIZ,deudas,23515.00
JOSÉ LATORRE RUIZ,deudas,4000.00
JOSÉ LATORRE RUIZ,deudas,113500.00
JOSÉ LATORRE RUIZ,deudas,294000.00
JOSÉ LATORRE RUIZ,deudas,
JOSÉ LATORRE RUIZ,depositos,35000.00
FERNANDO LASTRA VALDÉS,rentas,66041.87
FERNANDO LASTRA VALDÉS,rentas,202.81
FERNANDO LASTRA VALDÉS,deudas,117000.00
FERNANDO LASTRA VALDÉS,deudas,
FERNANDO LASTRA VALDÉS,depositos,92500.00
PALOMA HERNÁNDEZ CEREZO,rentas,38878.48
PALOMA HERNÁNDEZ CEREZO,rentas,150.25
PALOMA HERNÁNDEZ CEREZO,deudas,74030.00
PALOMA HERNÁNDEZ CEREZO,deudas,
PALOMA HERNÁNDEZ CEREZO,depositos,120000.00
MARÍA ASCENSIÓN GODOY TENA,rentas,3.75
MARÍA ASCENSIÓN GODOY TENA,deudas,5276.79
MARÍA ASCENSIÓN GODOY TENA,deudas,
MARÍA ASCENSIÓN GODOY TENA,depositos,59603.63
SARA MARÍA GALVÁN LOBATO,rentas,1372.80
SARA MARÍA GALVÁN LOBATO,deudas,78936.34
SARA MARÍA GALVÁN LOBATO,deudas,
SARA MARÍA GALVÁN LOBATO,depositos,17349.78
MANUEL ÁNGEL FERNÁNDEZ PALOMINO,deudas,103224.00
MANUEL ÁNGEL FERNÁNDEZ PALOMINO,deudas,28995.00
MANUEL ÁNGEL FERNÁNDEZ PALOMINO,deudas,
MANUEL ÁNGEL FERNÁNDEZ PALOMINO,depositos,45000.00
FRANCISCO MANUEL FAJARDO PALAREA,rentas,14000.00
FRANCISCO MANUEL FAJARDO PALAREA,rentas,39956.67
FRANCISCO MANUEL FAJARDO PALAREA,rentas,18000.00
FRANCISCO MANUEL FAJARDO PALAREA,deudas,17693.17
FRANCISCO MANUEL FAJARDO PALAREA,deudas,
FRANCISCO MANUEL FAJARDO PALAREA,depositos,1305.74
RAFAEL ESTEBAN SANTAMARÍA,rentas,36125.91
RAFAEL ESTEBAN SANTAMARÍA,rentas,8807.15
RAFAEL ESTEBAN SANTAMARÍA,rentas,67.57
RAFAEL ESTEBAN SANTAMARÍA,rentas,3600.00
RAFAEL ESTEBAN SANTAMARÍA,deudas,430.78
RAFAEL ESTEBAN SANTAMARÍA,deudas,75987.65
RAFAEL ESTEBAN SANTAMARÍA,deudas,33412.30
RAFAEL ESTEBAN SANTAMARÍA,deudas,8602.72
RAFAEL ESTEBAN SANTAMARÍA,deudas,
RAFAEL ESTEBAN SANTAMARÍA,depositos,11600.00
MANUEL ESCARDA ESCARDA,rentas,5.491.56
MANUEL ESCARDA ESCARDA,deudas,
MANUEL ESCARDA ESCARDA,depositos,5357.64
MARÍA PILAR DELGADO DÍEZ,rentas,4405.82
MARÍA PILAR DELGADO DÍEZ,rentas,120.61
MARÍA PILAR DELGADO DÍEZ,rentas,4200.00
MARÍA PILAR DELGADO DÍEZ,deudas,
MARÍA PILAR DELGADO DÍEZ,depositos,275586.58
MIGUEL DALMAU BLANCO,rentas,36508.01
MIGUEL DALMAU BLANCO,rentas,69.99
MIGUEL DALMAU BLANCO,rentas,55.66
MIGUEL DALMAU BLANCO,deudas,
MIGUEL DALMAU BLANCO,depositos,31014.97
MANUEL CRUZ RODRÍGUEZ,rentas,9320.23
MANUEL CRUZ RODRÍGUEZ,rentas,4349.50
MANUEL CRUZ RODRÍGUEZ,rentas,13640.00
MANUEL CRUZ RODRÍGUEZ,deudas,
MANUEL CRUZ RODRÍGUEZ,depositos,12572.21
SANTIAGO JOSÉ CASTELLÀ SURRIBAS,rentas,63023.97
SANTIAGO JOSÉ CASTELLÀ SURRIBAS,rentas,5.59
SANTIAGO JOSÉ CASTELLÀ SURRIBAS,rentas,16800.00
SANTIAGO JOSÉ CASTELLÀ SURRIBAS,deudas,46226.00
SANTIAGO JOSÉ CASTELLÀ SURRIBAS,deudas,
SANTIAGO JOSÉ CASTELLÀ SURRIBAS,depositos,93000.00
JESÚS CARO ADANERO,rentas,2364.84
JESÚS CARO ADANERO,rentas,1100.98
JESÚS CARO ADANERO,rentas,3034.71
JESÚS CARO ADANERO,deudas,
JESÚS CARO ADANERO,depositos,10615.22
JOSÉ MANUEL BOLAÑOS VISO,rentas,843.00
JOSÉ MANUEL BOLAÑOS VISO,deudas,
JOSÉ MANUEL BOLAÑOS VISO,depositos,49293.28
MARÍA ESTHER CARMONA DELGADO,deudas,69868.93
MARÍA ESTHER CARMONA DELGADO,deudas,6603.11
MARÍA ESTHER CARMONA DELGADO,deudas,10691.80
MARÍA ESTHER CARMONA DELGADO,deudas,
MARÍA ESTHER CARMONA DELGADO,depositos,14406.18
FRANCISCO ANTONIO BLANCO ÁNGEL,rentas,3.49
FRANCISCO ANTONIO BLANCO ÁNGEL,rentas,3105.87
FRANCISCO ANTONIO BLANCO ÁNGEL,deudas,
FRANCISCO ANTONIO BLANCO ÁNGEL,depositos,57200.00
MARÍA DEL MAR ARNÁIZ GARCÍA,rentas,4196.66
MARÍA DEL MAR ARNÁIZ GARCÍA,rentas,190.00
MARÍA DEL MAR ARNÁIZ GARCÍA,rentas,208.18
MARÍA DEL MAR ARNÁIZ GARCÍA,rentas,408.38
MARÍA DEL MAR ARNÁIZ GARCÍA,deudas,
MARÍA DEL MAR ARNÁIZ GARCÍA,depositos,42222.36
FRANCISCO JAVIER ARAGÓN ARIZA,rentas,600.00
FRANCISCO JAVIER ARAGÓN ARIZA,deudas,
FRANCISCO JAVIER ARAGÓN ARIZA,depositos,82000.00
JOSÉ AURELIO AGUILAR ROMÁN,rentas,5790.42
JOSÉ AURELIO AGUILAR ROMÁN,rentas,149650.00
JOSÉ AURELIO AGUILAR ROMÁN,rentas,13.56
JOSÉ AURELIO AGUILAR ROMÁN,deudas,23046.65
JOSÉ AURELIO AGUILAR ROMÁN,deudas,
JOSÉ AURELIO AGUILAR ROMÁN,depositos,101812.85
PATRICIA ABASCAL JIMÉNEZ,rentas,43384.88
PATRICIA ABASCAL JIMÉNEZ,rentas,134.25
PATRICIA ABASCAL JIMÉNEZ,deudas,4678.99
PATRICIA ABASCAL JIMÉNEZ,deudas,125504.52
PATRICIA ABASCAL JIMÉNEZ,deudas,
PATRICIA ABASCAL JIMÉNEZ,depositos,4560.27
ANA ISABEL VILLAR LECHÓN,rentas,0.24
ANA ISABEL VILLAR LECHÓN,deudas,24839.81
ANA ISABEL VILLAR LECHÓN,deudas,8717.87
ANA ISABEL VILLAR LECHÓN,deudas,
ANA ISABEL VILLAR LECHÓN,depositos,9000.00
SALVADOR VIDAL VARELA,rentas,6077.54
SALVADOR VIDAL VARELA,rentas,350.48
SALVADOR VIDAL VARELA,rentas,0.97
SALVADOR VIDAL VARELA,rentas,306.00
SALVADOR VIDAL VARELA,deudas,
SALVADOR VIDAL VARELA,depositos,15250.33
CÁNDIDA VERDIER MAYORAL,rentas,49735.56
CÁNDIDA VERDIER MAYORAL,deudas,22658.00
CÁNDIDA VERDIER MAYORAL,deudas,25186.00
CÁNDIDA VERDIER MAYORAL,deudas,15000.00
CÁNDIDA VERDIER MAYORAL,deudas,
CÁNDIDA VERDIER MAYORAL,depositos,2906.27
ANTONIO VÁZQUEZ LORENZO,rentas,33762.03
ANTONIO VÁZQUEZ LORENZO,deudas,
ANTONIO VÁZQUEZ LORENZO,depositos,15650.00
CARMEN TORRALBA VALIENTE,rentas,43199.54
CARMEN TORRALBA VALIENTE,rentas,15896.76
CARMEN TORRALBA VALIENTE,rentas,750.17
CARMEN TORRALBA VALIENTE,rentas,162.34
CARMEN TORRALBA VALIENTE,deudas,111390.00
CARMEN TORRALBA VALIENTE,deudas,
CARMEN TORRALBA VALIENTE,depositos,16614.00
VÍCTOR JAVIER RUIZ DE DIEGO,rentas,16191.61
VÍCTOR JAVIER RUIZ DE DIEGO,rentas,10932.00
VÍCTOR JAVIER RUIZ DE DIEGO,rentas,1000.00
VÍCTOR JAVIER RUIZ DE DIEGO,rentas,3.00
VÍCTOR JAVIER RUIZ DE DIEGO,rentas,300.00
VÍCTOR JAVIER RUIZ DE DIEGO,deudas,151000.00
VÍCTOR JAVIER RUIZ DE DIEGO,deudas,5000.00
VÍCTOR JAVIER RUIZ DE DIEGO,deudas,
VÍCTOR JAVIER RUIZ DE DIEGO,depositos,35000.00
DONELIA ROLDÁN MARTÍNEZ,rentas,14993.38
DONELIA ROLDÁN MARTÍNEZ,rentas,13198.61
DONELIA ROLDÁN MARTÍNEZ,rentas,10800.00
DONELIA ROLDÁN MARTÍNEZ,deudas,195000.00
DONELIA ROLDÁN MARTÍNEZ,deudas,2000.00
DONELIA ROLDÁN MARTÍNEZ,deudas,
DONELIA ROLDÁN MARTÍNEZ,depositos,720.00
ARTEMI VICENT RALLO LOMBARTE,rentas,3025.35
ARTEMI VICENT RALLO LOMBARTE,rentas,310.36
ARTEMI VICENT RALLO LOMBARTE,rentas,2232.41
ARTEMI VICENT RALLO LOMBARTE,deudas,25000.00
ARTEMI VICENT RALLO LOMBARTE,deudas,
ARTEMI VICENT RALLO LOMBARTE,depositos,5709.80
INÉS MARÍA PLAZA GARCÍA,deudas,131056.45
INÉS MARÍA PLAZA GARCÍA,deudas,21782.20
INÉS MARÍA PLAZA GARCÍA,deudas,
INÉS MARÍA PLAZA GARCÍA,depositos,8000.00
MARÍA VICTORIA DE PABLO DÁVILA,rentas,8491.00
MARÍA VICTORIA DE PABLO DÁVILA,deudas,156597.00
MARÍA VICTORIA DE PABLO DÁVILA,deudas,1743.00
MARÍA VICTORIA DE PABLO DÁVILA,deudas,
MARÍA VICTORIA DE PABLO DÁVILA,depositos,8022.00
MARÍA MONTSERRAT MURO MARTÍN,rentas,57659.43
MARÍA MONTSERRAT MURO MARTÍN,deudas,
MARÍA MONTSERRAT MURO MARTÍN,depositos,8196.94
ALFONSO MUÑOZ CUENCA,rentas,2661.00
ALFONSO MUÑOZ CUENCA,rentas,28020.21
ALFONSO MUÑOZ CUENCA,rentas,626.67
ALFONSO MUÑOZ CUENCA,deudas,
ALFONSO MUÑOZ CUENCA,depositos,302219.85
MARÍA ISABEL MORENO DUQUE,rentas,65296.07
MARÍA ISABEL MORENO DUQUE,deudas,10872.74
MARÍA ISABEL MORENO DUQUE,deudas,14524.96
MARÍA ISABEL MORENO DUQUE,deudas,8649.00
MARÍA ISABEL MORENO DUQUE,deudas,
MARÍA ISABEL MORENO DUQUE,depositos,3381.75
PEDRO ANTONIO MONTALVO ÍÑIGO,rentas,33024.43
PEDRO ANTONIO MONTALVO ÍÑIGO,deudas,
PEDRO ANTONIO MONTALVO ÍÑIGO,depositos,112000.00
CÉSAR ALEJANDRO MOGO ZARO,rentas,78306.78
CÉSAR ALEJANDRO MOGO ZARO,rentas,341.50
CÉSAR ALEJANDRO MOGO ZARO,rentas,23.68
CÉSAR ALEJANDRO MOGO ZARO,deudas,
CÉSAR ALEJANDRO MOGO ZARO,depositos,80841.00
MANUEL MIRANDA MARTÍNEZ,rentas,48948.40
MANUEL MIRANDA MARTÍNEZ,rentas,1268.67
MANUEL MIRANDA MARTÍNEZ,deudas,16864.00
MANUEL MIRANDA MARTÍNEZ,deudas,
MANUEL MIRANDA MARTÍNEZ,depositos,47896.00
MARÍA DEL CARMEN MÍNGUEZ SIERRA,rentas,6214.16
MARÍA DEL CARMEN MÍNGUEZ SIERRA,deudas,10148.39
MARÍA DEL CARMEN MÍNGUEZ SIERRA,deudas,14246.84
MARÍA DEL CARMEN MÍNGUEZ SIERRA,deudas,
MARÍA DEL CARMEN MÍNGUEZ SIERRA,depositos,32080.34
ESTEFANÍA MARTÍN PALOP,rentas,450.00
ESTEFANÍA MARTÍN PALOP,deudas,3010.40
ESTEFANÍA MARTÍN PALOP,deudas,9500.00
ESTEFANÍA MARTÍN PALOP,deudas,60400.00
ESTEFANÍA MARTÍN PALOP,deudas,56963.00
ESTEFANÍA MARTÍN PALOP,deudas,
ESTEFANÍA MARTÍN PALOP,depositos,21000.00
ANTONIO MAGDALENO ALEGRÍA,rentas,44356.93
ANTONIO MAGDALENO ALEGRÍA,rentas,3312.51
ANTONIO MAGDALENO ALEGRÍA,deudas,
ANTONIO MAGDALENO ALEGRÍA,depositos,42000.00
MARÍA MARGARITA PEREGRINA ADRIO TARACIDO,rentas,15795.55
MARÍA MARGARITA PEREGRINA ADRIO TARACIDO,rentas,10550.04
MARÍA MARGARITA PEREGRINA ADRIO TARACIDO,deudas,5200.00
MARÍA MARGARITA PEREGRINA ADRIO TARACIDO,deudas,
MARÍA MARGARITA PEREGRINA ADRIO TARACIDO,depositos,18992.00
GORKA ELEJABARRIETA DÍAZ,rentas,60.00
GORKA ELEJABARRIETA DÍAZ,deudas,248000.00
GORKA ELEJABARRIETA DÍAZ,deudas,108907.54
GORKA ELEJABARRIETA DÍAZ,deudas,
GORKA ELEJABARRIETA DÍAZ,depositos,4500.00
JOSE ASENSI SABATER,rentas,55061.98
JOSE ASENSI SABATER,rentas,1368.35
JOSE ASENSI SABATER,rentas,6000.00
JOSE ASENSI SABATER,rentas,1254.12
JOSE ASENSI SABATER,deudas,
JOSE ASENSI SABATER,depositos,190228.00
MARÍA MERCEDES BERENGUER LLORENS,rentas,6983.00
MARÍA MERCEDES BERENGUER LLORENS,rentas,6629.01
MARÍA MERCEDES BERENGUER LLORENS,rentas,68592.81
MARÍA MERCEDES BERENGUER LLORENS,rentas,122.55
MARÍA MERCEDES BERENGUER LLORENS,rentas,71.94
MARÍA MERCEDES BERENGUER LLORENS,deudas,
MARÍA MERCEDES BERENGUER LLORENS,depositos,46673.90
ALFONSO ESCUDERO ORTEGA,rentas,19791.19
ALFONSO ESCUDERO ORTEGA,rentas,498.70
ALFONSO ESCUDERO ORTEGA,rentas,3000.00
ALFONSO ESCUDERO ORTEGA,deudas,
ALFONSO ESCUDERO ORTEGA,depositos,230000.00
BALDOMERO ESPINOSA MORENO,rentas,34680.14
BALDOMERO ESPINOSA MORENO,rentas,444.17
BALDOMERO ESPINOSA MORENO,rentas,156.80
BALDOMERO ESPINOSA MORENO,deudas,36900.06
BALDOMERO ESPINOSA MORENO,deudas,6901.33
BALDOMERO ESPINOSA MORENO,deudas,7542.13
BALDOMERO ESPINOSA MORENO,deudas,15792.03
BALDOMERO ESPINOSA MORENO,deudas,2658.98
BALDOMERO ESPINOSA MORENO,deudas,
BALDOMERO ESPINOSA MORENO,depositos,1500.00
JUAN ANTONIO GILABERT SÁNCHEZ,rentas,26091.00
JUAN ANTONIO GILABERT SÁNCHEZ,deudas,29422.49
JUAN ANTONIO GILABERT SÁNCHEZ,deudas,6300.00
JUAN ANTONIO GILABERT SÁNCHEZ,deudas,
JUAN ANTONIO GILABERT SÁNCHEZ,depositos,41372.00
JESÚS GONZÁLEZ MÁRQUEZ,rentas,56196.54
JESÚS GONZÁLEZ MÁRQUEZ,rentas,2700.00
JESÚS GONZÁLEZ MÁRQUEZ,deudas,19624.40
JESÚS GONZÁLEZ MÁRQUEZ,deudas,5430.49
JESÚS GONZÁLEZ MÁRQUEZ,deudas,68614.16
JESÚS GONZÁLEZ MÁRQUEZ,deudas,6213.87
JESÚS GONZÁLEZ MÁRQUEZ,deudas,
JESÚS GONZÁLEZ MÁRQUEZ,depositos,30268.68
MARÍA NIEVES HERNÁNDEZ ESPINAL,rentas,17774.40
MARÍA NIEVES HERNÁNDEZ ESPINAL,rentas,77.89
MARÍA NIEVES HERNÁNDEZ ESPINAL,rentas,49.87
MARÍA NIEVES HERNÁNDEZ ESPINAL,deudas,125781.44
MARÍA NIEVES HERNÁNDEZ ESPINAL,deudas,2236.17
MARÍA NIEVES HERNÁNDEZ ESPINAL,deudas,
MARÍA NIEVES HERNÁNDEZ ESPINAL,depositos,1094.95
JULIA MARÍA LIBERAL LIBERAL,rentas,975.00
JULIA MARÍA LIBERAL LIBERAL,rentas,975.00
JULIA MARÍA LIBERAL LIBERAL,rentas,2000.00
JULIA MARÍA LIBERAL LIBERAL,deudas,51145.85
JULIA MARÍA LIBERAL LIBERAL,deudas,16021.78
JULIA MARÍA LIBERAL LIBERAL,deudas,
JULIA MARÍA LIBERAL LIBERAL,depositos,7825.60
ANA MARTÍNEZ ZARAGOZA,rentas,27270.18
ANA MARTÍNEZ ZARAGOZA,deudas,
ANA MARTÍNEZ ZARAGOZA,depositos,12275.02
RAMÓN MORALES QUESADA,rentas,1792.11
RAMÓN MORALES QUESADA,rentas,98.61
RAMÓN MORALES QUESADA,rentas,1802.50
RAMÓN MORALES QUESADA,deudas,14685.13
RAMÓN MORALES QUESADA,deudas,142000.00
RAMÓN MORALES QUESADA,deudas,20379.07
RAMÓN MORALES QUESADA,deudas,21131.01
RAMÓN MORALES QUESADA,deudas,16376.75
RAMÓN MORALES QUESADA,deudas,
RAMÓN MORALES QUESADA,depositos,2427.78
MARÍA DEL CARMEN MORÁN FRANCO,rentas,53.59
MARÍA DEL CARMEN MORÁN FRANCO,rentas,514.13
MARÍA DEL CARMEN MORÁN FRANCO,rentas,1354.45
MARÍA DEL CARMEN MORÁN FRANCO,deudas,15892.83
MARÍA DEL CARMEN MORÁN FRANCO,deudas,
MARÍA DEL CARMEN MORÁN FRANCO,depositos,195622.60
MARÍA CRISTINA NARBONA RUIZ,rentas,4115.23
MARÍA CRISTINA NARBONA RUIZ,deudas,
MARÍA CRISTINA NARBONA RUIZ,depositos,38710.00
JOSÉ MARÍA OLEAGA ZALVIDEA,rentas,38427.00
JOSÉ MARÍA OLEAGA ZALVIDEA,rentas,214.82
JOSÉ MARÍA OLEAGA ZALVIDEA,rentas,6240.00
JOSÉ MARÍA OLEAGA ZALVIDEA,deudas,29033.00
JOSÉ MARÍA OLEAGA ZALVIDEA,deudas,
JOSÉ MARÍA OLEAGA ZALVIDEA,depositos,150000.00
MARÍA JESÚS SERRANO JIMÉNEZ,deudas,16108.21
MARÍA JESÚS SERRANO JIMÉNEZ,deudas,17214.29
MARÍA JESÚS SERRANO JIMÉNEZ,deudas,
MARÍA JESÚS SERRANO JIMÉNEZ,depositos,22201.23
ANA MARÍA AGUDÍEZ CALVO,rentas,315.45
ANA MARÍA AGUDÍEZ CALVO,deudas,28367.66
ANA MARÍA AGUDÍEZ CALVO,deudas,4489.00
ANA MARÍA AGUDÍEZ CALVO,deudas,
ANA MARÍA AGUDÍEZ CALVO,depositos,8742.36
COSME BONET BONET,rentas,55970.96
COSME BONET BONET,rentas,20.78
COSME BONET BONET,deudas,153315.43
COSME BONET BONET,deudas,32989.18
COSME BONET BONET,deudas,
COSME BONET BONET,depositos,8131.68
MIGUEL ÁNGEL HEREDIA DÍAZ,rentas,360.00
MIGUEL ÁNGEL HEREDIA DÍAZ,rentas,80.00
MIGUEL ÁNGEL HEREDIA DÍAZ,deudas,54062.00
MIGUEL ÁNGEL HEREDIA DÍAZ,deudas,5800.00
MIGUEL ÁNGEL HEREDIA DÍAZ,deudas,
MIGUEL ÁNGEL HEREDIA DÍAZ,depositos,29643.58
SUSANNA MOLL KAMMERICH,rentas,51503.62
SUSANNA MOLL KAMMERICH,deudas,
SUSANNA MOLL KAMMERICH,depositos,32393.00
ALFONSO CARLOS MOSCOSO GONZÁLEZ,rentas,36000.00
ALFONSO CARLOS MOSCOSO GONZÁLEZ,rentas,1440.00
ALFONSO CARLOS MOSCOSO GONZÁLEZ,deudas,
ALFONSO CARLOS MOSCOSO GONZÁLEZ,depositos,1300.00
ALEJANDRO JOSÉ ZUBELDIA SANTOYO,rentas,61692.94
ALEJANDRO JOSÉ ZUBELDIA SANTOYO,deudas,29982.93
ALEJANDRO JOSÉ ZUBELDIA SANTOYO,deudas,
ALEJANDRO JOSÉ ZUBELDIA SANTOYO,depositos,23289.31
JAVIER GARCINUÑO RAMA,rentas,24062.78
JAVIER GARCINUÑO RAMA,rentas,5167.67
JAVIER GARCINUÑO RAMA,rentas,4981.50
JAVIER GARCINUÑO RAMA,rentas,
JAVIER GARCINUÑO RAMA,rentas,178.00
JAVIER GARCINUÑO RAMA,rentas,2894.91
JAVIER GARCINUÑO RAMA,deudas,915.00
JAVIER GARCINUÑO RAMA,deudas,7643.00
JAVIER GARCINUÑO RAMA,deudas,
JAVIER GARCINUÑO RAMA,depositos,30461.97
GONZALO PALACÍN GUARNÉ,rentas,1175.95
GONZALO PALACÍN GUARNÉ,rentas,3840.00
GONZALO PALACÍN GUARNÉ,deudas,187734.73
GONZALO PALACÍN GUARNÉ,deudas,1747.20
GONZALO PALACÍN GUARNÉ,deudas,17988.97
GONZALO PALACÍN GUARNÉ,deudas,
GONZALO PALACÍN GUARNÉ,depositos,140797.60
ANTONIO ARMANDO FERRER SAIS,rentas,31861.32
ANTONIO ARMANDO FERRER SAIS,rentas,5.47
ANTONIO ARMANDO FERRER SAIS,rentas,23.07
ANTONIO ARMANDO FERRER SAIS,rentas,847.77
ANTONIO ARMANDO FERRER SAIS,deudas,5550.00
ANTONIO ARMANDO FERRER SAIS,deudas,
ANTONIO ARMANDO FERRER SAIS,depositos,248475.00
MARÍA ISABEL FERNÁNDEZ GUTIÉRREZ,rentas,26061.03
MARÍA ISABEL FERNÁNDEZ GUTIÉRREZ,deudas,
MARÍA ISABEL FERNÁNDEZ GUTIÉRREZ,depositos,45000.00
ANA BELÉN EDO GIL,rentas,68.19
ANA BELÉN EDO GIL,rentas,18000.00
ANA BELÉN EDO GIL,deudas,51662.58
ANA BELÉN EDO GIL,deudas,40129.81
ANA BELÉN EDO GIL,deudas,12554.94
ANA BELÉN EDO GIL,deudas,38500.00
ANA BELÉN EDO GIL,deudas,
ANA BELÉN EDO GIL,depositos,15244.79
ANTONIO JOSÉ COSCULLUELA BERGUA,rentas,44627.10
ANTONIO JOSÉ COSCULLUELA BERGUA,deudas,
ANTONIO JOSÉ COSCULLUELA BERGUA,depositos,35000.00
ROSA MARÍA SERRANO SIERRA,rentas,695.00
ROSA MARÍA SERRANO SIERRA,rentas,1740.00
ROSA MARÍA SERRANO SIERRA,deudas,
ROSA MARÍA SERRANO SIERRA,depositos,22000.00
IDURRE BIDEGUREN GABANTXO,rentas,46905.23
IDURRE BIDEGUREN GABANTXO,deudas,185054.97
IDURRE BIDEGUREN GABANTXO,deudas,
IDURRE BIDEGUREN GABANTXO,depositos,28478.53
JESÚS VÁZQUEZ ABAD,rentas,71284.91
JESÚS VÁZQUEZ ABAD,deudas,59413.96
JESÚS VÁZQUEZ ABAD,deudas,
JESÚS VÁZQUEZ ABAD,depositos,74650.26
ELENA MUÑOZ FONTERIZ,rentas,88081.81
ELENA MUÑOZ FONTERIZ,deudas,223103.17
ELENA MUÑOZ FONTERIZ,deudas,
ELENA MUÑOZ FONTERIZ,depositos,34000.00
EMILIO ARGÜESO TORRES,rentas,91328.22
EMILIO ARGÜESO TORRES,deudas,103812.57
EMILIO ARGÜESO TORRES,deudas,28725.33
EMILIO ARGÜESO TORRES,deudas,
EMILIO ARGÜESO TORRES,depositos,12000.00
JOSEFINA ANTONIA BUENO ALONSO,rentas,69431.15
JOSEFINA ANTONIA BUENO ALONSO,rentas,128.50
JOSEFINA ANTONIA BUENO ALONSO,rentas,1234.57
JOSEFINA ANTONIA BUENO ALONSO,deudas,85653.77
JOSEFINA ANTONIA BUENO ALONSO,deudas,
JOSEFINA ANTONIA BUENO ALONSO,depositos,70173.55
EDUARDO FERNÁNDEZ RUBIÑO,rentas,46013.94
EDUARDO FERNÁNDEZ RUBIÑO,deudas,
EDUARDO FERNÁNDEZ RUBIÑO,depositos,33076.24
CARLOTA SANTIAGO CAMACHO,rentas,25046.16
CARLOTA SANTIAGO CAMACHO,deudas,43770.63
CARLOTA SANTIAGO CAMACHO,deudas,161552.10
CARLOTA SANTIAGO CAMACHO,deudas,257521.21
CARLOTA SANTIAGO CAMACHO,deudas,7072.61
CARLOTA SANTIAGO CAMACHO,deudas,
CARLOTA SANTIAGO CAMACHO,depositos,
ANA CAMINS MARTÍNEZ,rentas,61653.06
ANA CAMINS MARTÍNEZ,rentas,11100.00
ANA CAMINS MARTÍNEZ,deudas,46816.00
ANA CAMINS MARTÍNEZ,deudas,
ANA CAMINS MARTÍNEZ,depositos,9500.00
VICENÇ VIDAL MATAS,rentas,46763.39
VICENÇ VIDAL MATAS,deudas,
VICENÇ VIDAL MATAS,depositos,123000.00
JOSÉ MIGUEL FERNÁNDEZ VIADERO,rentas,33438.55
JOSÉ MIGUEL FERNÁNDEZ VIADERO,rentas,18660.18
JOSÉ MIGUEL FERNÁNDEZ VIADERO,rentas,255.00
JOSÉ MIGUEL FERNÁNDEZ VIADERO,rentas,300.00
JOSÉ MIGUEL FERNÁNDEZ VIADERO,rentas,1307.52
JOSÉ MIGUEL FERNÁNDEZ VIADERO,deudas,37032.83
JOSÉ MIGUEL FERNÁNDEZ VIADERO,deudas,
JOSÉ MIGUEL FERNÁNDEZ VIADERO,depositos,76211.15
JOSÉ VICENTE MARÍ BOSÓ,rentas,21193.26
JOSÉ VICENTE MARÍ BOSÓ,deudas,279838.81
JOSÉ VICENTE MARÍ BOSÓ,deudas,
JOSÉ VICENTE MARÍ BOSÓ,depositos,7567.63
PEDRO ANATAEL MENESES ROQUÉ,rentas,29945.44
PEDRO ANATAEL MENESES ROQUÉ,rentas,449.00
PEDRO ANATAEL MENESES ROQUÉ,rentas,325.15
PEDRO ANATAEL MENESES ROQUÉ,rentas,7200.00
PEDRO ANATAEL MENESES ROQUÉ,deudas,
PEDRO ANATAEL MENESES ROQUÉ,depositos,3900.00
FABIÁN CHINEA CORREA,deudas,
FABIÁN CHINEA CORREA,depositos,359.33
MIGUEL SÁNCHEZ LÓPEZ,deudas,5900.00
MIGUEL SÁNCHEZ LÓPEZ,deudas,2000.00
MIGUEL SÁNCHEZ LÓPEZ,deudas,21000.00
MIGUEL SÁNCHEZ LÓPEZ,deudas,
MIGUEL SÁNCHEZ LÓPEZ,depositos,150000.00
LOURDES RETUERTO RODRÍGUEZ,rentas,4302.69
LOURDES RETUERTO RODRÍGUEZ,rentas,0.00
LOURDES RETUERTO RODRÍGUEZ,rentas,0.00
LOURDES RETUERTO RODRÍGUEZ,rentas,0.00
LOURDES RETUERTO RODRÍGUEZ,deudas,22000.00
LOURDES RETUERTO RODRÍGUEZ,deudas,
LOURDES RETUERTO RODRÍGUEZ,depositos,3900.00
CAROLINA AGUDO ALONSO,rentas,37932.76
CAROLINA AGUDO ALONSO,rentas,14180.30
CAROLINA AGUDO ALONSO,rentas,17.20
CAROLINA AGUDO ALONSO,deudas,
CAROLINA AGUDO ALONSO,depositos,31221.56
RAÚL DÍAZ MARÍN,rentas,917.00
RAÚL DÍAZ MARÍN,deudas,
RAÚL DÍAZ MARÍN,depositos,78717.00
MARÍA TERESA FERNÁNDEZ MOLINA,rentas,292.50
MARÍA TERESA FERNÁNDEZ MOLINA,rentas,60.42
MARÍA TERESA FERNÁNDEZ MOLINA,rentas,1248.00
MARÍA TERESA FERNÁNDEZ MOLINA,rentas,42702.64
MARÍA TERESA FERNÁNDEZ MOLINA,deudas,133375.26
MARÍA TERESA FERNÁNDEZ MOLINA,deudas,
MARÍA TERESA FERNÁNDEZ MOLINA,depositos,30378.00
GREGORIO JESÚS FERNÁNDEZ VAQUERO,rentas,71201.90
GREGORIO JESÚS FERNÁNDEZ VAQUERO,rentas,13407.00
GREGORIO JESÚS FERNÁNDEZ VAQUERO,deudas,49778.00
GREGORIO JESÚS FERNÁNDEZ VAQUERO,deudas,
GREGORIO JESÚS FERNÁNDEZ VAQUERO,depositos,27500.00
MARÍA TERESA LÓPEZ MARTÍN,rentas,63108.37
MARÍA TERESA LÓPEZ MARTÍN,rentas,10000.00
MARÍA TERESA LÓPEZ MARTÍN,deudas,81828.00
MARÍA TERESA LÓPEZ MARTÍN,deudas,13983.77
MARÍA TERESA LÓPEZ MARTÍN,deudas,12950.29
MARÍA TERESA LÓPEZ MARTÍN,deudas,
MARÍA TERESA LÓPEZ MARTÍN,depositos,3000.00
FRANCISCO DÍAZ MUÑOZ,deudas,
FRANCISCO DÍAZ MUÑOZ,depositos,85640.27
JAVIER IGNACIO MAROTO ARANZÁBAL,rentas,23076.84
JAVIER IGNACIO MAROTO ARANZÁBAL,rentas,121.65
JAVIER IGNACIO MAROTO ARANZÁBAL,deudas,263002.12
JAVIER IGNACIO MAROTO ARANZÁBAL,deudas,
JAVIER IGNACIO MAROTO ARANZÁBAL,depositos,51669.00
FERNANDO CLAVIJO BATLLE,rentas,77746.16
FERNANDO CLAVIJO BATLLE,deudas,191477.00
FERNANDO CLAVIJO BATLLE,deudas,79716.00
FERNANDO CLAVIJO BATLLE,deudas,33000.00
FERNANDO CLAVIJO BATLLE,deudas,15000.00
FERNANDO CLAVIJO BATLLE,deudas,
FERNANDO CLAVIJO BATLLE,depositos,15000.00
PEDRO MANUEL RAMOS NEGRÍN,rentas,74192.49
PEDRO MANUEL RAMOS NEGRÍN,deudas,840.00
PEDRO MANUEL RAMOS NEGRÍN,deudas,
PEDRO MANUEL RAMOS NEGRÍN,depositos,2649.50
ASIER ANTONA GÓMEZ,rentas,65221.43
ASIER ANTONA GÓMEZ,rentas,2550.00
ASIER ANTONA GÓMEZ,rentas,6000.00
ASIER ANTONA GÓMEZ,deudas,49636.00
ASIER ANTONA GÓMEZ,deudas,
ASIER ANTONA GÓMEZ,depositos,8769.40
MARÍA TERESA MARTÍN POZO,rentas,57880.27
MARÍA TERESA MARTÍN POZO,rentas,3400.00
MARÍA TERESA MARTÍN POZO,rentas,58.25
MARÍA TERESA MARTÍN POZO,rentas,1174.00
MARÍA TERESA MARTÍN POZO,deudas,
MARÍA TERESA MARTÍN POZO,depositos,74660.92
FERNANDO LÓPEZ GIL,rentas,64409.89
FERNANDO LÓPEZ GIL,rentas,515.79
FERNANDO LÓPEZ GIL,rentas,136.12
FERNANDO LÓPEZ GIL,deudas,168689.37
FERNANDO LÓPEZ GIL,deudas,17408.22
FERNANDO LÓPEZ GIL,deudas,
FERNANDO LÓPEZ GIL,depositos,21000.00
JOSEBA KOLDOBIKA MARTÍNEZ URIONABARRENETXEA,rentas,57964.79
JOSEBA KOLDOBIKA MARTÍNEZ URIONABARRENETXEA,rentas,467.50
JOSEBA KOLDOBIKA MARTÍNEZ URIONABARRENETXEA,rentas,250.00
JOSEBA KOLDOBIKA MARTÍNEZ URIONABARRENETXEA,deudas,
JOSEBA KOLDOBIKA MARTÍNEZ URIONABARRENETXEA,depositos,450000.00
JOAQUÍN EGEA SERRANO,rentas,28162.81
JOAQUÍN EGEA SERRANO,deudas,962.60
JOAQUÍN EGEA SERRANO,deudas,9054.35
JOAQUÍN EGEA SERRANO,deudas,
JOAQUÍN EGEA SERRANO,depositos,9320.43
BEATRIZ MARTÍN LARRED,rentas,20395.74
BEATRIZ MARTÍN LARRED,rentas,0.36
BEATRIZ MARTÍN LARRED,deudas,64330.83
BEATRIZ MARTÍN LARRED,deudas,
BEATRIZ MARTÍN LARRED,depositos,6716.59
JOSÉ ANTONIO ROBLES RODRÍGUEZ,rentas,55861.00
JOSÉ ANTONIO ROBLES RODRÍGUEZ,deudas,31927.06
JOSÉ ANTONIO ROBLES RODRÍGUEZ,deudas,124948.95
JOSÉ ANTONIO ROBLES RODRÍGUEZ,deudas,107247.27
JOSÉ ANTONIO ROBLES RODRÍGUEZ,deudas,
JOSÉ ANTONIO ROBLES RODRÍGUEZ,depositos,17459.89
JOSÉ MANUEL ARANDA LASSA,rentas,68132.00
JOSÉ MANUEL ARANDA LASSA,rentas,12227.00
JOSÉ MANUEL ARANDA LASSA,rentas,9431.00
JOSÉ MANUEL ARANDA LASSA,rentas,3445.98
JOSÉ MANUEL ARANDA LASSA,rentas,571.47
JOSÉ MANUEL ARANDA LASSA,rentas,1184.41
JOSÉ MANUEL ARANDA LASSA,rentas,8605.00
JOSÉ MANUEL ARANDA LASSA,deudas,
JOSÉ MANUEL ARANDA LASSA,depositos,323820.00
AMAYA LANDÍN DÍAZ DE CORCUERA,rentas,7795.19
AMAYA LANDÍN DÍAZ DE CORCUERA,rentas,707.10
AMAYA LANDÍN DÍAZ DE CORCUERA,rentas,4427.27
AMAYA LANDÍN DÍAZ DE CORCUERA,deudas,45303.47
AMAYA LANDÍN DÍAZ DE CORCUERA,deudas,
AMAYA LANDÍN DÍAZ DE CORCUERA,depositos,23013.68
FÉLIX DE LAS CUEVAS CORTÉS,rentas,120187.94
FÉLIX DE LAS CUEVAS CORTÉS,rentas,5041.94
FÉLIX DE LAS CUEVAS CORTÉS,deudas,115317.37
FÉLIX DE LAS CUEVAS CORTÉS,deudas,
FÉLIX DE LAS CUEVAS CORTÉS,depositos,58023.80
RAMÓN RODRÍGUEZ LÓPEZ,rentas,26750.00
RAMÓN RODRÍGUEZ LÓPEZ,rentas,0.00
RAMÓN RODRÍGUEZ LÓPEZ,deudas,9745.66
RAMÓN RODRÍGUEZ LÓPEZ,deudas,53586.17
RAMÓN RODRÍGUEZ LÓPEZ,deudas,
RAMÓN RODRÍGUEZ LÓPEZ,depositos,4222.42
MARÍA PILAR ALÍA AGUADO,rentas,4565.82
MARÍA PILAR ALÍA AGUADO,rentas,88022.32
MARÍA PILAR ALÍA AGUADO,rentas,34649.64
MARÍA PILAR ALÍA AGUADO,rentas,52.36
MARÍA PILAR ALÍA AGUADO,rentas,71.13
MARÍA PILAR ALÍA AGUADO,deudas,60000.00
MARÍA PILAR ALÍA AGUADO,deudas,
MARÍA PILAR ALÍA AGUADO,depositos,72590.45
ANTONIO SILVÁN RODRÍGUEZ,rentas,79279.87
ANTONIO SILVÁN RODRÍGUEZ,rentas,66.57
ANTONIO SILVÁN RODRÍGUEZ,deudas,45722.00
ANTONIO SILVÁN RODRÍGUEZ,deudas,
ANTONIO SILVÁN RODRÍGUEZ,depositos,7000.00
MARÍA DEL CARMEN FERNÁNDEZ CABALLERO,rentas,396.08
MARÍA DEL CARMEN FERNÁNDEZ CABALLERO,deudas,
MARÍA DEL CARMEN FERNÁNDEZ CABALLERO,depositos,250000.00
PABLO PÉREZ CORONADO,rentas,25331.48
PABLO PÉREZ CORONADO,rentas,1559.25
PABLO PÉREZ CORONADO,deudas,
PABLO PÉREZ CORONADO,depositos,34175.75
MARÍA JOSÉ HEREDIA DE MIGUEL,rentas,52408.01
MARÍA JOSÉ HEREDIA DE MIGUEL,rentas,12.85
MARÍA JOSÉ HEREDIA DE MIGUEL,deudas,
MARÍA JOSÉ HEREDIA DE MIGUEL,depositos,104287.00
JOSEP MARIA CERVERA PINART,rentas,30603.02
JOSEP MARIA CERVERA PINART,rentas,16864.22
JOSEP MARIA CERVERA PINART,rentas,5856.62
JOSEP MARIA CERVERA PINART,rentas,2850.00
JOSEP MARIA CERVERA PINART,rentas,720.00
JOSEP MARIA CERVERA PINART,deudas,26634.75
JOSEP MARIA CERVERA PINART,deudas,65900.39
JOSEP MARIA CERVERA PINART,deudas,
JOSEP MARIA CERVERA PINART,depositos,3392.86
MARÍA DE LAS MERCEDES CANTALAPIEDRA ÁLVAREZ,rentas,17817.86
MARÍA DE LAS MERCEDES CANTALAPIEDRA ÁLVAREZ,rentas,975.20
MARÍA DE LAS MERCEDES CANTALAPIEDRA ÁLVAREZ,rentas,161.11
MARÍA DE LAS MERCEDES CANTALAPIEDRA ÁLVAREZ,rentas,26.78
MARÍA DE LAS MERCEDES CANTALAPIEDRA ÁLVAREZ,deudas,339278.12
MARÍA DE LAS MERCEDES CANTALAPIEDRA ÁLVAREZ,deudas,132415.18
MARÍA DE LAS MERCEDES CANTALAPIEDRA ÁLVAREZ,deudas,5000.00
MARÍA DE LAS MERCEDES CANTALAPIEDRA ÁLVAREZ,deudas,
MARÍA DE LAS MERCEDES CANTALAPIEDRA ÁLVAREZ,depositos,8550.35
JOSÉ MARÍA BARRIOS TEJERO,deudas,25854.03
JOSÉ MARÍA BARRIOS TEJERO,deudas,14469.10
JOSÉ MARÍA BARRIOS TEJERO,deudas,
JOSÉ MARÍA BARRIOS TEJERO,depositos,29367.71
DAVID JUAN MUÑOZ ARBONA,rentas,51251.35
DAVID JUAN MUÑOZ ARBONA,rentas,14.28   28.55
DAVID JUAN MUÑOZ ARBONA,deudas,109653.99
DAVID JUAN MUÑOZ ARBONA,deudas,190657.87
DAVID JUAN MUÑOZ ARBONA,deudas,110481.52
DAVID JUAN MUÑOZ ARBONA,deudas,29847.32
DAVID JUAN MUÑOZ ARBONA,deudas,
DAVID JUAN MUÑOZ ARBONA,depositos,34478.24
FRANCISCO JAVIER FRAGOSO MARTÍNEZ,rentas,48233.77
FRANCISCO JAVIER FRAGOSO MARTÍNEZ,rentas,2608.91
FRANCISCO JAVIER FRAGOSO MARTÍNEZ,rentas,0.29
FRANCISCO JAVIER FRAGOSO MARTÍNEZ,rentas,499.00
FRANCISCO JAVIER FRAGOSO MARTÍNEZ,rentas,475.00
FRANCISCO JAVIER FRAGOSO MARTÍNEZ,rentas,664.85
FRANCISCO JAVIER FRAGOSO MARTÍNEZ,rentas,4.43
FRANCISCO JAVIER FRAGOSO MARTÍNEZ,deudas,100100.29
FRANCISCO JAVIER FRAGOSO MARTÍNEZ,deudas,6000.00
FRANCISCO JAVIER FRAGOSO MARTÍNEZ,deudas,
FRANCISCO JAVIER FRAGOSO MARTÍNEZ,depositos,32923.79
VERÓNICA MARÍA CASAL MÍGUEZ,rentas,28679.52
VERÓNICA MARÍA CASAL MÍGUEZ,deudas,
VERÓNICA MARÍA CASAL MÍGUEZ,depositos,155482.78
JAVIER JORGE GUERRA FERNÁNDEZ,rentas,66404.68
JAVIER JORGE GUERRA FERNÁNDEZ,rentas,15528.00
JAVIER JORGE GUERRA FERNÁNDEZ,rentas,3375.77
JAVIER JORGE GUERRA FERNÁNDEZ,deudas,
JAVIER JORGE GUERRA FERNÁNDEZ,depositos,1863505.00
PILAR ROJO NOGUERA,rentas,5228.37
PILAR ROJO NOGUERA,rentas,3777.39
PILAR ROJO NOGUERA,deudas,152255.04
PILAR ROJO NOGUERA,deudas,88143.75
PILAR ROJO NOGUERA,deudas,102504.36
PILAR ROJO NOGUERA,deudas,
PILAR ROJO NOGUERA,depositos,53708.20
PEDRO MANUEL ROLLÁN OJEDA,rentas,67119.20
PEDRO MANUEL ROLLÁN OJEDA,rentas,0.00
PEDRO MANUEL ROLLÁN OJEDA,rentas,69.86
PEDRO MANUEL ROLLÁN OJEDA,deudas,8160.00
PEDRO MANUEL ROLLÁN OJEDA,deudas,316.00
PEDRO MANUEL ROLLÁN OJEDA,deudas,4465.00
PEDRO MANUEL ROLLÁN OJEDA,deudas,
PEDRO MANUEL ROLLÁN OJEDA,depositos,18110.00
JUAN MARÍA VÁZQUEZ ROJAS,rentas,48165.00
JUAN MARÍA VÁZQUEZ ROJAS,rentas,25840.00
JUAN MARÍA VÁZQUEZ ROJAS,rentas,22950.00
JUAN MARÍA VÁZQUEZ ROJAS,rentas,275.00
JUAN MARÍA VÁZQUEZ ROJAS,rentas,16.00
JUAN MARÍA VÁZQUEZ ROJAS,rentas,4200.00
JUAN MARÍA VÁZQUEZ ROJAS,deudas,120087.00
JUAN MARÍA VÁZQUEZ ROJAS,deudas,34304.00
JUAN MARÍA VÁZQUEZ ROJAS,deudas,
JUAN MARÍA VÁZQUEZ ROJAS,depositos,79520.00
CARLOS YÉCORA ROCA,rentas,62646.95
CARLOS YÉCORA ROCA,deudas,150840.00
CARLOS YÉCORA ROCA,deudas,
CARLOS YÉCORA ROCA,depositos,35000.00
VICENTE MARTÍNEZ MUS,rentas,18888.98
VICENTE MARTÍNEZ MUS,rentas,977.60
VICENTE MARTÍNEZ MUS,rentas,3543.33
VICENTE MARTÍNEZ MUS,deudas,39879.15
VICENTE MARTÍNEZ MUS,deudas,63259.82
VICENTE MARTÍNEZ MUS,deudas,13417.84
VICENTE MARTÍNEZ MUS,deudas,21431.06
VICENTE MARTÍNEZ MUS,deudas,5460.10
VICENTE MARTÍNEZ MUS,deudas,
VICENTE MARTÍNEZ MUS,depositos,5500.00
RUBÉN MORENO PALANQUES,rentas,27583.17
RUBÉN MORENO PALANQUES,rentas,55.65
RUBÉN MORENO PALANQUES,deudas,
RUBÉN MORENO PALANQUES,depositos,281303.70
JOSÉ ENRIQUE SÁNCHEZ NÚÑEZ,rentas,26322.14
JOSÉ ENRIQUE SÁNCHEZ NÚÑEZ,rentas,7.17
JOSÉ ENRIQUE SÁNCHEZ NÚÑEZ,rentas,7.17
JOSÉ ENRIQUE SÁNCHEZ NÚÑEZ,deudas,96919.70
JOSÉ ENRIQUE SÁNCHEZ NÚÑEZ,deudas,14874.21
JOSÉ ENRIQUE SÁNCHEZ NÚÑEZ,deudas,
JOSÉ ENRIQUE SÁNCHEZ NÚÑEZ,depositos,36619.35
BORJA PÉREZ SICILIA,rentas,34104.96
BORJA PÉREZ SICILIA,rentas,5.36
BORJA PÉREZ SICILIA,deudas,165000.00
BORJA PÉREZ SICILIA,deudas,23892.26
BORJA PÉREZ SICILIA,deudas,24141.85
BORJA PÉREZ SICILIA,deudas,
BORJA PÉREZ SICILIA,depositos,19049.77
FRANCISCO CAÑIZARES JIMÉNEZ,rentas,38816.13
FRANCISCO CAÑIZARES JIMÉNEZ,rentas,13407.00
FRANCISCO CAÑIZARES JIMÉNEZ,rentas,2940.00
FRANCISCO CAÑIZARES JIMÉNEZ,rentas,7680.18
FRANCISCO CAÑIZARES JIMÉNEZ,rentas,11.01
FRANCISCO CAÑIZARES JIMÉNEZ,deudas,72847.18
FRANCISCO CAÑIZARES JIMÉNEZ,deudas,48473.73
FRANCISCO CAÑIZARES JIMÉNEZ,deudas,
FRANCISCO CAÑIZARES JIMÉNEZ,depositos,31197.44
MARÍA PILAR MARTÍNEZ PEÑARRUBIA,rentas,38767.46
MARÍA PILAR MARTÍNEZ PEÑARRUBIA,rentas,22.52
MARÍA PILAR MARTÍNEZ PEÑARRUBIA,rentas,34644.74
MARÍA PILAR MARTÍNEZ PEÑARRUBIA,deudas,40964.34
MARÍA PILAR MARTÍNEZ PEÑARRUBIA,deudas,
MARÍA PILAR MARTÍNEZ PEÑARRUBIA,depositos,46125.32
JOSÉ LUIS GONZÁLEZ LA MOLA,rentas,48300.00
JOSÉ LUIS GONZÁLEZ LA MOLA,deudas,1700.00
JOSÉ LUIS GONZÁLEZ LA MOLA,deudas,
JOSÉ LUIS GONZÁLEZ LA MOLA,depositos,3000.00
LUIS ALBERTO PLAZA MARTÍN,rentas,40153.49
LUIS ALBERTO PLAZA MARTÍN,deudas,308000.00
LUIS ALBERTO PLAZA MARTÍN,deudas,18000.00
LUIS ALBERTO PLAZA MARTÍN,deudas,
LUIS ALBERTO PLAZA MARTÍN,depositos,3205.00
JOSÉ MANUEL MARÍN GASCÓN,rentas,18556.49
JOSÉ MANUEL MARÍN GASCÓN,rentas,13734.93
JOSÉ MANUEL MARÍN GASCÓN,rentas,3858.06
JOSÉ MANUEL MARÍN GASCÓN,rentas,7676.29
JOSÉ MANUEL MARÍN GASCÓN,rentas,8759.30
JOSÉ MANUEL MARÍN GASCÓN,deudas,62620.05
JOSÉ MANUEL MARÍN GASCÓN,deudas,5423.06
JOSÉ MANUEL MARÍN GASCÓN,deudas,1127.39
JOSÉ MANUEL MARÍN GASCÓN,deudas,204.19
JOSÉ MANUEL MARÍN GASCÓN,deudas,
JOSÉ MANUEL MARÍN GASCÓN,depositos,1320.76
MARÍA MERCEDES FERNÁNDEZ GONZÁLEZ,rentas,61813.00
MARÍA MERCEDES FERNÁNDEZ GONZÁLEZ,rentas,4302.00
MARÍA MERCEDES FERNÁNDEZ GONZÁLEZ,deudas,26066.02
MARÍA MERCEDES FERNÁNDEZ GONZÁLEZ,deudas,
MARÍA MERCEDES FERNÁNDEZ GONZÁLEZ,depositos,5461.00
XOAQUÍN FERNÁNDEZ LEICEAGA,rentas,56989.95
XOAQUÍN FERNÁNDEZ LEICEAGA,rentas,483.22
XOAQUÍN FERNÁNDEZ LEICEAGA,deudas,
XOAQUÍN FERNÁNDEZ LEICEAGA,depositos,30984.00
MARÍA JESÚS ÁLVAREZ GONZÁLEZ,rentas,66041.87
MARÍA JESÚS ÁLVAREZ GONZÁLEZ,rentas,167.37
MARÍA JESÚS ÁLVAREZ GONZÁLEZ,deudas,
MARÍA JESÚS ÁLVAREZ GONZÁLEZ,depositos,82350.60
MARÍA MERCEDES OTERO GARCÍA,rentas,19306.09
MARÍA MERCEDES OTERO GARCÍA,rentas,2769.97
MARÍA MERCEDES OTERO GARCÍA,deudas,50434.11
MARÍA MERCEDES OTERO GARCÍA,deudas,13917.52
MARÍA MERCEDES OTERO GARCÍA,deudas,
MARÍA MERCEDES OTERO GARCÍA,depositos,11640.71
ADELINA ESCANDELL GRASES,rentas,4.27
ADELINA ESCANDELL GRASES,deudas,13504.21
ADELINA ESCANDELL GRASES,deudas,
ADELINA ESCANDELL GRASES,depositos,12143.23
MARÍA PILAR GONZÁLEZ MODINO,deudas,168529.46
MARÍA PILAR GONZÁLEZ MODINO,deudas,
MARÍA PILAR GONZÁLEZ MODINO,depositos,1368.62
JACOBO GONZÁLEZ-ROBATTO PEROTE,rentas,27779.25
JACOBO GONZÁLEZ-ROBATTO PEROTE,deudas,291240.65
JACOBO GONZÁLEZ-ROBATTO PEROTE,deudas,13166.87
JACOBO GONZÁLEZ-ROBATTO PEROTE,deudas,
JACOBO GONZÁLEZ-ROBATTO PEROTE,depositos,151017.77
ABELARDO VICO RUIZ,rentas,26489.16
ABELARDO VICO RUIZ,rentas,1897.54
ABELARDO VICO RUIZ,deudas,75000.00
ABELARDO VICO RUIZ,deudas,
ABELARDO VICO RUIZ,depositos,82984.28
YOLANDA MERELO PALOMARES,rentas,55200.82
YOLANDA MERELO PALOMARES,rentas,16.81
YOLANDA MERELO PALOMARES,rentas,4.22
YOLANDA MERELO PALOMARES,rentas,12.79
YOLANDA MERELO PALOMARES,deudas,75540.00
YOLANDA MERELO PALOMARES,deudas,
YOLANDA MERELO PALOMARES,depositos,11806.72
ANTONIO MARTÍNEZ RODRÍGUEZ,rentas,54009.80
ANTONIO MARTÍNEZ RODRÍGUEZ,deudas,48502.41
ANTONIO MARTÍNEZ RODRÍGUEZ,deudas,
ANTONIO MARTÍNEZ RODRÍGUEZ,depositos,183890.00
ASSUMPCIÓ CASTELLVÍ AUVÍ,rentas,5740.00
ASSUMPCIÓ CASTELLVÍ AUVÍ,rentas,3330.00
ASSUMPCIÓ CASTELLVÍ AUVÍ,rentas,13934.07
ASSUMPCIÓ CASTELLVÍ AUVÍ,rentas,107.25
ASSUMPCIÓ CASTELLVÍ AUVÍ,rentas,0.24
ASSUMPCIÓ CASTELLVÍ AUVÍ,deudas,6535.38
ASSUMPCIÓ CASTELLVÍ AUVÍ,deudas,5359.64
ASSUMPCIÓ CASTELLVÍ AUVÍ,deudas,
ASSUMPCIÓ CASTELLVÍ AUVÍ,depositos,56653.94
FRANCISCO JAVIER HERVÍAS CHIROSA,rentas,39435.03
FRANCISCO JAVIER HERVÍAS CHIROSA,rentas,49.64
FRANCISCO JAVIER HERVÍAS CHIROSA,rentas,15000.00
FRANCISCO JAVIER HERVÍAS CHIROSA,deudas,307098.02
FRANCISCO JAVIER HERVÍAS CHIROSA,deudas,37467.54
FRANCISCO JAVIER HERVÍAS CHIROSA,deudas,
FRANCISCO JAVIER HERVÍAS CHIROSA,depositos,33090.19
MARÍA PONCE GALLARDO,rentas,24508.35
MARÍA PONCE GALLARDO,rentas,6915.00
MARÍA PONCE GALLARDO,deudas,174226.19
MARÍA PONCE GALLARDO,deudas,59558.78
MARÍA PONCE GALLARDO,deudas,
MARÍA PONCE GALLARDO,depositos,30232.17
MIGUEL BAUTISTA CARBALLO,deudas,
MIGUEL BAUTISTA CARBALLO,depositos,6027.69
ESTEFANÍA BELTRÁN DE HEREDIA ARRONIZ,rentas,92372.49
ESTEFANÍA BELTRÁN DE HEREDIA ARRONIZ,rentas,2850.67
ESTEFANÍA BELTRÁN DE HEREDIA ARRONIZ,deudas,
ESTEFANÍA BELTRÁN DE HEREDIA ARRONIZ,depositos,593214.26
MARÍA PALOMA ADRADOS GAUTIER,rentas,17769.00
MARÍA PALOMA ADRADOS GAUTIER,rentas,1150.00
MARÍA PALOMA ADRADOS GAUTIER,deudas,
MARÍA PALOMA ADRADOS GAUTIER,depositos,321235.00
CRISTÓBAL MARQUÉS PALLISER,rentas,32000.00
CRISTÓBAL MARQUÉS PALLISER,deudas,
CRISTÓBAL MARQUÉS PALLISER,depositos,2000.00
AURELIA SÁNCHEZ NAVARRO,rentas,52861.90
AURELIA SÁNCHEZ NAVARRO,rentas,0.03
AURELIA SÁNCHEZ NAVARRO,deudas,
AURELIA SÁNCHEZ NAVARRO,depositos,89015.00
JOSÉ LUIS MUÑOZ LAGARES,rentas,37877.91
JOSÉ LUIS MUÑOZ LAGARES,rentas,137.93
JOSÉ LUIS MUÑOZ LAGARES,deudas,
JOSÉ LUIS MUÑOZ LAGARES,depositos,7793.79
ANTONI POVEDA ZAPATA,rentas,47043.22
ANTONI POVEDA ZAPATA,rentas,26513.00
ANTONI POVEDA ZAPATA,deudas,
ANTONI POVEDA ZAPATA,depositos,174956.00
LORENA GONZÁLEZ DIOS,rentas,8412.11
LORENA GONZÁLEZ DIOS,rentas,5453.73
LORENA GONZÁLEZ DIOS,rentas,4.35
LORENA GONZÁLEZ DIOS,deudas,3760.48
LORENA GONZÁLEZ DIOS,deudas,
LORENA GONZÁLEZ DIOS,depositos,4818.40
PAU FURRIOL I FORNELLS,rentas,127980.00
PAU FURRIOL I FORNELLS,rentas,393254.48
PAU FURRIOL I FORNELLS,deudas,
PAU FURRIOL I FORNELLS,depositos,21702.84
JOSEP MARIA RENIU VILAMALA,rentas,400.00
JOSEP MARIA RENIU VILAMALA,rentas,4345.32
JOSEP MARIA RENIU VILAMALA,rentas,1.39
JOSEP MARIA RENIU VILAMALA,deudas,10626.80
JOSEP MARIA RENIU VILAMALA,deudas,17318.81
JOSEP MARIA RENIU VILAMALA,deudas,
JOSEP MARIA RENIU VILAMALA,depositos,2376.09
EDUARDO RABOSO GARCÍA-BAQUERO,rentas,147673.71
EDUARDO RABOSO GARCÍA-BAQUERO,deudas,156925.00
EDUARDO RABOSO GARCÍA-BAQUERO,deudas,11412.00
EDUARDO RABOSO GARCÍA-BAQUERO,deudas,585.00
EDUARDO RABOSO GARCÍA-BAQUERO,deudas,
EDUARDO RABOSO GARCÍA-BAQUERO,depositos,20000.00
JAIME MIGUEL DE LOS SANTOS GONZÁLEZ,rentas,1333.00
JAIME MIGUEL DE LOS SANTOS GONZÁLEZ,rentas,53581.76
JAIME MIGUEL DE LOS SANTOS GONZÁLEZ,deudas,
JAIME MIGUEL DE LOS SANTOS GONZÁLEZ,depositos,167425.51
PABLO GÓMEZ PERPINYÀ,rentas,65410.92
PABLO GÓMEZ PERPINYÀ,rentas,26.55
PABLO GÓMEZ PERPINYÀ,deudas,
PABLO GÓMEZ PERPINYÀ,depositos,53819.56
RUBÉN MARCOS VILLACAMPA ARILLA,rentas,25216.72
RUBÉN MARCOS VILLACAMPA ARILLA,deudas,
RUBÉN MARCOS VILLACAMPA ARILLA,depositos,4500.00
LUIS ALFONSO REY DE LAS HERAS,rentas,47631.78
LUIS ALFONSO REY DE LAS HERAS,rentas,8533.00
LUIS ALFONSO REY DE LAS HERAS,deudas,24000.00
LUIS ALFONSO REY DE LAS HERAS,deudas,11130.00
LUIS ALFONSO REY DE LAS HERAS,deudas,133519.00
LUIS ALFONSO REY DE LAS HERAS,deudas,
LUIS ALFONSO REY DE LAS HERAS,depositos,3000.00
EVA GRANADOS GALIANO,rentas,81440.23
EVA GRANADOS GALIANO,deudas,4442.66
EVA GRANADOS GALIANO,deudas,
EVA GRANADOS GALIANO,depositos,103879.43
JUAN CARLOS SERRANO LÓPEZ,rentas,49534.85
JUAN CARLOS SERRANO LÓPEZ,rentas,28394.84
JUAN CARLOS SERRANO LÓPEZ,rentas,33111.40
JUAN CARLOS SERRANO LÓPEZ,rentas,56.04
JUAN CARLOS SERRANO LÓPEZ,rentas,6175.26
JUAN CARLOS SERRANO LÓPEZ,rentas,2130.41
JUAN CARLOS SERRANO LÓPEZ,rentas,5035.81
JUAN CARLOS SERRANO LÓPEZ,rentas,165.36
JUAN CARLOS SERRANO LÓPEZ,deudas,64719.00
JUAN CARLOS SERRANO LÓPEZ,deudas,25000.00
JUAN CARLOS SERRANO LÓPEZ,deudas,18750.00
JUAN CARLOS SERRANO LÓPEZ,deudas,25000.00
JUAN CARLOS SERRANO LÓPEZ,deudas,13750.00
JUAN CARLOS SERRANO LÓPEZ,deudas,
JUAN CARLOS SERRANO LÓPEZ,depositos,71600.61
MANUEL MIRÁS FRANQUEIRA,rentas,32017.70
MANUEL MIRÁS FRANQUEIRA,rentas,15384.60
MANUEL MIRÁS FRANQUEIRA,rentas,5466.11
MANUEL MIRÁS FRANQUEIRA,rentas,4064.68
MANUEL MIRÁS FRANQUEIRA,rentas,15685.55
MANUEL MIRÁS FRANQUEIRA,rentas,5709.80
MANUEL MIRÁS FRANQUEIRA,deudas,106455.16
MANUEL MIRÁS FRANQUEIRA,deudas,
MANUEL MIRÁS FRANQUEIRA,depositos,2742.65    2706.45
MARÍA TERESA VILLUENDAS ASENSIO,rentas,13800.00
MARÍA TERESA VILLUENDAS ASENSIO,rentas,25270.00
MARÍA TERESA VILLUENDAS ASENSIO,rentas,15156.00
MARÍA TERESA VILLUENDAS ASENSIO,rentas,9300.00
MARÍA TERESA VILLUENDAS ASENSIO,rentas,4500.00
MARÍA TERESA VILLUENDAS ASENSIO,deudas,
MARÍA TERESA VILLUENDAS ASENSIO,depositos,124000.00
VANESSA CALLAU MIÑARRO,rentas,616.65
VANESSA CALLAU MIÑARRO,rentas,690.07
VANESSA CALLAU MIÑARRO,rentas,158.00
VANESSA CALLAU MIÑARRO,deudas,6921.64
VANESSA CALLAU MIÑARRO,deudas,8077.24
VANESSA CALLAU MIÑARRO,deudas,
VANESSA CALLAU MIÑARRO,depositos,3752.20
ALFONSO GIL INVERNÓN,rentas,77357.54
ALFONSO GIL INVERNÓN,deudas,103291.37
ALFONSO GIL INVERNÓN,deudas,
ALFONSO GIL INVERNÓN,depositos,47001.91
JOSÉ MANUEL HERNANDO GARCÍA,rentas,54841.76
JOSÉ MANUEL HERNANDO GARCÍA,rentas,169.15
JOSÉ MANUEL HERNANDO GARCÍA,deudas,33697.58
JOSÉ MANUEL HERNANDO GARCÍA,deudas,
JOSÉ MANUEL HERNANDO GARCÍA,depositos,13025.00
VIDAL GALICIA JARAMILLO,rentas,37245.68
VIDAL GALICIA JARAMILLO,rentas,1562.75
VIDAL GALICIA JARAMILLO,rentas,12727.26
VIDAL GALICIA JARAMILLO,rentas,5012.42
VIDAL GALICIA JARAMILLO,rentas,14.36
VIDAL GALICIA JARAMILLO,deudas,
VIDAL GALICIA JARAMILLO,depositos,164411.99
MIGUEL TELLADO FILGUEIRA,rentas,52685.00
MIGUEL TELLADO FILGUEIRA,deudas,78000.00
MIGUEL TELLADO FILGUEIRA,deudas,10000.00
MIGUEL TELLADO FILGUEIRA,deudas,
MIGUEL TELLADO FILGUEIRA,depositos,19400.00
ALBERTO NÚÑEZ FEIJÓO,rentas,85601.86
ALBERTO NÚÑEZ FEIJÓO,rentas,705.29
ALBERTO NÚÑEZ FEIJÓO,rentas,5119.24
ALBERTO NÚÑEZ FEIJÓO,rentas,183861.65
ALBERTO NÚÑEZ FEIJÓO,deudas,
ALBERTO NÚÑEZ FEIJÓO,depositos,207420.00
GLORIA ISABEL CALERO ALBAL,rentas,8277.44
GLORIA ISABEL CALERO ALBAL,deudas,36578.00
GLORIA ISABEL CALERO ALBAL,deudas,16268.00
GLORIA ISABEL CALERO ALBAL,deudas,6411.00
GLORIA ISABEL CALERO ALBAL,deudas,
GLORIA ISABEL CALERO ALBAL,depositos,205000.00
PALOMA ALONSO SAHAGÚN,rentas,1696.00
PALOMA ALONSO SAHAGÚN,deudas,34088.86
PALOMA ALONSO SAHAGÚN,deudas,5804.74
PALOMA ALONSO SAHAGÚN,deudas,
PALOMA ALONSO SAHAGÚN,depositos,33600.00
ELÍAS BENDODO BENASAYAG,deudas,103389.23
ELÍAS BENDODO BENASAYAG,deudas,0.00
ELÍAS BENDODO BENASAYAG,deudas,59225.14
ELÍAS BENDODO BENASAYAG,deudas,82186.80
ELÍAS BENDODO BENASAYAG,deudas,170864.35
ELÍAS BENDODO BENASAYAG,deudas,
ELÍAS BENDODO BENASAYAG,depositos,16246.79
MARÍA JOSÉ RODRÍGUEZ DE MILLÁN PARRO,rentas,28000.00
MARÍA JOSÉ RODRÍGUEZ DE MILLÁN PARRO,deudas,
MARÍA JOSÉ RODRÍGUEZ DE MILLÁN PARRO,depositos,
JUAN BRAVO BAENA,rentas,125040.53
JUAN BRAVO BAENA,deudas,26002.23
JUAN BRAVO BAENA,deudas,21998.68
JUAN BRAVO BAENA,deudas,
JUAN BRAVO BAENA,depositos,13215.99
VÍCTOR GONZÁLEZ FERNÁNDEZ,rentas,2173.00
VÍCTOR GONZÁLEZ FERNÁNDEZ,rentas,85.00
VÍCTOR GONZÁLEZ FERNÁNDEZ,deudas,22700.00
VÍCTOR GONZÁLEZ FERNÁNDEZ,deudas,
VÍCTOR GONZÁLEZ FERNÁNDEZ,depositos,99315.00
MARÍA VICTORIA ÁLVAREZ SOMOANO,rentas,2348.00
MARÍA VICTORIA ÁLVAREZ SOMOANO,rentas,2708.44
MARÍA VICTORIA ÁLVAREZ SOMOANO,rentas,7.44
MARÍA VICTORIA ÁLVAREZ SOMOANO,rentas,16988.72
MARÍA VICTORIA ÁLVAREZ SOMOANO,rentas,3159.77
MARÍA VICTORIA ÁLVAREZ SOMOANO,deudas,10645.46
MARÍA VICTORIA ÁLVAREZ SOMOANO,deudas,
MARÍA VICTORIA ÁLVAREZ SOMOANO,depositos,18.38