,Gender,Group,GroupAbbr,Id,Legis,Link,LinkBienesPdf,Name
0,M,GRUPO PARLAMENTARIO SOCIALISTA,GPS,18218,14,https://www.senado.es/web/composicionorganizacion/senadores/composicionsenado/fichasenador/index.html?legis=14&id1=18218,https://www.senado.es/legis14/senadores/regbi/DBR_934.pdf,"ABASCAL JIMÉNEZ, PATRICIA"
1,M,GRUPO PARLAMENTARIO POPULAR EN EL SENADO,GPP,17160,14,https://www.senado.es/web/composicionorganizacion/senadores/composicionsenado/fichasenador/index.html?legis=14&id1=17160,https://www.senado.es/legis14/senadores/regbi/DBR_1039.pdf,"ACEDO REYES, SOFÍA"
2,M,GRUPO PARLAMENTARIO POPULAR EN EL SENADO,GPP,19385,14,https://www.senado.es/web/composicionorganizacion/senadores/composicionsenado/fichasenador/index.html?legis=14&id1=19385,https://www.senado.es/legis14/senadores/regbi/DBR_143953.pdf,"ADRADOS GAUTIER, MARÍA PALOMA"
3,M,GRUPO PARLAMENTARIO SOCIALISTA,GPS,18248,14,https://www.senado.es/web/composicionorganizacion/senadores/composicionsenado/fichasenador/index.html?legis=14&id1=18248,https://www.senado.es/legis14/senadores/regbi/DBR_585.pdf,"ADRIO TARACIDO, MARÍA MARGARITA PEREGRINA"
4,M,GRUPO PARLAMENTARIO SOCIALISTA,GPS,18305,14,https://www.senado.es/web/composicionorganizacion/senadores/composicionsenado/fichasenador/index.html?legis=14&id1=18305,https://www.senado.es/legis14/senadores/regbi/DBR_325.pdf,"AGUDÍEZ CALVO, ANA MARÍA"
5,M,GRUPO PARLAMENTARIO POPULAR EN EL SENADO,GPP,18785,14,https://www.senado.es/web/composicionorganizacion/senadores/composicionsenado/fichasenador/index.html?legis=14&id1=18785,https://www.senado.es/legis14/senadores/regbi/DBR_273.pdf,"AGUDO ALONSO, CAROLINA"
6,V,GRUPO PARLAMENTARIO SOCIALISTA,GPS,18217,14,https://www.senado.es/web/composicionorganizacion/senadores/composicionsenado/fichasenador/index.html?legis=14&id1=18217,https://www.senado.es/legis14/senadores/regbi/DBR_919.pdf,"AGUILAR ROMÁN, JOSÉ AURELIO"
7,M,GRUPO PARLAMENTARIO VASCO EN EL SENADO (EAJ-PNV),GPV,17027,14,https://www.senado.es/web/composicionorganizacion/senadores/composicionsenado/fichasenador/index.html?legis=14&id1=17027,https://www.senado.es/legis14/senadores/regbi/DBR_751.pdf,"AHEDO CEZA, NEREA"
8,V,GRUPO PARLAMENTARIO POPULAR EN EL SENADO,GPP,14170,14,https://www.senado.es/web/composicionorganizacion/senadores/composicionsenado/fichasenador/index.html?legis=14&id1=14170,https://www.senado.es/legis14/senadores/regbi/DBR_305.pdf,"ALARCÓ HERNÁNDEZ, ANTONIO"
9,M,GRUPO PARLAMENTARIO SOCIALISTA,GPS,16999,14,https://www.senado.es/web/composicionorganizacion/senadores/composicionsenado/fichasenador/index.html?legis=14&id1=16999,https://www.senado.es/legis14/senadores/regbi/DBR_163807.pdf,"ALDEA GÓMEZ, ROSA MARÍA"
10,V,GRUPO PARLAMENTARIO MIXTO,GPMX,17325,14,https://www.senado.es/web/composicionorganizacion/senadores/composicionsenado/fichasenador/index.html?legis=14&id1=17325,https://www.senado.es/legis14/senadores/regbi/DBR_182.pdf,"ALEGRE BUXEDA, FRANCISCO JAVIER"
11,M,GRUPO PARLAMENTARIO POPULAR EN EL SENADO,GPP,19050,14,https://www.senado.es/web/composicionorganizacion/senadores/composicionsenado/fichasenador/index.html?legis=14&id1=19050,https://www.senado.es/legis14/senadores/regbi/DBR_859.pdf,"ALÍA AGUADO, MARÍA PILAR"
12,V,GRUPO PARLAMENTARIO SOCIALISTA,GPS,17356,14,https://www.senado.es/web/composicionorganizacion/senadores/composicionsenado/fichasenador/index.html?legis=14&id1=17356,https://www.senado.es/legis14/senadores/regbi/DBR_160454.pdf,"ALONSO JIMÉNEZ, JESÚS MANUEL"
13,M,GRUPO PARLAMENTARIO SOCIALISTA,GPS,19785,14,https://www.senado.es/web/composicionorganizacion/senadores/composicionsenado/fichasenador/index.html?legis=14&id1=19785,https://www.senado.es/legis14/senadores/regbi/DBR_151174.pdf,"ALONSO SAHAGÚN, PALOMA"
14,M,GRUPO PARLAMENTARIO POPULAR EN EL SENADO,GPP,18087,14,https://www.senado.es/web/composicionorganizacion/senadores/composicionsenado/fichasenador/index.html?legis=14&id1=18087,https://www.senado.es/legis14/senadores/regbi/DBR_81055.pdf,"ALÓS LÓPEZ, ANA ISABEL"
15,M,GRUPO PARLAMENTARIO SOCIALISTA,GPS,19185,14,https://www.senado.es/web/composicionorganizacion/senadores/composicionsenado/fichasenador/index.html?legis=14&id1=19185,https://www.senado.es/legis14/senadores/regbi/DBR_1181.pdf,"ÁLVAREZ GONZÁLEZ, MARÍA JESÚS"
16,M,GRUPO PARLAMENTARIO POPULAR EN EL SENADO,GPP,19790,14,https://www.senado.es/web/composicionorganizacion/senadores/composicionsenado/fichasenador/index.html?legis=14&id1=19790,https://www.senado.es/legis14/senadores/regbi/DBR_155147.pdf,"ÁLVAREZ SOMOANO, MARÍA VICTORIA"
17,V,GRUPO PARLAMENTARIO POPULAR EN EL SENADO,GPP,18905,14,https://www.senado.es/web/composicionorganizacion/senadores/composicionsenado/fichasenador/index.html?legis=14&id1=18905,https://www.senado.es/legis14/senadores/regbi/DBR_1118.pdf,"ANTONA GÓMEZ, ASIER"
18,V,GRUPO PARLAMENTARIO SOCIALISTA,GPS,18215,14,https://www.senado.es/web/composicionorganizacion/senadores/composicionsenado/fichasenador/index.html?legis=14&id1=18215,https://www.senado.es/legis14/senadores/regbi/DBR_165958.pdf,"ARAGÓN ARIZA, FRANCISCO JAVIER"
19,V,GRUPO PARLAMENTARIO POPULAR EN EL SENADO,GPP,19046,14,https://www.senado.es/web/composicionorganizacion/senadores/composicionsenado/fichasenador/index.html?legis=14&id1=19046,https://www.senado.es/legis14/senadores/regbi/DBR_746.pdf,"ARANDA LASSA, JOSÉ MANUEL"
20,V,GRUPO PARLAMENTARIO POPULAR EN EL SENADO,GPP,10154,14,https://www.senado.es/web/composicionorganizacion/senadores/composicionsenado/fichasenador/index.html?legis=14&id1=10154,https://www.senado.es/legis14/senadores/regbi/DBR_153549.pdf,"ARENAS BOCANEGRA, FRANCISCO JAVIER"
21,V,GRUPO PARLAMENTARIO MIXTO,GPMX,18545,14,https://www.senado.es/web/composicionorganizacion/senadores/composicionsenado/fichasenador/index.html?legis=14&id1=18545,https://www.senado.es/legis14/senadores/regbi/DBR_292.pdf,"ARGÜESO TORRES, EMILIO"
22,M,GRUPO PARLAMENTARIO SOCIALISTA,GPS,18213,14,https://www.senado.es/web/composicionorganizacion/senadores/composicionsenado/fichasenador/index.html?legis=14&id1=18213,https://www.senado.es/legis14/senadores/regbi/DBR_142909.pdf,"ARNÁIZ GARCÍA, MARÍA DEL MAR"
23,V,GRUPO PARLAMENTARIO POPULAR EN EL SENADO,GPP,18088,14,https://www.senado.es/web/composicionorganizacion/senadores/composicionsenado/fichasenador/index.html?legis=14&id1=18088,https://www.senado.es/legis14/senadores/regbi/DBR_1036.pdf,"ARRIBA SÁNCHEZ, BIENVENIDO DE"
24,M,GRUPO PARLAMENTARIO POPULAR EN EL SENADO,GPP,18089,14,https://www.senado.es/web/composicionorganizacion/senadores/composicionsenado/fichasenador/index.html?legis=14&id1=18089,https://www.senado.es/legis14/senadores/regbi/DBR_764.pdf,"ARZA RODRÍGUEZ, ROSA MARÍA"
25,V,GRUPO PARLAMENTARIO SOCIALISTA,GPS,18286,14,https://www.senado.es/web/composicionorganizacion/senadores/composicionsenado/fichasenador/index.html?legis=14&id1=18286,https://www.senado.es/legis14/senadores/regbi/DBR_295.pdf,"ASENSI SABATER, JOSÉ"
26,V,GRUPO PARLAMENTARIO ESQUERRA REPUBLICANA-EUSKAL HERRIA BILDU,GPERB,17105,14,https://www.senado.es/web/composicionorganizacion/senadores/composicionsenado/fichasenador/index.html?legis=14&id1=17105,https://www.senado.es/legis14/senadores/regbi/DBR_1055.pdf,"AUBÀ FLEIX, MIGUEL JOSÉ"
27,M,GRUPO PARLAMENTARIO POPULAR EN EL SENADO,GPP,17039,14,https://www.senado.es/web/composicionorganizacion/senadores/composicionsenado/fichasenador/index.html?legis=14&id1=17039,https://www.senado.es/legis14/senadores/regbi/DBR_444.pdf,"AYALA SANTAMARÍA, CRISTINA"
28,M,GRUPO PARLAMENTARIO POPULAR EN EL SENADO,GPP,19793,14,https://www.senado.es/web/composicionorganizacion/senadores/composicionsenado/fichasenador/index.html?legis=14&id1=19793,,"AZORÍN MARCO, MÓNICA"
29,M,GRUPO PARLAMENTARIO ESQUERRA REPUBLICANA-EUSKAL HERRIA BILDU,GPERB,18125,14,https://www.senado.es/web/composicionorganizacion/senadores/composicionsenado/fichasenador/index.html?legis=14&id1=18125,https://www.senado.es/legis14/senadores/regbi/DBR_174963.pdf,"BAILAC ARDANUY, SARA"
30,V,GRUPO PARLAMENTARIO POPULAR EN EL SENADO,GPP,14087,14,https://www.senado.es/web/composicionorganizacion/senadores/composicionsenado/fichasenador/index.html?legis=14&id1=14087,https://www.senado.es/legis14/senadores/regbi/DBR_396.pdf,"BARREIRO FERNÁNDEZ, JOSÉ MANUEL"
31,V,GRUPO PARLAMENTARIO POPULAR EN EL SENADO,GPP,19057,14,https://www.senado.es/web/composicionorganizacion/senadores/composicionsenado/fichasenador/index.html?legis=14&id1=19057,https://www.senado.es/legis14/senadores/regbi/DBR_431.pdf,"BARRIOS TEJERO, JOSÉ MARÍA"
32,V,GRUPO PARLAMENTARIO SOCIALISTA,GPS,19345,14,https://www.senado.es/web/composicionorganizacion/senadores/composicionsenado/fichasenador/index.html?legis=14&id1=19345,https://www.senado.es/legis14/senadores/regbi/DBR_167288.pdf,"BAUTISTA CARBALLO, MIGUEL"
33,M,GRUPO PARLAMENTARIO VASCO EN EL SENADO (EAJ-PNV),GPV,19365,14,https://www.senado.es/web/composicionorganizacion/senadores/composicionsenado/fichasenador/index.html?legis=14&id1=19365,https://www.senado.es/legis14/senadores/regbi/DBR_54280.pdf,"BELTRÁN DE HEREDIA ARRONIZ, ESTEFANÍA"
34,V,GRUPO PARLAMENTARIO POPULAR EN EL SENADO,GPP,19786,14,https://www.senado.es/web/composicionorganizacion/senadores/composicionsenado/fichasenador/index.html?legis=14&id1=19786,https://www.senado.es/legis14/senadores/regbi/DBR_174442.pdf,"BENDODO BENASAYAG, ELÍAS"
35,M,GRUPO PARLAMENTARIO SOCIALISTA,GPS,18287,14,https://www.senado.es/web/composicionorganizacion/senadores/composicionsenado/fichasenador/index.html?legis=14&id1=18287,https://www.senado.es/legis14/senadores/regbi/DBR_160582.pdf,"BERENGUER LLORENS, MARÍA MERCEDES"
36,V,GRUPO PARLAMENTARIO POPULAR EN EL SENADO,GPP,17765,14,https://www.senado.es/web/composicionorganizacion/senadores/composicionsenado/fichasenador/index.html?legis=14&id1=17765,https://www.senado.es/legis14/senadores/regbi/DBR_110628.pdf,"BERNABÉ PÉREZ, FRANCISCO MARTÍN"
37,M,GRUPO PARLAMENTARIO ESQUERRA REPUBLICANA-EUSKAL HERRIA BILDU,GPERB,18505,14,https://www.senado.es/web/composicionorganizacion/senadores/composicionsenado/fichasenador/index.html?legis=14&id1=18505,https://www.senado.es/legis14/senadores/regbi/DBR_55045.pdf,"BIDEGUREN GABANTXO, IDURRE"
38,V,GRUPO PARLAMENTARIO VASCO EN EL SENADO (EAJ-PNV),GPV,12744,14,https://www.senado.es/web/composicionorganizacion/senadores/composicionsenado/fichasenador/index.html?legis=14&id1=12744,https://www.senado.es/legis14/senadores/regbi/DBR_329.pdf,"BILDARRATZ SORRON, JOKIN"
39,V,GRUPO PARLAMENTARIO SOCIALISTA,GPS,18210,14,https://www.senado.es/web/composicionorganizacion/senadores/composicionsenado/fichasenador/index.html?legis=14&id1=18210,https://www.senado.es/legis14/senadores/regbi/DBR_142645.pdf,"BLANCO ÁNGEL, FRANCISCO ANTONIO"
40,V,GRUPO PARLAMENTARIO POPULAR EN EL SENADO,GPP,12872,14,https://www.senado.es/web/composicionorganizacion/senadores/composicionsenado/fichasenador/index.html?legis=14&id1=12872,https://www.senado.es/legis14/senadores/regbi/DBR_548.pdf,"BLASCO MARQUÉS, MANUEL"
41,V,GRUPO PARLAMENTARIO SOCIALISTA,GPS,18208,14,https://www.senado.es/web/composicionorganizacion/senadores/composicionsenado/fichasenador/index.html?legis=14&id1=18208,https://www.senado.es/legis14/senadores/regbi/DBR_505.pdf,"BOLAÑOS VISO, JOSÉ MANUEL"
42,M,GRUPO PARLAMENTARIO SOCIALISTA,GPS,19797,14,https://www.senado.es/web/composicionorganizacion/senadores/composicionsenado/fichasenador/index.html?legis=14&id1=19797,,"BONDÍA MORENO, FELICIANA"
43,V,GRUPO PARLAMENTARIO SOCIALISTA,GPS,18306,14,https://www.senado.es/web/composicionorganizacion/senadores/composicionsenado/fichasenador/index.html?legis=14&id1=18306,https://www.senado.es/legis14/senadores/regbi/DBR_165126.pdf,"BONET BONET, COSME"
44,V,GRUPO PARLAMENTARIO POPULAR EN EL SENADO,GPP,19788,14,https://www.senado.es/web/composicionorganizacion/senadores/composicionsenado/fichasenador/index.html?legis=14&id1=19788,https://www.senado.es/legis14/senadores/regbi/DBR_153674.pdf,"BRAVO BAENA, JUAN"
45,M,GRUPO PARLAMENTARIO POPULAR EN EL SENADO,GPP,17150,14,https://www.senado.es/web/composicionorganizacion/senadores/composicionsenado/fichasenador/index.html?legis=14&id1=17150,https://www.senado.es/legis14/senadores/regbi/DBR_627.pdf,"BRÍO GONZÁLEZ, ESTHER BASILIA DEL"
46,M,GRUPO PARLAMENTARIO SOCIALISTA,GPS,18565,14,https://www.senado.es/web/composicionorganizacion/senadores/composicionsenado/fichasenador/index.html?legis=14&id1=18565,https://www.senado.es/legis14/senadores/regbi/DBR_909.pdf,"BUENO ALONSO, JOSEFINA ANTONIA"
47,M,GRUPO PARLAMENTARIO SOCIALISTA,GPS,17949,14,https://www.senado.es/web/composicionorganizacion/senadores/composicionsenado/fichasenador/index.html?legis=14&id1=17949,https://www.senado.es/legis14/senadores/regbi/DBR_101465.pdf,"BUSTINDUY BARRERO, MARÍA LUISA"
48,M,GRUPO PARLAMENTARIO SOCIALISTA,GPS,19765,14,https://www.senado.es/web/composicionorganizacion/senadores/composicionsenado/fichasenador/index.html?legis=14&id1=19765,https://www.senado.es/legis14/senadores/regbi/DBR_150202.pdf,"CALERO ALBAL, GLORIA ISABEL"
49,M,GRUPO PARLAMENTARIO ESQUERRA REPUBLICANA-EUSKAL HERRIA BILDU,GPERB,19665,14,https://www.senado.es/web/composicionorganizacion/senadores/composicionsenado/fichasenador/index.html?legis=14&id1=19665,https://www.senado.es/legis14/senadores/regbi/DBR_133323.pdf,"CALLAU MIÑARRO, VANESSA"
50,V,GRUPO PARLAMENTARIO ESQUERRA REPUBLICANA-EUSKAL HERRIA BILDU,GPERB,18126,14,https://www.senado.es/web/composicionorganizacion/senadores/composicionsenado/fichasenador/index.html?legis=14&id1=18126,https://www.senado.es/legis14/senadores/regbi/DBR_1059.pdf,"CAMINAL CERDÀ, MIQUEL"
51,M,GRUPO PARLAMENTARIO POPULAR EN EL SENADO,GPP,18625,14,https://www.senado.es/web/composicionorganizacion/senadores/composicionsenado/fichasenador/index.html?legis=14&id1=18625,https://www.senado.es/legis14/senadores/regbi/DBR_106422.pdf,"CAMINS MARTÍNEZ, ANA"
52,M,GRUPO PARLAMENTARIO POPULAR EN EL SENADO,GPP,19056,14,https://www.senado.es/web/composicionorganizacion/senadores/composicionsenado/fichasenador/index.html?legis=14&id1=19056,https://www.senado.es/legis14/senadores/regbi/DBR_1003.pdf,"CANTALAPIEDRA ÁLVAREZ, MARÍA DE LAS MERCEDES"
53,V,GRUPO PARLAMENTARIO POPULAR EN EL SENADO,GPP,19087,14,https://www.senado.es/web/composicionorganizacion/senadores/composicionsenado/fichasenador/index.html?legis=14&id1=19087,https://www.senado.es/legis14/senadores/regbi/DBR_819.pdf,"CAÑIZARES JIMÉNEZ, FRANCISCO"
54,M,GRUPO PARLAMENTARIO SOCIALISTA,GPS,18209,14,https://www.senado.es/web/composicionorganizacion/senadores/composicionsenado/fichasenador/index.html?legis=14&id1=18209,https://www.senado.es/legis14/senadores/regbi/DBR_874.pdf,"CARMONA DELGADO, MARÍA ESTHER"
55,V,GRUPO PARLAMENTARIO SOCIALISTA,GPS,18207,14,https://www.senado.es/web/composicionorganizacion/senadores/composicionsenado/fichasenador/index.html?legis=14&id1=18207,https://www.senado.es/legis14/senadores/regbi/DBR_160455.pdf,"CARO ADANERO, JESÚS"
56,V,GRUPO PARLAMENTARIO CIUDADANOS,GPCs,17946,14,https://www.senado.es/web/composicionorganizacion/senadores/composicionsenado/fichasenador/index.html?legis=14&id1=17946,,"CARRILLO GUERRERO, FRANCISCO JOSÉ"
57,M,GRUPO PARLAMENTARIO POPULAR EN EL SENADO,GPP,19060,14,https://www.senado.es/web/composicionorganizacion/senadores/composicionsenado/fichasenador/index.html?legis=14&id1=19060,https://www.senado.es/legis14/senadores/regbi/DBR_75826.pdf,"CASAL MÍGUEZ, VERÓNICA MARÍA"
58,M,GRUPO PARLAMENTARIO SOCIALISTA,GPS,17905,14,https://www.senado.es/web/composicionorganizacion/senadores/composicionsenado/fichasenador/index.html?legis=14&id1=17905,,"CASANOVA BARAGAÑO, GUADALUPE MARÍA"
59,M,GRUPO PARLAMENTARIO ESQUERRA REPUBLICANA-EUSKAL HERRIA BILDU,GPERB,17369,14,https://www.senado.es/web/composicionorganizacion/senadores/composicionsenado/fichasenador/index.html?legis=14&id1=17369,https://www.senado.es/legis14/senadores/regbi/DBR_977.pdf,"CASTEL FORT, LAURA"
60,V,GRUPO PARLAMENTARIO SOCIALISTA,GPS,18206,14,https://www.senado.es/web/composicionorganizacion/senadores/composicionsenado/fichasenador/index.html?legis=14&id1=18206,https://www.senado.es/legis14/senadores/regbi/DBR_163772.pdf,"CASTELLÀ SURRIBAS, SANTIAGO JOSÉ"
61,V,GRUPO PARLAMENTARIO ESQUERRA REPUBLICANA-EUSKAL HERRIA BILDU,GPERB,17359,14,https://www.senado.es/web/composicionorganizacion/senadores/composicionsenado/fichasenador/index.html?legis=14&id1=17359,https://www.senado.es/legis14/senadores/regbi/DBR_1009.pdf,"CASTELLANA GAMISANS, XAVIER"
62,M,GRUPO PARLAMENTARIO NACIONALISTA EN EL SENADO JUNTS PER CATALUNYA-COALICIÓN CANARIA/PARTIDO NACIONALISTA CANARIO,GPN,19305,14,https://www.senado.es/web/composicionorganizacion/senadores/composicionsenado/fichasenador/index.html?legis=14&id1=19305,https://www.senado.es/legis14/senadores/regbi/DBR_99730.pdf,"CASTELLVÍ AUVÍ, ASSUMPCIÓ"
63,M,GRUPO PARLAMENTARIO SOCIALISTA,GPS,10159,14,https://www.senado.es/web/composicionorganizacion/senadores/composicionsenado/fichasenador/index.html?legis=14&id1=10159,https://www.senado.es/legis14/senadores/regbi/DBR_1216.pdf,"CASTRO MATEOS, MARÍA JESÚS"
64,V,GRUPO PARLAMENTARIO MIXTO,GPMX,18073,14,https://www.senado.es/web/composicionorganizacion/senadores/composicionsenado/fichasenador/index.html?legis=14&id1=18073,https://www.senado.es/legis14/senadores/regbi/DBR_770.pdf,"CATALÁN HIGUERAS, ALBERTO PRUDENCIO"
65,V,GRUPO PARLAMENTARIO SOCIALISTA,GPS,16445,14,https://www.senado.es/web/composicionorganizacion/senadores/composicionsenado/fichasenador/index.html?legis=14&id1=16445,https://www.senado.es/legis14/senadores/regbi/DBR_112623.pdf,"CEPEDA GARCÍA DE LEÓN, JOSÉ CARMELO"
66,V,GRUPO PARLAMENTARIO NACIONALISTA EN EL SENADO JUNTS PER CATALUNYA-COALICIÓN CANARIA/PARTIDO NACIONALISTA CANARIO,GPN,19055,14,https://www.senado.es/web/composicionorganizacion/senadores/composicionsenado/fichasenador/index.html?legis=14&id1=19055,https://www.senado.es/legis14/senadores/regbi/DBR_374.pdf,"CERVERA PINART, JOSEP MARIA"
67,V,"GRUPO PARLAMENTARIO DE IZQUIERDA CONFEDERAL (MÉS PER MALLORCA, MÁS MADRID, COMPROMÍS, GEROA BAI Y AGRUPACIÓN SOCIALISTA GOMERA)",GPIC,18725,14,https://www.senado.es/web/composicionorganizacion/senadores/composicionsenado/fichasenador/index.html?legis=14&id1=18725,https://www.senado.es/legis14/senadores/regbi/DBR_358.pdf,"CHINEA CORREA, FABIÁN"
68,V,GRUPO PARLAMENTARIO NACIONALISTA EN EL SENADO JUNTS PER CATALUNYA-COALICIÓN CANARIA/PARTIDO NACIONALISTA CANARIO,GPN,18885,14,https://www.senado.es/web/composicionorganizacion/senadores/composicionsenado/fichasenador/index.html?legis=14&id1=18885,https://www.senado.es/legis14/senadores/regbi/DBR_88465.pdf,"CLAVIJO BATLLE, FERNANDO"
69,V,GRUPO PARLAMENTARIO NACIONALISTA EN EL SENADO JUNTS PER CATALUNYA-COALICIÓN CANARIA/PARTIDO NACIONALISTA CANARIO,GPN,15825,14,https://www.senado.es/web/composicionorganizacion/senadores/composicionsenado/fichasenador/index.html?legis=14&id1=15825,https://www.senado.es/legis14/senadores/regbi/DBR_177146.pdf,"CLERIES I GONZÀLEZ, JOSEP LLUÍS"
70,M,GRUPO PARLAMENTARIO ESQUERRA REPUBLICANA-EUSKAL HERRIA BILDU,GPERB,17328,14,https://www.senado.es/web/composicionorganizacion/senadores/composicionsenado/fichasenador/index.html?legis=14&id1=17328,https://www.senado.es/legis14/senadores/regbi/DBR_973.pdf,"CORTÈS GÈS, MIRELLA"
71,V,GRUPO PARLAMENTARIO SOCIALISTA,GPS,18425,14,https://www.senado.es/web/composicionorganizacion/senadores/composicionsenado/fichasenador/index.html?legis=14&id1=18425,https://www.senado.es/legis14/senadores/regbi/DBR_994.pdf,"COSCULLUELA BERGUA, ANTONIO JOSÉ"
72,M,GRUPO PARLAMENTARIO SOCIALISTA,GPS,19791,14,https://www.senado.es/web/composicionorganizacion/senadores/composicionsenado/fichasenador/index.html?legis=14&id1=19791,,"COSTA RAMON, MARIA INMACULADA"
73,V,GRUPO PARLAMENTARIO SOCIALISTA,GPS,18205,14,https://www.senado.es/web/composicionorganizacion/senadores/composicionsenado/fichasenador/index.html?legis=14&id1=18205,https://www.senado.es/legis14/senadores/regbi/DBR_1015.pdf,"CRUZ RODRÍGUEZ, MANUEL"
74,V,GRUPO PARLAMENTARIO POPULAR EN EL SENADO,GPP,19048,14,https://www.senado.es/web/composicionorganizacion/senadores/composicionsenado/fichasenador/index.html?legis=14&id1=19048,https://www.senado.es/legis14/senadores/regbi/DBR_834.pdf,"CUEVAS CORTÉS, FÉLIX DE LAS"
75,V,GRUPO PARLAMENTARIO SOCIALISTA,GPS,18204,14,https://www.senado.es/web/composicionorganizacion/senadores/composicionsenado/fichasenador/index.html?legis=14&id1=18204,https://www.senado.es/legis14/senadores/regbi/DBR_654.pdf,"DALMAU BLANCO, MIGUEL CARMELO"
76,M,GRUPO PARLAMENTARIO SOCIALISTA,GPS,18203,14,https://www.senado.es/web/composicionorganizacion/senadores/composicionsenado/fichasenador/index.html?legis=14&id1=18203,https://www.senado.es/legis14/senadores/regbi/DBR_831.pdf,"DELGADO DÍEZ, MARÍA PILAR"
77,M,GRUPO PARLAMENTARIO SOCIALISTA,GPS,16984,14,https://www.senado.es/web/composicionorganizacion/senadores/composicionsenado/fichasenador/index.html?legis=14&id1=16984,https://www.senado.es/legis14/senadores/regbi/DBR_110934.pdf,"DELGADO OVAL, OLIVIA MARÍA"
78,V,GRUPO PARLAMENTARIO SOCIALISTA,GPS,18805,14,https://www.senado.es/web/composicionorganizacion/senadores/composicionsenado/fichasenador/index.html?legis=14&id1=18805,https://www.senado.es/legis14/senadores/regbi/DBR_84855.pdf,"DÍAZ MARÍN, RAÚL"
79,V,GRUPO PARLAMENTARIO SOCIALISTA,GPS,18846,14,https://www.senado.es/web/composicionorganizacion/senadores/composicionsenado/fichasenador/index.html?legis=14&id1=18846,https://www.senado.es/legis14/senadores/regbi/DBR_144144.pdf,"DÍAZ MUÑOZ, FRANCISCO"
80,M,GRUPO PARLAMENTARIO SOCIALISTA,GPS,15565,14,https://www.senado.es/web/composicionorganizacion/senadores/composicionsenado/fichasenador/index.html?legis=14&id1=15565,https://www.senado.es/legis14/senadores/regbi/DBR_153511.pdf,"DÍAZ PACHECO, SUSANA"
81,M,GRUPO PARLAMENTARIO SOCIALISTA,GPS,15314,14,https://www.senado.es/web/composicionorganizacion/senadores/composicionsenado/fichasenador/index.html?legis=14&id1=15314,https://www.senado.es/legis14/senadores/regbi/DBR_1046.pdf,"DIEGO CASTELLANOS, MARÍA ELENA"
82,M,GRUPO PARLAMENTARIO SOCIALISTA,GPS,18385,14,https://www.senado.es/web/composicionorganizacion/senadores/composicionsenado/fichasenador/index.html?legis=14&id1=18385,https://www.senado.es/legis14/senadores/regbi/DBR_164590.pdf,"EDO GIL, ANA BELÉN"
83,V,"GRUPO PARLAMENTARIO DEMOCRÁTICO (CIUDADANOS, AGRUPACIÓN DE ELECTORES ",GPD,19025,14,https://www.senado.es/web/composicionorganizacion/senadores/composicionsenado/fichasenador/index.html?legis=14&id1=19025,https://www.senado.es/legis14/senadores/regbi/DBR_538.pdf,"EGEA SERRANO, JOAQUÍN VICENTE"
84,V,GRUPO PARLAMENTARIO ESQUERRA REPUBLICANA-EUSKAL HERRIA BILDU,GPERB,18249,14,https://www.senado.es/web/composicionorganizacion/senadores/composicionsenado/fichasenador/index.html?legis=14&id1=18249,https://www.senado.es/legis14/senadores/regbi/DBR_177923.pdf,"ELEJABARRIETA DÍAZ, GORKA"
85,V,GRUPO PARLAMENTARIO POPULAR EN EL SENADO,GPP,18626,14,https://www.senado.es/web/composicionorganizacion/senadores/composicionsenado/fichasenador/index.html?legis=14&id1=18626,,"ERGUIDO CANO, DAVID"
86,M,GRUPO PARLAMENTARIO ESQUERRA REPUBLICANA-EUSKAL HERRIA BILDU,GPERB,19205,14,https://www.senado.es/web/composicionorganizacion/senadores/composicionsenado/fichasenador/index.html?legis=14&id1=19205,https://www.senado.es/legis14/senadores/regbi/DBR_100363.pdf,"ESCANDELL GRASES, ADELINA"
87,V,GRUPO PARLAMENTARIO SOCIALISTA,GPS,18202,14,https://www.senado.es/web/composicionorganizacion/senadores/composicionsenado/fichasenador/index.html?legis=14&id1=18202,https://www.senado.es/legis14/senadores/regbi/DBR_163737.pdf,"ESCARDA ESCARDA, MANUEL"
88,V,GRUPO PARLAMENTARIO SOCIALISTA,GPS,18289,14,https://www.senado.es/web/composicionorganizacion/senadores/composicionsenado/fichasenador/index.html?legis=14&id1=18289,https://www.senado.es/legis14/senadores/regbi/DBR_266.pdf,"ESCUDERO ORTEGA, ALFONSO"
89,V,GRUPO PARLAMENTARIO SOCIALISTA,GPS,14685,14,https://www.senado.es/web/composicionorganizacion/senadores/composicionsenado/fichasenador/index.html?legis=14&id1=14685,https://www.senado.es/legis14/senadores/regbi/DBR_153687.pdf,"ESPADAS CEJAS, JUAN"
90,V,GRUPO PARLAMENTARIO SOCIALISTA,GPS,18290,14,https://www.senado.es/web/composicionorganizacion/senadores/composicionsenado/fichasenador/index.html?legis=14&id1=18290,https://www.senado.es/legis14/senadores/regbi/DBR_984.pdf,"ESPINOSA MORENO, BALDOMERO"
91,V,GRUPO PARLAMENTARIO SOCIALISTA,GPS,18201,14,https://www.senado.es/web/composicionorganizacion/senadores/composicionsenado/fichasenador/index.html?legis=14&id1=18201,https://www.senado.es/legis14/senadores/regbi/DBR_334.pdf,"ESTEBAN SANTAMARÍA, RAFAEL"
92,M,GRUPO PARLAMENTARIO VASCO EN EL SENADO (EAJ-PNV),GPV,17028,14,https://www.senado.es/web/composicionorganizacion/senadores/composicionsenado/fichasenador/index.html?legis=14&id1=17028,https://www.senado.es/legis14/senadores/regbi/DBR_4122.pdf,"ETXANO VARELA, MARÍA DOLORES"
93,V,GRUPO PARLAMENTARIO POPULAR EN EL SENADO,GPP,16746,14,https://www.senado.es/web/composicionorganizacion/senadores/composicionsenado/fichasenador/index.html?legis=14&id1=16746,https://www.senado.es/legis14/senadores/regbi/DBR_219.pdf,"FABRA PART, ALBERTO"
94,V,GRUPO PARLAMENTARIO SOCIALISTA,GPS,18200,14,https://www.senado.es/web/composicionorganizacion/senadores/composicionsenado/fichasenador/index.html?legis=14&id1=18200,https://www.senado.es/legis14/senadores/regbi/DBR_151105.pdf,"FAJARDO PALAREA, FRANCISCO MANUEL"
95,M,GRUPO PARLAMENTARIO SOCIALISTA,GPS,17785,14,https://www.senado.es/web/composicionorganizacion/senadores/composicionsenado/fichasenador/index.html?legis=14&id1=17785,https://www.senado.es/legis14/senadores/regbi/DBR_758.pdf,"FERNÁNDEZ ÁLVAREZ, MARÍA"
96,V,GRUPO PARLAMENTARIO SOCIALISTA,GPS,12970,14,https://www.senado.es/web/composicionorganizacion/senadores/composicionsenado/fichasenador/index.html?legis=14&id1=12970,https://www.senado.es/legis14/senadores/regbi/DBR_61565.pdf,"FERNÁNDEZ BLANCO, JOSÉ"
97,M,GRUPO PARLAMENTARIO POPULAR EN EL SENADO,GPP,19052,14,https://www.senado.es/web/composicionorganizacion/senadores/composicionsenado/fichasenador/index.html?legis=14&id1=19052,https://www.senado.es/legis14/senadores/regbi/DBR_165641.pdf,"FERNÁNDEZ CABALLERO, MARÍA DEL CARMEN"
98,M,GRUPO PARLAMENTARIO POPULAR EN EL SENADO,GPP,19125,14,https://www.senado.es/web/composicionorganizacion/senadores/composicionsenado/fichasenador/index.html?legis=14&id1=19125,https://www.senado.es/legis14/senadores/regbi/DBR_69176.pdf,"FERNÁNDEZ GONZÁLEZ, MARÍA MERCEDES"
99,M,GRUPO PARLAMENTARIO SOCIALISTA,GPS,18365,14,https://www.senado.es/web/composicionorganizacion/senadores/composicionsenado/fichasenador/index.html?legis=14&id1=18365,https://www.senado.es/legis14/senadores/regbi/DBR_947.pdf,"FERNÁNDEZ GUTIÉRREZ, MARÍA ISABEL"
100,V,GRUPO PARLAMENTARIO SOCIALISTA,GPS,19145,14,https://www.senado.es/web/composicionorganizacion/senadores/composicionsenado/fichasenador/index.html?legis=14&id1=19145,https://www.senado.es/legis14/senadores/regbi/DBR_660.pdf,"FERNÁNDEZ LEICEAGA, XOAQUÍN MARÍA"
101,M,GRUPO PARLAMENTARIO SOCIALISTA,GPS,18825,14,https://www.senado.es/web/composicionorganizacion/senadores/composicionsenado/fichasenador/index.html?legis=14&id1=18825,https://www.senado.es/legis14/senadores/regbi/DBR_160411.pdf,"FERNÁNDEZ MOLINA, MARÍA TERESA"
102,V,GRUPO PARLAMENTARIO SOCIALISTA,GPS,18199,14,https://www.senado.es/web/composicionorganizacion/senadores/composicionsenado/fichasenador/index.html?legis=14&id1=18199,https://www.senado.es/legis14/senadores/regbi/DBR_180398.pdf,"FERNÁNDEZ PALOMINO, MANUEL ÁNGEL"
103,V,GRUPO PARLAMENTARIO POPULAR EN EL SENADO,GPP,15234,14,https://www.senado.es/web/composicionorganizacion/senadores/composicionsenado/fichasenador/index.html?legis=14&id1=15234,https://www.senado.es/legis14/senadores/regbi/DBR_408.pdf,"FERNÁNDEZ PÉREZ, FRANCISCO JOSÉ"
104,V,"GRUPO PARLAMENTARIO DE IZQUIERDA CONFEDERAL (ADELANTE ANDALUCÍA, MÉS PER MALLORCA, MÁS MADRID, COMPROMÍS, GEROA BAI Y AGRUPACIÓN SOCIALISTA GOMERA)",GPIC,18605,14,https://www.senado.es/web/composicionorganizacion/senadores/composicionsenado/fichasenador/index.html?legis=14&id1=18605,https://www.senado.es/legis14/senadores/regbi/DBR_437.pdf,"FERNÁNDEZ RUBIÑO, EDUARDO"
105,V,GRUPO PARLAMENTARIO SOCIALISTA,GPS,18826,14,https://www.senado.es/web/composicionorganizacion/senadores/composicionsenado/fichasenador/index.html?legis=14&id1=18826,https://www.senado.es/legis14/senadores/regbi/DBR_594.pdf,"FERNÁNDEZ VAQUERO, GREGORIO JESÚS"
106,V,"GRUPO PARLAMENTARIO DEMOCRÁTICO (CIUDADANOS, AGRUPACIÓN DE ELECTORES ",GPD,18665,14,https://www.senado.es/web/composicionorganizacion/senadores/composicionsenado/fichasenador/index.html?legis=14&id1=18665,https://www.senado.es/legis14/senadores/regbi/DBR_254.pdf,"FERNÁNDEZ VIADERO, JOSÉ MIGUEL"
107,V,GRUPO PARLAMENTARIO SOCIALISTA,GPS,18346,14,https://www.senado.es/web/composicionorganizacion/senadores/composicionsenado/fichasenador/index.html?legis=14&id1=18346,https://www.senado.es/legis14/senadores/regbi/DBR_624.pdf,"FERRER SAIS, ANTONIO ARMANDO"
108,V,GRUPO PARLAMENTARIO POPULAR EN EL SENADO,GPP,12698,14,https://www.senado.es/web/composicionorganizacion/senadores/composicionsenado/fichasenador/index.html?legis=14&id1=12698,https://www.senado.es/legis14/senadores/regbi/DBR_1052.pdf,"FLORIANO CORRALES, CARLOS JAVIER"
109,V,GRUPO PARLAMENTARIO POPULAR EN EL SENADO,GPP,19059,14,https://www.senado.es/web/composicionorganizacion/senadores/composicionsenado/fichasenador/index.html?legis=14&id1=19059,https://www.senado.es/legis14/senadores/regbi/DBR_181666.pdf,"FRAGOSO MARTÍNEZ, FRANCISCO JAVIER"
110,V,GRUPO PARLAMENTARIO SOCIALISTA,GPS,18198,14,https://www.senado.es/web/composicionorganizacion/senadores/composicionsenado/fichasenador/index.html?legis=14&id1=18198,,"FRANCISCO RIVERA, JUAN CARLOS"
111,V,GRUPO PARLAMENTARIO ESQUERRA REPUBLICANA-EUSKAL HERRIA BILDU,GPERB,19485,14,https://www.senado.es/web/composicionorganizacion/senadores/composicionsenado/fichasenador/index.html?legis=14&id1=19485,https://www.senado.es/legis14/senadores/regbi/DBR_100370.pdf,"FURRIOL FORNELLS, PAU"
112,V,GRUPO PARLAMENTARIO POPULAR EN EL SENADO,GPP,19725,14,https://www.senado.es/web/composicionorganizacion/senadores/composicionsenado/fichasenador/index.html?legis=14&id1=19725,https://www.senado.es/legis14/senadores/regbi/DBR_143934.pdf,"GALICIA JARAMILLO, VIDAL"
113,M,GRUPO PARLAMENTARIO SOCIALISTA,GPS,18197,14,https://www.senado.es/web/composicionorganizacion/senadores/composicionsenado/fichasenador/index.html?legis=14&id1=18197,https://www.senado.es/legis14/senadores/regbi/DBR_166674.pdf,"GALVÁN LOBATO, SARA MARÍA"
114,M,GRUPO PARLAMENTARIO SOCIALISTA,GPS,18325,14,https://www.senado.es/web/composicionorganizacion/senadores/composicionsenado/fichasenador/index.html?legis=14&id1=18325,,"GARCÍA MARTÍN, MARÍA SANDRA"
115,V,GRUPO PARLAMENTARIO POPULAR EN EL SENADO,GPP,10216,14,https://www.senado.es/web/composicionorganizacion/senadores/composicionsenado/fichasenador/index.html?legis=14&id1=10216,https://www.senado.es/legis14/senadores/regbi/DBR_471.pdf,"GARCÍA-ESCUDERO MÁRQUEZ, PÍO"
116,M,GRUPO PARLAMENTARIO POPULAR EN EL SENADO,GPP,15295,14,https://www.senado.es/web/composicionorganizacion/senadores/composicionsenado/fichasenador/index.html?legis=14&id1=15295,https://www.senado.es/legis14/senadores/regbi/DBR_153523.pdf,"GARCÍA-PELAYO JURADO, MARÍA JOSÉ"
117,V,GRUPO PARLAMENTARIO SOCIALISTA,GPS,18326,14,https://www.senado.es/web/composicionorganizacion/senadores/composicionsenado/fichasenador/index.html?legis=14&id1=18326,https://www.senado.es/legis14/senadores/regbi/DBR_922.pdf,"GARCINUÑO RAMA, JAVIER"
118,M,GRUPO PARLAMENTARIO VASCO EN EL SENADO (EAJ-PNV),GPV,18068,14,https://www.senado.es/web/composicionorganizacion/senadores/composicionsenado/fichasenador/index.html?legis=14&id1=18068,https://www.senado.es/legis14/senadores/regbi/DBR_728.pdf,"GARMENDIA BERECIARTU, MARÍA MERCEDES"
119,V,GRUPO PARLAMENTARIO SOCIALISTA,GPS,15307,14,https://www.senado.es/web/composicionorganizacion/senadores/composicionsenado/fichasenador/index.html?legis=14&id1=15307,https://www.senado.es/legis14/senadores/regbi/DBR_937.pdf,"GIL GARCÍA, ANDER"
120,V,GRUPO PARLAMENTARIO SOCIALISTA,GPS,19685,14,https://www.senado.es/web/composicionorganizacion/senadores/composicionsenado/fichasenador/index.html?legis=14&id1=19685,https://www.senado.es/legis14/senadores/regbi/DBR_133964.pdf,"GIL INVERNÓN, ALFONSO"
121,V,GRUPO PARLAMENTARIO SOCIALISTA,GPS,18291,14,https://www.senado.es/web/composicionorganizacion/senadores/composicionsenado/fichasenador/index.html?legis=14&id1=18291,https://www.senado.es/legis14/senadores/regbi/DBR_156364.pdf,"GILABERT SÁNCHEZ, JUAN ANTONIO"
122,M,GRUPO PARLAMENTARIO SOCIALISTA,GPS,18194,14,https://www.senado.es/web/composicionorganizacion/senadores/composicionsenado/fichasenador/index.html?legis=14&id1=18194,https://www.senado.es/legis14/senadores/regbi/DBR_578.pdf,"GODOY TENA, MARÍA ASCENSIÓN"
123,V,"GRUPO PARLAMENTARIO DE IZQUIERDA CONFEDERAL (MÉS PER MALLORCA, MÁS MADRID, COMPROMÍS, GEROA BAI Y AGRUPACIÓN SOCIALISTA GOMERA)",GPIC,19525,14,https://www.senado.es/web/composicionorganizacion/senadores/composicionsenado/fichasenador/index.html?legis=14&id1=19525,https://www.senado.es/legis14/senadores/regbi/DBR_106440.pdf,"GÓMEZ PERPINYÀ, PABLO"
124,M,GRUPO PARLAMENTARIO SOCIALISTA,GPS,18185,14,https://www.senado.es/web/composicionorganizacion/senadores/composicionsenado/fichasenador/index.html?legis=14&id1=18185,https://www.senado.es/legis14/senadores/regbi/DBR_368.pdf,"GONZÁLEZ BAYO, JOSEFA INMACULADA"
125,M,GRUPO PARLAMENTARIO SOCIALISTA,GPS,19466,14,https://www.senado.es/web/composicionorganizacion/senadores/composicionsenado/fichasenador/index.html?legis=14&id1=19466,https://www.senado.es/legis14/senadores/regbi/DBR_100374.pdf,"GONZÁLEZ DIOS, LORENA"
126,V,GRUPO PARLAMENTARIO SOCIALISTA,GPS,19789,14,https://www.senado.es/web/composicionorganizacion/senadores/composicionsenado/fichasenador/index.html?legis=14&id1=19789,https://www.senado.es/legis14/senadores/regbi/DBR_153692.pdf,"GONZÁLEZ FERNÁNDEZ, VÍCTOR"
127,M,GRUPO PARLAMENTARIO POPULAR EN EL SENADO,GPP,15505,14,https://www.senado.es/web/composicionorganizacion/senadores/composicionsenado/fichasenador/index.html?legis=14&id1=15505,https://www.senado.es/legis14/senadores/regbi/DBR_885.pdf,"GONZÁLEZ GARCÍA, ANA LOURDES"
128,V,GRUPO PARLAMENTARIO POPULAR EN EL SENADO,GPP,19089,14,https://www.senado.es/web/composicionorganizacion/senadores/composicionsenado/fichasenador/index.html?legis=14&id1=19089,https://www.senado.es/legis14/senadores/regbi/DBR_478.pdf,"GONZÁLEZ LA MOLA, JOSÉ LUIS"
129,V,GRUPO PARLAMENTARIO SOCIALISTA,GPS,18293,14,https://www.senado.es/web/composicionorganizacion/senadores/composicionsenado/fichasenador/index.html?legis=14&id1=18293,https://www.senado.es/legis14/senadores/regbi/DBR_434.pdf,"GONZÁLEZ MÁRQUEZ, JESÚS"
130,M,"GRUPO PARLAMENTARIO DE IZQUIERDA CONFEDERAL (ADELANTE ANDALUCÍA, MÉS PER MALLORCA, MÁS MADRID, COMPROMÍS, GEROA BAI Y AGRUPACIÓN SOCIALISTA GOMERA)",GPIC,19206,14,https://www.senado.es/web/composicionorganizacion/senadores/composicionsenado/fichasenador/index.html?legis=14&id1=19206,https://www.senado.es/legis14/senadores/regbi/DBR_1219.pdf,"GONZÁLEZ MODINO, MARÍA PILAR"
131,V,GRUPO PARLAMENTARIO POPULAR EN EL SENADO,GPP,17037,14,https://www.senado.es/web/composicionorganizacion/senadores/composicionsenado/fichasenador/index.html?legis=14&id1=17037,https://www.senado.es/legis14/senadores/regbi/DBR_1173.pdf,"GONZÁLEZ VÁZQUEZ, SEBASTIÁN"
132,V,GRUPO PARLAMENTARIO MIXTO,GPMX,19225,14,https://www.senado.es/web/composicionorganizacion/senadores/composicionsenado/fichasenador/index.html?legis=14&id1=19225,https://www.senado.es/legis14/senadores/regbi/DBR_2158.pdf,"GONZÁLEZ-ROBATTO PEROTE, JACOBO"
133,M,GRUPO PARLAMENTARIO MIXTO,GPMX,18147,14,https://www.senado.es/web/composicionorganizacion/senadores/composicionsenado/fichasenador/index.html?legis=14&id1=18147,https://www.senado.es/legis14/senadores/regbi/DBR_123584.pdf,"GOÑI SARRIES, RUTH"
134,M,GRUPO PARLAMENTARIO SOCIALISTA,GPS,19585,14,https://www.senado.es/web/composicionorganizacion/senadores/composicionsenado/fichasenador/index.html?legis=14&id1=19585,https://www.senado.es/legis14/senadores/regbi/DBR_114556.pdf,"GRANADOS GALIANO, EVA MARÍA"
135,V,GRUPO PARLAMENTARIO POPULAR EN EL SENADO,GPP,18096,14,https://www.senado.es/web/composicionorganizacion/senadores/composicionsenado/fichasenador/index.html?legis=14&id1=18096,https://www.senado.es/legis14/senadores/regbi/DBR_283.pdf,"GREGORIO LÓPEZ, JOSÉ JULIÁN"
136,V,GRUPO PARLAMENTARIO POPULAR EN EL SENADO,GPP,19061,14,https://www.senado.es/web/composicionorganizacion/senadores/composicionsenado/fichasenador/index.html?legis=14&id1=19061,https://www.senado.es/legis14/senadores/regbi/DBR_493.pdf,"GUERRA FERNÁNDEZ, JAVIER JORGE"
137,V,GRUPO PARLAMENTARIO SOCIALISTA,GPS,14081,14,https://www.senado.es/web/composicionorganizacion/senadores/composicionsenado/fichasenador/index.html?legis=14&id1=14081,https://www.senado.es/legis14/senadores/regbi/DBR_612.pdf,"GUTIÉRREZ LIMONES, ANTONIO"
138,M,GRUPO PARLAMENTARIO POPULAR EN EL SENADO,GPP,19054,14,https://www.senado.es/web/composicionorganizacion/senadores/composicionsenado/fichasenador/index.html?legis=14&id1=19054,https://www.senado.es/legis14/senadores/regbi/DBR_309.pdf,"HEREDIA DE MIGUEL, MARÍA JOSÉ"
139,V,GRUPO PARLAMENTARIO SOCIALISTA,GPS,18307,14,https://www.senado.es/web/composicionorganizacion/senadores/composicionsenado/fichasenador/index.html?legis=14&id1=18307,https://www.senado.es/legis14/senadores/regbi/DBR_73781.pdf,"HEREDIA DÍAZ, MIGUEL ÁNGEL"
140,M,GRUPO PARLAMENTARIO SOCIALISTA,GPS,18193,14,https://www.senado.es/web/composicionorganizacion/senadores/composicionsenado/fichasenador/index.html?legis=14&id1=18193,https://www.senado.es/legis14/senadores/regbi/DBR_568.pdf,"HERNÁNDEZ CEREZO, PALOMA"
141,M,GRUPO PARLAMENTARIO SOCIALISTA,GPS,18294,14,https://www.senado.es/web/composicionorganizacion/senadores/composicionsenado/fichasenador/index.html?legis=14&id1=18294,https://www.senado.es/legis14/senadores/regbi/DBR_784.pdf,"HERNÁNDEZ ESPINAL, MARÍA NIEVES"
142,V,GRUPO PARLAMENTARIO POPULAR EN EL SENADO,GPP,10308,14,https://www.senado.es/web/composicionorganizacion/senadores/composicionsenado/fichasenador/index.html?legis=14&id1=10308,https://www.senado.es/legis14/senadores/regbi/DBR_843.pdf,"HERNANDO FRAILE, RAFAEL ANTONIO"
143,V,GRUPO PARLAMENTARIO POPULAR EN EL SENADO,GPP,19705,14,https://www.senado.es/web/composicionorganizacion/senadores/composicionsenado/fichasenador/index.html?legis=14&id1=19705,https://www.senado.es/legis14/senadores/regbi/DBR_140390.pdf,"HERNANDO GARCÍA, JOSÉ MANUEL"
144,V,GRUPO PARLAMENTARIO CIUDADANOS,GPCs,19325,14,https://www.senado.es/web/composicionorganizacion/senadores/composicionsenado/fichasenador/index.html?legis=14&id1=19325,https://www.senado.es/legis14/senadores/regbi/DBR_39897.pdf,"HERVÍAS CHIROSA, FRANCISCO JAVIER"
145,M,GRUPO PARLAMENTARIO CIUDADANOS,GPCs,17947,14,https://www.senado.es/web/composicionorganizacion/senadores/composicionsenado/fichasenador/index.html?legis=14&id1=17947,,"HORMIGO LEÓN, MARÍA MAR"
146,V,GRUPO PARLAMENTARIO SOCIALISTA,GPS,16969,14,https://www.senado.es/web/composicionorganizacion/senadores/composicionsenado/fichasenador/index.html?legis=14&id1=16969,https://www.senado.es/legis14/senadores/regbi/DBR_387.pdf,"HUELVA BETANZOS, AMARO"
147,V,GRUPO PARLAMENTARIO POPULAR EN EL SENADO,GPP,12833,14,https://www.senado.es/web/composicionorganizacion/senadores/composicionsenado/fichasenador/index.html?legis=14&id1=12833,https://www.senado.es/legis14/senadores/regbi/DBR_1033.pdf,"IMBRODA ORTIZ, JUAN JOSÉ"
148,V,GRUPO PARLAMENTARIO POPULAR EN EL SENADO,GPP,13885,14,https://www.senado.es/web/composicionorganizacion/senadores/composicionsenado/fichasenador/index.html?legis=14&id1=13885,https://www.senado.es/legis14/senadores/regbi/DBR_482.pdf,"JUNCAL RODRÍGUEZ, JUAN MANUEL"
149,V,GRUPO PARLAMENTARIO POPULAR EN EL SENADO,GPP,18098,14,https://www.senado.es/web/composicionorganizacion/senadores/composicionsenado/fichasenador/index.html?legis=14&id1=18098,https://www.senado.es/legis14/senadores/regbi/DBR_162373.pdf,"LACALLE LACALLE, FRANCISCO JAVIER"
150,V,GRUPO PARLAMENTARIO VASCO EN EL SENADO (EAJ-PNV),GPV,18066,14,https://www.senado.es/web/composicionorganizacion/senadores/composicionsenado/fichasenador/index.html?legis=14&id1=18066,https://www.senado.es/legis14/senadores/regbi/DBR_725.pdf,"LANDA JÁUREGUI, IMANOL"
151,V,GRUPO PARLAMENTARIO POPULAR EN EL SENADO,GPP,17147,14,https://www.senado.es/web/composicionorganizacion/senadores/composicionsenado/fichasenador/index.html?legis=14&id1=17147,https://www.senado.es/legis14/senadores/regbi/DBR_163688.pdf,"LANDALUCE CALLEJA, JOSÉ IGNACIO"
152,M,GRUPO PARLAMENTARIO POPULAR EN EL SENADO,GPP,19047,14,https://www.senado.es/web/composicionorganizacion/senadores/composicionsenado/fichasenador/index.html?legis=14&id1=19047,https://www.senado.es/legis14/senadores/regbi/DBR_1148.pdf,"LANDÍN DÍAZ DE CORCUERA, AMAYA"
153,V,GRUPO PARLAMENTARIO SOCIALISTA,GPS,18191,14,https://www.senado.es/web/composicionorganizacion/senadores/composicionsenado/fichasenador/index.html?legis=14&id1=18191,https://www.senado.es/legis14/senadores/regbi/DBR_101611.pdf,"LASTRA VALDÉS, FERNANDO"
154,V,GRUPO PARLAMENTARIO SOCIALISTA,GPS,18190,14,https://www.senado.es/web/composicionorganizacion/senadores/composicionsenado/fichasenador/index.html?legis=14&id1=18190,https://www.senado.es/legis14/senadores/regbi/DBR_169645.pdf,"LATORRE RUIZ, JOSÉ"
155,V,GRUPO PARLAMENTARIO SOCIALISTA,GPS,16586,14,https://www.senado.es/web/composicionorganizacion/senadores/composicionsenado/fichasenador/index.html?legis=14&id1=16586,https://www.senado.es/legis14/senadores/regbi/DBR_981.pdf,"LEMUS RUBIALES, RAFAEL DAMIÁN"
156,V,GRUPO PARLAMENTARIO SOCIALISTA,GPS,10560,14,https://www.senado.es/web/composicionorganizacion/senadores/composicionsenado/fichasenador/index.html?legis=14&id1=10560,https://www.senado.es/legis14/senadores/regbi/DBR_243.pdf,"LERMA BLASCO, JOAN"
157,M,GRUPO PARLAMENTARIO POPULAR EN EL SENADO,GPP,14145,14,https://www.senado.es/web/composicionorganizacion/senadores/composicionsenado/fichasenador/index.html?legis=14&id1=14145,https://www.senado.es/legis14/senadores/regbi/DBR_361.pdf,"LEYTE COELLO, MARÍA DEL CARMEN"
158,M,GRUPO PARLAMENTARIO SOCIALISTA,GPS,18295,14,https://www.senado.es/web/composicionorganizacion/senadores/composicionsenado/fichasenador/index.html?legis=14&id1=18295,https://www.senado.es/legis14/senadores/regbi/DBR_532.pdf,"LIBERAL LIBERAL, JULIA MARÍA"
159,M,GRUPO PARLAMENTARIO SOCIALISTA,GPS,18646,14,https://www.senado.es/web/composicionorganizacion/senadores/composicionsenado/fichasenador/index.html?legis=14&id1=18646,,"LLOP CUENCA, MARÍA PILAR"
160,V,GRUPO PARLAMENTARIO SOCIALISTA,GPS,18965,14,https://www.senado.es/web/composicionorganizacion/senadores/composicionsenado/fichasenador/index.html?legis=14&id1=18965,https://www.senado.es/legis14/senadores/regbi/DBR_240.pdf,"LÓPEZ GIL, FERNANDO"
161,M,GRUPO PARLAMENTARIO SOCIALISTA,GPS,18845,14,https://www.senado.es/web/composicionorganizacion/senadores/composicionsenado/fichasenador/index.html?legis=14&id1=18845,https://www.senado.es/legis14/senadores/regbi/DBR_422.pdf,"LÓPEZ MARTÍN, MARÍA TERESA"
162,V,GRUPO PARLAMENTARIO POPULAR EN EL SENADO,GPP,19126,14,https://www.senado.es/web/composicionorganizacion/senadores/composicionsenado/fichasenador/index.html?legis=14&id1=19126,,"LÓPEZ RAVANALS, JORGE"
163,V,GRUPO PARLAMENTARIO POPULAR EN EL SENADO,GPP,18099,14,https://www.senado.es/web/composicionorganizacion/senadores/composicionsenado/fichasenador/index.html?legis=14&id1=18099,https://www.senado.es/legis14/senadores/regbi/DBR_269.pdf,"LORENZO TORRES, MIGUEL"
164,V,GRUPO PARLAMENTARIO SOCIALISTA,GPS,18188,14,https://www.senado.es/web/composicionorganizacion/senadores/composicionsenado/fichasenador/index.html?legis=14&id1=18188,https://www.senado.es/legis14/senadores/regbi/DBR_616.pdf,"LUCAS MARTÍN, FRANCISCO JAVIER DE"
165,M,GRUPO PARLAMENTARIO SOCIALISTA,GPS,18187,14,https://www.senado.es/web/composicionorganizacion/senadores/composicionsenado/fichasenador/index.html?legis=14&id1=18187,https://www.senado.es/legis14/senadores/regbi/DBR_464.pdf,"LUNA MORALES, MARÍA DE LOS ÁNGELES"
166,M,GRUPO PARLAMENTARIO SOCIALISTA,GPS,18186,14,https://www.senado.es/web/composicionorganizacion/senadores/composicionsenado/fichasenador/index.html?legis=14&id1=18186,https://www.senado.es/legis14/senadores/regbi/DBR_100052.pdf,"MACÍAS MATEOS, MARÍA TERESA"
167,V,GRUPO PARLAMENTARIO SOCIALISTA,GPS,18247,14,https://www.senado.es/web/composicionorganizacion/senadores/composicionsenado/fichasenador/index.html?legis=14&id1=18247,https://www.senado.es/legis14/senadores/regbi/DBR_1078.pdf,"MAGDALENO ALEGRÍA, ANTONIO"
168,V,GRUPO PARLAMENTARIO CIUDADANOS,GPCs,16465,14,https://www.senado.es/web/composicionorganizacion/senadores/composicionsenado/fichasenador/index.html?legis=14&id1=16465,https://www.senado.es/legis14/senadores/regbi/DBR_259.pdf,"MARCOS ARIAS, TOMÁS"
169,V,GRUPO PARLAMENTARIO POPULAR EN EL SENADO,GPP,18685,14,https://www.senado.es/web/composicionorganizacion/senadores/composicionsenado/fichasenador/index.html?legis=14&id1=18685,https://www.senado.es/legis14/senadores/regbi/DBR_877.pdf,"MARÍ BOSÓ, JOSÉ VICENTE"
170,V,GRUPO PARLAMENTARIO MIXTO,GPMX,19105,14,https://www.senado.es/web/composicionorganizacion/senadores/composicionsenado/fichasenador/index.html?legis=14&id1=19105,https://www.senado.es/legis14/senadores/regbi/DBR_52837.pdf,"MARÍN GASCÓN, JOSÉ MANUEL"
171,V,GRUPO PARLAMENTARIO POPULAR EN EL SENADO,GPP,18865,14,https://www.senado.es/web/composicionorganizacion/senadores/composicionsenado/fichasenador/index.html?legis=14&id1=18865,https://www.senado.es/legis14/senadores/regbi/DBR_143920.pdf,"MAROTO ARANZÁBAL, JAVIER IGNACIO"
172,V,GRUPO PARLAMENTARIO POPULAR EN EL SENADO,GPP,19405,14,https://www.senado.es/web/composicionorganizacion/senadores/composicionsenado/fichasenador/index.html?legis=14&id1=19405,https://www.senado.es/legis14/senadores/regbi/DBR_67318.pdf,"MARQUÉS PALLISER, CRISTÓBAL"
173,V,GRUPO PARLAMENTARIO POPULAR EN EL SENADO,GPP,18100,14,https://www.senado.es/web/composicionorganizacion/senadores/composicionsenado/fichasenador/index.html?legis=14&id1=18100,https://www.senado.es/legis14/senadores/regbi/DBR_850.pdf,"MÁRQUEZ SÁNCHEZ, FRANCISCO JAVIER"
174,V,GRUPO PARLAMENTARIO ESQUERRA REPUBLICANA-EUSKAL HERRIA BILDU,GPERB,17165,14,https://www.senado.es/web/composicionorganizacion/senadores/composicionsenado/fichasenador/index.html?legis=14&id1=17165,https://www.senado.es/legis14/senadores/regbi/DBR_1000.pdf,"MARTÍ DEULOFEU, JORDI"
175,M,"GRUPO PARLAMENTARIO DEMOCRÁTICO (CIUDADANOS, AGRUPACIÓN DE ELECTORES ",GPD,19026,14,https://www.senado.es/web/composicionorganizacion/senadores/composicionsenado/fichasenador/index.html?legis=14&id1=19026,https://www.senado.es/legis14/senadores/regbi/DBR_606.pdf,"MARTÍN LARRED, BEATRIZ"
176,V,GRUPO PARLAMENTARIO POPULAR EN EL SENADO,GPP,18101,14,https://www.senado.es/web/composicionorganizacion/senadores/composicionsenado/fichasenador/index.html?legis=14&id1=18101,https://www.senado.es/legis14/senadores/regbi/DBR_682.pdf,"MARTÍN MARTÍN, JUAN PABLO"
177,M,GRUPO PARLAMENTARIO SOCIALISTA,GPS,18246,14,https://www.senado.es/web/composicionorganizacion/senadores/composicionsenado/fichasenador/index.html?legis=14&id1=18246,https://www.senado.es/legis14/senadores/regbi/DBR_161908.pdf,"MARTÍN PALOP, ESTEFANÍA"
178,M,GRUPO PARLAMENTARIO POPULAR EN EL SENADO,GPP,18945,14,https://www.senado.es/web/composicionorganizacion/senadores/composicionsenado/fichasenador/index.html?legis=14&id1=18945,https://www.senado.es/legis14/senadores/regbi/DBR_181225.pdf,"MARTÍN POZO, MARÍA TERESA"
179,V,GRUPO PARLAMENTARIO SOCIALISTA,GPS,15302,14,https://www.senado.es/web/composicionorganizacion/senadores/composicionsenado/fichasenador/index.html?legis=14&id1=15302,https://www.senado.es/legis14/senadores/regbi/DBR_172507.pdf,"MARTÍN RODRÍGUEZ, JESÚS"
180,V,GRUPO PARLAMENTARIO POPULAR EN EL SENADO,GPP,18102,14,https://www.senado.es/web/composicionorganizacion/senadores/composicionsenado/fichasenador/index.html?legis=14&id1=18102,https://www.senado.es/legis14/senadores/regbi/DBR_912.pdf,"MARTÍNEZ ANTOLÍN, JORGE DOMINGO"
181,V,GRUPO PARLAMENTARIO SOCIALISTA,GPS,18405,14,https://www.senado.es/web/composicionorganizacion/senadores/composicionsenado/fichasenador/index.html?legis=14&id1=18405,,"MARTÍNEZ LÓPEZ, FERNANDO"
182,V,GRUPO PARLAMENTARIO POPULAR EN EL SENADO,GPP,15322,14,https://www.senado.es/web/composicionorganizacion/senadores/composicionsenado/fichasenador/index.html?legis=14&id1=15322,https://www.senado.es/legis14/senadores/regbi/DBR_788.pdf,"MARTÍNEZ MARTÍNEZ, GERARDO"
183,V,GRUPO PARLAMENTARIO POPULAR EN EL SENADO,GPP,19066,14,https://www.senado.es/web/composicionorganizacion/senadores/composicionsenado/fichasenador/index.html?legis=14&id1=19066,https://www.senado.es/legis14/senadores/regbi/DBR_564.pdf,"MARTÍNEZ MUS, VICENTE"
184,M,GRUPO PARLAMENTARIO POPULAR EN EL SENADO,GPP,19088,14,https://www.senado.es/web/composicionorganizacion/senadores/composicionsenado/fichasenador/index.html?legis=14&id1=19088,https://www.senado.es/legis14/senadores/regbi/DBR_597.pdf,"MARTÍNEZ PEÑARRUBIA, MARÍA PILAR"
185,V,GRUPO PARLAMENTARIO SOCIALISTA,GPS,19285,14,https://www.senado.es/web/composicionorganizacion/senadores/composicionsenado/fichasenador/index.html?legis=14&id1=19285,https://www.senado.es/legis14/senadores/regbi/DBR_8861.pdf,"MARTÍNEZ RODRÍGUEZ, ANTONIO"
186,V,"GRUPO PARLAMENTARIO DE IZQUIERDA CONFEDERAL (MÉS PER MALLORCA, MÁS MADRID, COMPROMÍS, GEROA BAI Y AGRUPACIÓN SOCIALISTA GOMERA)",GPIC,19005,14,https://www.senado.es/web/composicionorganizacion/senadores/composicionsenado/fichasenador/index.html?legis=14&id1=19005,https://www.senado.es/legis14/senadores/regbi/DBR_101613.pdf,"MARTÍNEZ URIONABARRENETXEA, KOLDO"
187,M,GRUPO PARLAMENTARIO SOCIALISTA,GPS,18297,14,https://www.senado.es/web/composicionorganizacion/senadores/composicionsenado/fichasenador/index.html?legis=14&id1=18297,https://www.senado.es/legis14/senadores/regbi/DBR_603.pdf,"MARTÍNEZ ZARAGOZA, ANA"
188,V,GRUPO PARLAMENTARIO POPULAR EN EL SENADO,GPP,18103,14,https://www.senado.es/web/composicionorganizacion/senadores/composicionsenado/fichasenador/index.html?legis=14&id1=18103,https://www.senado.es/legis14/senadores/regbi/DBR_122674.pdf,"MARTÍNEZ-MAÍLLO TORIBIO, FERNANDO"
189,V,GRUPO PARLAMENTARIO ESQUERRA REPUBLICANA-EUSKAL HERRIA BILDU,GPERB,17605,14,https://www.senado.es/web/composicionorganizacion/senadores/composicionsenado/fichasenador/index.html?legis=14&id1=17605,https://www.senado.es/legis14/senadores/regbi/DBR_175913.pdf,"MASIH NAHAR, ROBERT"
190,V,GRUPO PARLAMENTARIO NACIONALISTA EN EL SENADO JUNTS PER CATALUNYA-COALICIÓN CANARIA/PARTIDO NACIONALISTA CANARIO,GPN,18166,14,https://www.senado.es/web/composicionorganizacion/senadores/composicionsenado/fichasenador/index.html?legis=14&id1=18166,https://www.senado.es/legis14/senadores/regbi/DBR_122494.pdf,"MATAMALA ALSINA, JOSEP MARIA"
191,V,GRUPO PARLAMENTARIO POPULAR EN EL SENADO,GPP,18104,14,https://www.senado.es/web/composicionorganizacion/senadores/composicionsenado/fichasenador/index.html?legis=14&id1=18104,https://www.senado.es/legis14/senadores/regbi/DBR_915.pdf,"MEDIAVILLA PÉREZ, RODRIGO"
192,V,GRUPO PARLAMENTARIO VASCO EN EL SENADO (EAJ-PNV),GPV,18072,14,https://www.senado.es/web/composicionorganizacion/senadores/composicionsenado/fichasenador/index.html?legis=14&id1=18072,https://www.senado.es/legis14/senadores/regbi/DBR_722.pdf,"MEDINA MARTÍNEZ, JUAN CARLOS"
193,V,GRUPO PARLAMENTARIO SOCIALISTA,GPS,18705,14,https://www.senado.es/web/composicionorganizacion/senadores/composicionsenado/fichasenador/index.html?legis=14&id1=18705,https://www.senado.es/legis14/senadores/regbi/DBR_557.pdf,"MENESES ROQUÉ, PEDRO ANATAEL"
194,M,GRUPO PARLAMENTARIO MIXTO,GPMX,19265,14,https://www.senado.es/web/composicionorganizacion/senadores/composicionsenado/fichasenador/index.html?legis=14&id1=19265,https://www.senado.es/legis14/senadores/regbi/DBR_12024.pdf,"MERELO PALOMARES, YOLANDA"
195,M,GRUPO PARLAMENTARIO SOCIALISTA,GPS,18245,14,https://www.senado.es/web/composicionorganizacion/senadores/composicionsenado/fichasenador/index.html?legis=14&id1=18245,https://www.senado.es/legis14/senadores/regbi/DBR_76387.pdf,"MÍNGUEZ SIERRA, MARÍA DEL CARMEN"
196,V,GRUPO PARLAMENTARIO SOCIALISTA,GPS,18244,14,https://www.senado.es/web/composicionorganizacion/senadores/composicionsenado/fichasenador/index.html?legis=14&id1=18244,https://www.senado.es/legis14/senadores/regbi/DBR_940.pdf,"MIRANDA MARTÍNEZ, MANUEL"
197,V,GRUPO PARLAMENTARIO SOCIALISTA,GPS,19625,14,https://www.senado.es/web/composicionorganizacion/senadores/composicionsenado/fichasenador/index.html?legis=14&id1=19625,https://www.senado.es/legis14/senadores/regbi/DBR_122155.pdf,"MIRÁS FRANQUEIRA, MANUEL"
198,V,GRUPO PARLAMENTARIO SOCIALISTA,GPS,18243,14,https://www.senado.es/web/composicionorganizacion/senadores/composicionsenado/fichasenador/index.html?legis=14&id1=18243,https://www.senado.es/legis14/senadores/regbi/DBR_343.pdf,"MOGO ZARO, CÉSAR ALEJANDRO"
199,M,GRUPO PARLAMENTARIO SOCIALISTA,GPS,18310,14,https://www.senado.es/web/composicionorganizacion/senadores/composicionsenado/fichasenador/index.html?legis=14&id1=18310,https://www.senado.es/legis14/senadores/regbi/DBR_856.pdf,"MOLL KAMMERICH, SUSANNA"
200,V,GRUPO PARLAMENTARIO POPULAR EN EL SENADO,GPP,14265,14,https://www.senado.es/web/composicionorganizacion/senadores/composicionsenado/fichasenador/index.html?legis=14&id1=14265,https://www.senado.es/legis14/senadores/regbi/DBR_185.pdf,"MONAGO TERRAZA, JOSÉ ANTONIO"
201,V,GRUPO PARLAMENTARIO SOCIALISTA,GPS,18241,14,https://www.senado.es/web/composicionorganizacion/senadores/composicionsenado/fichasenador/index.html?legis=14&id1=18241,https://www.senado.es/legis14/senadores/regbi/DBR_1141.pdf,"MONTALVO ÍÑIGO, PEDRO ANTONIO"
202,V,GRUPO PARLAMENTARIO SOCIALISTA,GPS,18298,14,https://www.senado.es/web/composicionorganizacion/senadores/composicionsenado/fichasenador/index.html?legis=14&id1=18298,https://www.senado.es/legis14/senadores/regbi/DBR_114818.pdf,"MORALES QUESADA, RAMÓN"
203,M,GRUPO PARLAMENTARIO SOCIALISTA,GPS,18299,14,https://www.senado.es/web/composicionorganizacion/senadores/composicionsenado/fichasenador/index.html?legis=14&id1=18299,https://www.senado.es/legis14/senadores/regbi/DBR_182182.pdf,"MORÁN FRANCO, MARÍA DEL CARMEN"
204,M,GRUPO PARLAMENTARIO SOCIALISTA,GPS,18240,14,https://www.senado.es/web/composicionorganizacion/senadores/composicionsenado/fichasenador/index.html?legis=14&id1=18240,https://www.senado.es/legis14/senadores/regbi/DBR_953.pdf,"MORENO DUQUE, MARÍA ISABEL"
205,V,GRUPO PARLAMENTARIO POPULAR EN EL SENADO,GPP,19067,14,https://www.senado.es/web/composicionorganizacion/senadores/composicionsenado/fichasenador/index.html?legis=14&id1=19067,https://www.senado.es/legis14/senadores/regbi/DBR_342.pdf,"MORENO PALANQUES, RUBÉN FAUSTO"
206,V,GRUPO PARLAMENTARIO SOCIALISTA,GPS,18311,14,https://www.senado.es/web/composicionorganizacion/senadores/composicionsenado/fichasenador/index.html?legis=14&id1=18311,https://www.senado.es/legis14/senadores/regbi/DBR_847.pdf,"MOSCOSO GONZÁLEZ, ALFONSO CARLOS"
207,V,"GRUPO PARLAMENTARIO DE IZQUIERDA CONFEDERAL (MÉS PER MALLORCA, MÁS MADRID, COMPROMÍS, GEROA BAI Y AGRUPACIÓN SOCIALISTA GOMERA)",GPIC,16605,14,https://www.senado.es/web/composicionorganizacion/senadores/composicionsenado/fichasenador/index.html?legis=14&id1=16605,https://www.senado.es/legis14/senadores/regbi/DBR_110389.pdf,"MULET GARCÍA, CARLES"
208,V,GRUPO PARLAMENTARIO POPULAR EN EL SENADO,GPP,19058,14,https://www.senado.es/web/composicionorganizacion/senadores/composicionsenado/fichasenador/index.html?legis=14&id1=19058,https://www.senado.es/legis14/senadores/regbi/DBR_163005.pdf,"MUÑOZ ARBONA, DAVID JUAN"
209,V,GRUPO PARLAMENTARIO SOCIALISTA,GPS,18239,14,https://www.senado.es/web/composicionorganizacion/senadores/composicionsenado/fichasenador/index.html?legis=14&id1=18239,https://www.senado.es/legis14/senadores/regbi/DBR_2218.pdf,"MUÑOZ CUENCA, ALFONSO"
210,M,GRUPO PARLAMENTARIO POPULAR EN EL SENADO,GPP,18526,14,https://www.senado.es/web/composicionorganizacion/senadores/composicionsenado/fichasenador/index.html?legis=14&id1=18526,https://www.senado.es/legis14/senadores/regbi/DBR_761.pdf,"MUÑOZ FONTERIZ, ELENA"
211,V,"GRUPO PARLAMENTARIO DEMOCRÁTICO (CIUDADANOS, AGRUPACIÓN DE ELECTORES ",GPD,19445,14,https://www.senado.es/web/composicionorganizacion/senadores/composicionsenado/fichasenador/index.html?legis=14&id1=19445,https://www.senado.es/legis14/senadores/regbi/DBR_98310.pdf,"MUÑOZ LAGARES, JOSÉ LUIS"
212,M,GRUPO PARLAMENTARIO POPULAR EN EL SENADO,GPP,16985,14,https://www.senado.es/web/composicionorganizacion/senadores/composicionsenado/fichasenador/index.html?legis=14&id1=16985,https://www.senado.es/legis14/senadores/regbi/DBR_162573.pdf,"MUÑOZ URIOL, MARÍA ÁNGELES"
213,M,GRUPO PARLAMENTARIO SOCIALISTA,GPS,18238,14,https://www.senado.es/web/composicionorganizacion/senadores/composicionsenado/fichasenador/index.html?legis=14&id1=18238,https://www.senado.es/legis14/senadores/regbi/DBR_685.pdf,"MURO MARTÍN, MARÍA MONTSERRAT"
214,V,GRUPO PARLAMENTARIO SOCIALISTA,GPS,17805,14,https://www.senado.es/web/composicionorganizacion/senadores/composicionsenado/fichasenador/index.html?legis=14&id1=17805,https://www.senado.es/legis14/senadores/regbi/DBR_147517.pdf,"NACARINO MURIEL, MIGUEL ÁNGEL"
215,M,GRUPO PARLAMENTARIO SOCIALISTA,GPS,18300,14,https://www.senado.es/web/composicionorganizacion/senadores/composicionsenado/fichasenador/index.html?legis=14&id1=18300,https://www.senado.es/legis14/senadores/regbi/DBR_621.pdf,"NARBONA RUIZ, MARÍA CRISTINA"
216,M,GRUPO PARLAMENTARIO SOCIALISTA,GPS,10141,14,https://www.senado.es/web/composicionorganizacion/senadores/composicionsenado/fichasenador/index.html?legis=14&id1=10141,https://www.senado.es/legis14/senadores/regbi/DBR_384.pdf,"NAVARRO GARZÓN, MICAELA"
217,V,GRUPO PARLAMENTARIO POPULAR EN EL SENADO,GPP,19746,14,https://www.senado.es/web/composicionorganizacion/senadores/composicionsenado/fichasenador/index.html?legis=14&id1=19746,https://www.senado.es/legis14/senadores/regbi/DBR_145610.pdf,"NÚÑEZ FEIJÓO, ALBERTO"
218,V,GRUPO PARLAMENTARIO SOCIALISTA,GPS,18301,14,https://www.senado.es/web/composicionorganizacion/senadores/composicionsenado/fichasenador/index.html?legis=14&id1=18301,https://www.senado.es/legis14/senadores/regbi/DBR_526.pdf,"OLEAGA ZALVIDEA, JOSÉ MARÍA"
219,V,GRUPO PARLAMENTARIO SOCIALISTA,GPS,16993,14,https://www.senado.es/web/composicionorganizacion/senadores/composicionsenado/fichasenador/index.html?legis=14&id1=16993,https://www.senado.es/legis14/senadores/regbi/DBR_160859.pdf,"ORTEGA FERNÁNDEZ, FÉLIX"
220,M,GRUPO PARLAMENTARIO VASCO EN EL SENADO (EAJ-PNV),GPV,18070,14,https://www.senado.es/web/composicionorganizacion/senadores/composicionsenado/fichasenador/index.html?legis=14&id1=18070,https://www.senado.es/legis14/senadores/regbi/DBR_731.pdf,"OTAOLA URQUIJO, ALMUDENA"
221,M,GRUPO PARLAMENTARIO SOCIALISTA,GPS,19186,14,https://www.senado.es/web/composicionorganizacion/senadores/composicionsenado/fichasenador/index.html?legis=14&id1=19186,https://www.senado.es/legis14/senadores/regbi/DBR_1185.pdf,"OTERO GARCÍA, MARÍA MERCEDES"
222,M,GRUPO PARLAMENTARIO SOCIALISTA,GPS,18237,14,https://www.senado.es/web/composicionorganizacion/senadores/composicionsenado/fichasenador/index.html?legis=14&id1=18237,https://www.senado.es/legis14/senadores/regbi/DBR_1144.pdf,"PABLO DÁVILA, MARÍA VICTORIA DE"
223,V,GRUPO PARLAMENTARIO SOCIALISTA,GPS,18345,14,https://www.senado.es/web/composicionorganizacion/senadores/composicionsenado/fichasenador/index.html?legis=14&id1=18345,https://www.senado.es/legis14/senadores/regbi/DBR_177151.pdf,"PALACÍN GUARNÉ, GONZALO"
224,M,GRUPO PARLAMENTARIO NACIONALISTA EN EL SENADO JUNTS PER CATALUNYA-COALICIÓN CANARIA/PARTIDO NACIONALISTA CANARIO,GPN,17706,14,https://www.senado.es/web/composicionorganizacion/senadores/composicionsenado/fichasenador/index.html?legis=14&id1=17706,,"PASCAL CAPDEVILA, MARTA"
225,M,GRUPO PARLAMENTARIO POPULAR EN EL SENADO,GPP,17157,14,https://www.senado.es/web/composicionorganizacion/senadores/composicionsenado/fichasenador/index.html?legis=14&id1=17157,https://www.senado.es/legis14/senadores/regbi/DBR_355.pdf,"PEDROSA ROLDÁN, MARÍA ADELAIDA"
226,M,GRUPO PARLAMENTARIO VASCO EN EL SENADO (EAJ-PNV),GPV,18071,14,https://www.senado.es/web/composicionorganizacion/senadores/composicionsenado/fichasenador/index.html?legis=14&id1=18071,https://www.senado.es/legis14/senadores/regbi/DBR_719.pdf,"PERAL DÍEZ, MARÍA ROSA"
227,V,GRUPO PARLAMENTARIO POPULAR EN EL SENADO,GPP,19053,14,https://www.senado.es/web/composicionorganizacion/senadores/composicionsenado/fichasenador/index.html?legis=14&id1=19053,https://www.senado.es/legis14/senadores/regbi/DBR_402.pdf,"PÉREZ CORONADO, PABLO"
228,M,GRUPO PARLAMENTARIO ESQUERRA REPUBLICANA-EUSKAL HERRIA BILDU,GPERB,17357,14,https://www.senado.es/web/composicionorganizacion/senadores/composicionsenado/fichasenador/index.html?legis=14&id1=17357,https://www.senado.es/legis14/senadores/regbi/DBR_179694.pdf,"PÉREZ ESTEVE, ELISENDA"
229,V,GRUPO PARLAMENTARIO SOCIALISTA,GPS,10200,14,https://www.senado.es/web/composicionorganizacion/senadores/composicionsenado/fichasenador/index.html?legis=14&id1=10200,https://www.senado.es/legis14/senadores/regbi/DBR_88475.pdf,"PÉREZ GARCÍA, SANTIAGO"
230,V,GRUPO PARLAMENTARIO POPULAR EN EL SENADO,GPP,19086,14,https://www.senado.es/web/composicionorganizacion/senadores/composicionsenado/fichasenador/index.html?legis=14&id1=19086,https://www.senado.es/legis14/senadores/regbi/DBR_1111.pdf,"PÉREZ SICILIA, BORJA"
231,V,GRUPO PARLAMENTARIO ESQUERRA REPUBLICANA-EUSKAL HERRIA BILDU,GPERB,17327,14,https://www.senado.es/web/composicionorganizacion/senadores/composicionsenado/fichasenador/index.html?legis=14&id1=17327,https://www.senado.es/legis14/senadores/regbi/DBR_987.pdf,"PICORNELL GRENZNER, BERNAT"
232,M,GRUPO PARLAMENTARIO SOCIALISTA,GPS,18236,14,https://www.senado.es/web/composicionorganizacion/senadores/composicionsenado/fichasenador/index.html?legis=14&id1=18236,https://www.senado.es/legis14/senadores/regbi/DBR_950.pdf,"PLAZA GARCÍA, INÉS MARÍA"
233,V,GRUPO PARLAMENTARIO POPULAR EN EL SENADO,GPP,19090,14,https://www.senado.es/web/composicionorganizacion/senadores/composicionsenado/fichasenador/index.html?legis=14&id1=19090,https://www.senado.es/legis14/senadores/regbi/DBR_1071.pdf,"PLAZA MARTÍN, LUIS ALBERTO"
234,M,GRUPO PARLAMENTARIO POPULAR EN EL SENADO,GPP,16989,14,https://www.senado.es/web/composicionorganizacion/senadores/composicionsenado/fichasenador/index.html?legis=14&id1=16989,https://www.senado.es/legis14/senadores/regbi/DBR_575.pdf,"POBO SÁNCHEZ, MARÍA CARMEN ISABEL"
235,M,"GRUPO PARLAMENTARIO DEMOCRÁTICO (CIUDADANOS, AGRUPACIÓN DE ELECTORES ",GPD,19326,14,https://www.senado.es/web/composicionorganizacion/senadores/composicionsenado/fichasenador/index.html?legis=14&id1=19326,https://www.senado.es/legis14/senadores/regbi/DBR_40265.pdf,"PONCE GALLARDO, MARÍA"
236,V,GRUPO PARLAMENTARIO SOCIALISTA,GPS,17185,14,https://www.senado.es/web/composicionorganizacion/senadores/composicionsenado/fichasenador/index.html?legis=14&id1=17185,https://www.senado.es/legis14/senadores/regbi/DBR_176066.pdf,"POSE MESURA, MODESTO"
237,V,GRUPO PARLAMENTARIO SOCIALISTA,GPS,19465,14,https://www.senado.es/web/composicionorganizacion/senadores/composicionsenado/fichasenador/index.html?legis=14&id1=19465,https://www.senado.es/legis14/senadores/regbi/DBR_100349.pdf,"POVEDA ZAPATA, ANTONIO"
238,M,GRUPO PARLAMENTARIO POPULAR EN EL SENADO,GPP,17066,14,https://www.senado.es/web/composicionorganizacion/senadores/composicionsenado/fichasenador/index.html?legis=14&id1=17066,https://www.senado.es/legis14/senadores/regbi/DBR_72703.pdf,"PRADAS TEN, SALOMÉ"
239,V,GRUPO PARLAMENTARIO POPULAR EN EL SENADO,GPP,17353,14,https://www.senado.es/web/composicionorganizacion/senadores/composicionsenado/fichasenador/index.html?legis=14&id1=17353,https://www.senado.es/legis14/senadores/regbi/DBR_122615.pdf,"PRIEGO CHACÓN, FERNANDO"
240,V,GRUPO PARLAMENTARIO POPULAR EN EL SENADO,GPP,18106,14,https://www.senado.es/web/composicionorganizacion/senadores/composicionsenado/fichasenador/index.html?legis=14&id1=18106,https://www.senado.es/legis14/senadores/regbi/DBR_174389.pdf,"PUENTE REDONDO, JAVIER"
241,V,GRUPO PARLAMENTARIO POPULAR EN EL SENADO,GPP,19505,14,https://www.senado.es/web/composicionorganizacion/senadores/composicionsenado/fichasenador/index.html?legis=14&id1=19505,https://www.senado.es/legis14/senadores/regbi/DBR_106429.pdf,"RABOSO GARCÍA-BAQUERO, EDUARDO"
242,V,GRUPO PARLAMENTARIO SOCIALISTA,GPS,18234,14,https://www.senado.es/web/composicionorganizacion/senadores/composicionsenado/fichasenador/index.html?legis=14&id1=18234,https://www.senado.es/legis14/senadores/regbi/DBR_518.pdf,"RALLO LOMBARTE, ARTEMI VICENT"
243,V,GRUPO PARLAMENTARIO SOCIALISTA,GPS,19794,14,https://www.senado.es/web/composicionorganizacion/senadores/composicionsenado/fichasenador/index.html?legis=14&id1=19794,,"RAMÍREZ GUTIÉRREZ, RAFAEL"
244,V,GRUPO PARLAMENTARIO POPULAR EN EL SENADO,GPP,18108,14,https://www.senado.es/web/composicionorganizacion/senadores/composicionsenado/fichasenador/index.html?legis=14&id1=18108,https://www.senado.es/legis14/senadores/regbi/DBR_767.pdf,"RAMOS ACOSTA, SERGIO"
245,V,GRUPO PARLAMENTARIO SOCIALISTA,GPS,18886,14,https://www.senado.es/web/composicionorganizacion/senadores/composicionsenado/fichasenador/index.html?legis=14&id1=18886,https://www.senado.es/legis14/senadores/regbi/DBR_318.pdf,"RAMOS NEGRÍN, PEDRO MANUEL"
246,V,GRUPO PARLAMENTARIO ESQUERRA REPUBLICANA-EUSKAL HERRIA BILDU,GPERB,19486,14,https://www.senado.es/web/composicionorganizacion/senadores/composicionsenado/fichasenador/index.html?legis=14&id1=19486,https://www.senado.es/legis14/senadores/regbi/DBR_176325.pdf,"RENIU VILAMALA, JOSEP MARIA"
247,M,GRUPO PARLAMENTARIO SOCIALISTA,GPS,18765,14,https://www.senado.es/web/composicionorganizacion/senadores/composicionsenado/fichasenador/index.html?legis=14&id1=18765,https://www.senado.es/legis14/senadores/regbi/DBR_863.pdf,"RETUERTO RODRÍGUEZ, LOURDES"
248,V,GRUPO PARLAMENTARIO SOCIALISTA,GPS,19565,14,https://www.senado.es/web/composicionorganizacion/senadores/composicionsenado/fichasenador/index.html?legis=14&id1=19565,https://www.senado.es/legis14/senadores/regbi/DBR_114486.pdf,"REY DE LAS HERAS, LUIS ALFONSO"
249,M,GRUPO PARLAMENTARIO NACIONALISTA EN EL SENADO JUNTS PER CATALUNYA-COALICIÓN CANARIA/PARTIDO NACIONALISTA CANARIO,GPN,15294,14,https://www.senado.es/web/composicionorganizacion/senadores/composicionsenado/fichasenador/index.html?legis=14&id1=15294,https://www.senado.es/legis14/senadores/regbi/DBR_378.pdf,"RIVERO SEGALÀS, MARIA TERESA"
250,V,GRUPO PARLAMENTARIO POPULAR EN EL SENADO,GPP,17045,14,https://www.senado.es/web/composicionorganizacion/senadores/composicionsenado/fichasenador/index.html?legis=14&id1=17045,https://www.senado.es/legis14/senadores/regbi/DBR_499.pdf,"ROBLES OROZCO, GONZALO JESÚS"
251,V,GRUPO PARLAMENTARIO POPULAR EN EL SENADO,GPP,19045,14,https://www.senado.es/web/composicionorganizacion/senadores/composicionsenado/fichasenador/index.html?legis=14&id1=19045,https://www.senado.es/legis14/senadores/regbi/DBR_535.pdf,"ROBLES RODRÍGUEZ, JOSÉ ANTONIO"
252,M,GRUPO PARLAMENTARIO POPULAR EN EL SENADO,GPP,18109,14,https://www.senado.es/web/composicionorganizacion/senadores/composicionsenado/fichasenador/index.html?legis=14&id1=18109,https://www.senado.es/legis14/senadores/regbi/DBR_668.pdf,"RODRÍGUEZ CALLEJA, PATRICIA"
253,V,GRUPO PARLAMENTARIO POPULAR EN EL SENADO,GPP,15205,14,https://www.senado.es/web/composicionorganizacion/senadores/composicionsenado/fichasenador/index.html?legis=14&id1=15205,https://www.senado.es/legis14/senadores/regbi/DBR_650.pdf,"RODRÍGUEZ COMENDADOR PÉREZ, LUIS ROGELIO"
254,M,GRUPO PARLAMENTARIO MIXTO,GPMX,19787,14,https://www.senado.es/web/composicionorganizacion/senadores/composicionsenado/fichasenador/index.html?legis=14&id1=19787,https://www.senado.es/legis14/senadores/regbi/DBR_153627.pdf,"RODRÍGUEZ DE MILLÁN PARRO, MARÍA JOSÉ"
255,V,GRUPO PARLAMENTARIO SOCIALISTA,GPS,15785,14,https://www.senado.es/web/composicionorganizacion/senadores/composicionsenado/fichasenador/index.html?legis=14&id1=15785,https://www.senado.es/legis14/senadores/regbi/DBR_54878.pdf,"RODRÍGUEZ ESQUERDO, ANTONIO JULIÁN"
256,V,GRUPO PARLAMENTARIO POPULAR EN EL SENADO,GPP,19049,14,https://www.senado.es/web/composicionorganizacion/senadores/composicionsenado/fichasenador/index.html?legis=14&id1=19049,https://www.senado.es/legis14/senadores/regbi/DBR_312.pdf,"RODRÍGUEZ LÓPEZ, RAMÓN"
257,M,GRUPO PARLAMENTARIO POPULAR EN EL SENADO,GPP,19062,14,https://www.senado.es/web/composicionorganizacion/senadores/composicionsenado/fichasenador/index.html?legis=14&id1=19062,https://www.senado.es/legis14/senadores/regbi/DBR_1115.pdf,"ROJO NOGUERA, PILAR MILAGROS"
258,M,GRUPO PARLAMENTARIO SOCIALISTA,GPS,18232,14,https://www.senado.es/web/composicionorganizacion/senadores/composicionsenado/fichasenador/index.html?legis=14&id1=18232,https://www.senado.es/legis14/senadores/regbi/DBR_160593.pdf,"ROLDÁN MARTÍNEZ, DONELIA"
259,M,GRUPO PARLAMENTARIO CIUDADANOS,GPCs,17705,14,https://www.senado.es/web/composicionorganizacion/senadores/composicionsenado/fichasenador/index.html?legis=14&id1=17705,https://www.senado.es/legis14/senadores/regbi/DBR_1208.pdf,"ROLDÁN SUÁREZ, LORENA"
260,V,GRUPO PARLAMENTARIO POPULAR EN EL SENADO,GPP,19063,14,https://www.senado.es/web/composicionorganizacion/senadores/composicionsenado/fichasenador/index.html?legis=14&id1=19063,https://www.senado.es/legis14/senadores/regbi/DBR_905.pdf,"ROLLÁN OJEDA, PEDRO MANUEL"
261,V,GRUPO PARLAMENTARIO POPULAR EN EL SENADO,GPP,12864,14,https://www.senado.es/web/composicionorganizacion/senadores/composicionsenado/fichasenador/index.html?legis=14&id1=12864,https://www.senado.es/legis14/senadores/regbi/DBR_131535.pdf,"ROMÁN JASANADA, ANTONIO"
262,V,GRUPO PARLAMENTARIO MIXTO,GPMX,19106,14,https://www.senado.es/web/composicionorganizacion/senadores/composicionsenado/fichasenador/index.html?legis=14&id1=19106,,"ROS ALCAIDE, JUAN"
263,V,GRUPO PARLAMENTARIO POPULAR EN EL SENADO,GPP,18112,14,https://www.senado.es/web/composicionorganizacion/senadores/composicionsenado/fichasenador/index.html?legis=14&id1=18112,https://www.senado.es/legis14/senadores/regbi/DBR_926.pdf,"ROSA TORNER, FERNANDO DE"
264,M,GRUPO PARLAMENTARIO POPULAR EN EL SENADO,GPP,16685,14,https://www.senado.es/web/composicionorganizacion/senadores/composicionsenado/fichasenador/index.html?legis=14&id1=16685,https://www.senado.es/legis14/senadores/regbi/DBR_412.pdf,"RUDI ÚBEDA, LUISA FERNANDA"
265,V,GRUPO PARLAMENTARIO ESQUERRA REPUBLICANA-EUSKAL HERRIA BILDU,GPERB,17107,14,https://www.senado.es/web/composicionorganizacion/senadores/composicionsenado/fichasenador/index.html?legis=14&id1=17107,https://www.senado.es/legis14/senadores/regbi/DBR_177841.pdf,"RUFÀ GRÀCIA, JOSEP"
266,V,GRUPO PARLAMENTARIO SOCIALISTA,GPS,18231,14,https://www.senado.es/web/composicionorganizacion/senadores/composicionsenado/fichasenador/index.html?legis=14&id1=18231,https://www.senado.es/legis14/senadores/regbi/DBR_663.pdf,"RUIZ DE DIEGO, VÍCTOR JAVIER"
267,M,GRUPO PARLAMENTARIO POPULAR EN EL SENADO,GPP,17965,14,https://www.senado.es/web/composicionorganizacion/senadores/composicionsenado/fichasenador/index.html?legis=14&id1=17965,https://www.senado.es/legis14/senadores/regbi/DBR_153638.pdf,"RUIZ-SILLERO BERNAL, MARÍA TERESA"
268,V,GRUPO PARLAMENTARIO POPULAR EN EL SENADO,GPP,18113,14,https://www.senado.es/web/composicionorganizacion/senadores/composicionsenado/fichasenador/index.html?legis=14&id1=18113,https://www.senado.es/legis14/senadores/regbi/DBR_1168.pdf,"RUZ VILLANUEVA, PABLO"
269,M,GRUPO PARLAMENTARIO POPULAR EN EL SENADO,GPP,12936,14,https://www.senado.es/web/composicionorganizacion/senadores/composicionsenado/fichasenador/index.html?legis=14&id1=12936,https://www.senado.es/legis14/senadores/regbi/DBR_1189.pdf,"SALANUEVA MURGUIALDAY, AMELIA"
270,M,GRUPO PARLAMENTARIO POPULAR EN EL SENADO,GPP,18115,14,https://www.senado.es/web/composicionorganizacion/senadores/composicionsenado/fichasenador/index.html?legis=14&id1=18115,https://www.senado.es/legis14/senadores/regbi/DBR_671.pdf,"SALOM COLL, MARÍA"
271,V,"GRUPO PARLAMENTARIO DEMOCRÁTICO (CIUDADANOS, AGRUPACIÓN DE ELECTORES ",GPD,18745,14,https://www.senado.es/web/composicionorganizacion/senadores/composicionsenado/fichasenador/index.html?legis=14&id1=18745,https://www.senado.es/legis14/senadores/regbi/DBR_182186.pdf,"SÁNCHEZ LÓPEZ, MIGUEL"
272,M,GRUPO PARLAMENTARIO SOCIALISTA,GPS,19425,14,https://www.senado.es/web/composicionorganizacion/senadores/composicionsenado/fichasenador/index.html?legis=14&id1=19425,https://www.senado.es/legis14/senadores/regbi/DBR_96087.pdf,"SÁNCHEZ NAVARRO, AURELIA"
273,V,GRUPO PARLAMENTARIO POPULAR EN EL SENADO,GPP,19085,14,https://www.senado.es/web/composicionorganizacion/senadores/composicionsenado/fichasenador/index.html?legis=14&id1=19085,https://www.senado.es/legis14/senadores/regbi/DBR_1065.pdf,"SÁNCHEZ NÚÑEZ, JOSÉ ENRIQUE"
274,M,GRUPO PARLAMENTARIO POPULAR EN EL SENADO,GPP,14285,14,https://www.senado.es/web/composicionorganizacion/senadores/composicionsenado/fichasenador/index.html?legis=14&id1=14285,https://www.senado.es/legis14/senadores/regbi/DBR_106444.pdf,"SÁNCHEZ-CAMACHO PÉREZ, ALICIA"
275,V,GRUPO PARLAMENTARIO MIXTO,GPMX,18005,14,https://www.senado.es/web/composicionorganizacion/senadores/composicionsenado/fichasenador/index.html?legis=14&id1=18005,https://www.senado.es/legis14/senadores/regbi/DBR_77553.pdf,"SÁNCHEZ-GARNICA GÓMEZ, CLEMENTE"
276,M,GRUPO PARLAMENTARIO SOCIALISTA,GPS,14026,14,https://www.senado.es/web/composicionorganizacion/senadores/composicionsenado/fichasenador/index.html?legis=14&id1=14026,https://www.senado.es/legis14/senadores/regbi/DBR_591.pdf,"SANTANA DUMPIÉRREZ, SATURNINA"
277,M,GRUPO PARLAMENTARIO CIUDADANOS,GPCs,18606,14,https://www.senado.es/web/composicionorganizacion/senadores/composicionsenado/fichasenador/index.html?legis=14&id1=18606,https://www.senado.es/legis14/senadores/regbi/DBR_515.pdf,"SANTIAGO CAMACHO, CARLOTA"
278,V,GRUPO PARLAMENTARIO POPULAR EN EL SENADO,GPP,18116,14,https://www.senado.es/web/composicionorganizacion/senadores/composicionsenado/fichasenador/index.html?legis=14&id1=18116,https://www.senado.es/legis14/senadores/regbi/DBR_511.pdf,"SANTIAGO VÉLEZ, JAVIER"
279,V,GRUPO PARLAMENTARIO POPULAR EN EL SENADO,GPP,19506,14,https://www.senado.es/web/composicionorganizacion/senadores/composicionsenado/fichasenador/index.html?legis=14&id1=19506,https://www.senado.es/legis14/senadores/regbi/DBR_106425.pdf,"SANTOS GONZÁLEZ, JAIME MIGUEL DE LOS"
280,M,GRUPO PARLAMENTARIO POPULAR EN EL SENADO,GPP,15317,14,https://www.senado.es/web/composicionorganizacion/senadores/composicionsenado/fichasenador/index.html?legis=14&id1=15317,https://www.senado.es/legis14/senadores/regbi/DBR_77389.pdf,"SANZ JERÓNIMO, PALOMA INÉS"
281,V,GRUPO PARLAMENTARIO POPULAR EN EL SENADO,GPP,15225,14,https://www.senado.es/web/composicionorganizacion/senadores/composicionsenado/fichasenador/index.html?legis=14&id1=15225,https://www.senado.es/legis14/senadores/regbi/DBR_711.pdf,"SANZ RUIZ, JOSÉ LUIS"
282,V,GRUPO PARLAMENTARIO POPULAR EN EL SENADO,GPP,18118,14,https://www.senado.es/web/composicionorganizacion/senadores/composicionsenado/fichasenador/index.html?legis=14&id1=18118,https://www.senado.es/legis14/senadores/regbi/DBR_415.pdf,"SANZ VITORIO, JUAN JOSÉ"
283,V,GRUPO PARLAMENTARIO POPULAR EN EL SENADO,GPP,12866,14,https://www.senado.es/web/composicionorganizacion/senadores/composicionsenado/fichasenador/index.html?legis=14&id1=12866,https://www.senado.es/legis14/senadores/regbi/DBR_315.pdf,"SERRANO AGUILAR, ANTONIO"
284,M,GRUPO PARLAMENTARIO SOCIALISTA,GPS,18302,14,https://www.senado.es/web/composicionorganizacion/senadores/composicionsenado/fichasenador/index.html?legis=14&id1=18302,https://www.senado.es/legis14/senadores/regbi/DBR_97073.pdf,"SERRANO JIMÉNEZ, MARÍA JESÚS"
285,V,GRUPO PARLAMENTARIO POPULAR EN EL SENADO,GPP,19605,14,https://www.senado.es/web/composicionorganizacion/senadores/composicionsenado/fichasenador/index.html?legis=14&id1=19605,https://www.senado.es/legis14/senadores/regbi/DBR_119886.pdf,"SERRANO LÓPEZ, JUAN CARLOS"
286,M,GRUPO PARLAMENTARIO SOCIALISTA,GPS,16991,14,https://www.senado.es/web/composicionorganizacion/senadores/composicionsenado/fichasenador/index.html?legis=14&id1=16991,https://www.senado.es/legis14/senadores/regbi/DBR_337.pdf,"SERRANO MORALES, RIANSARES"
287,M,GRUPO PARLAMENTARIO SOCIALISTA,GPS,18428,14,https://www.senado.es/web/composicionorganizacion/senadores/composicionsenado/fichasenador/index.html?legis=14&id1=18428,https://www.senado.es/legis14/senadores/regbi/DBR_840.pdf,"SERRANO SIERRA, ROSA MARÍA"
288,V,GRUPO PARLAMENTARIO POPULAR EN EL SENADO,GPP,19051,14,https://www.senado.es/web/composicionorganizacion/senadores/composicionsenado/fichasenador/index.html?legis=14&id1=19051,https://www.senado.es/legis14/senadores/regbi/DBR_321.pdf,"SILVÁN RODRÍGUEZ, ANTONIO"
289,M,GRUPO PARLAMENTARIO ESQUERRA REPUBLICANA-EUSKAL HERRIA BILDU,GPERB,18128,14,https://www.senado.es/web/composicionorganizacion/senadores/composicionsenado/fichasenador/index.html?legis=14&id1=18128,https://www.senado.es/legis14/senadores/regbi/DBR_42037.pdf,"SURRA SPADEA, ANA MARIA"
290,V,GRUPO PARLAMENTARIO POPULAR EN EL SENADO,GPP,19745,14,https://www.senado.es/web/composicionorganizacion/senadores/composicionsenado/fichasenador/index.html?legis=14&id1=19745,https://www.senado.es/legis14/senadores/regbi/DBR_145614.pdf,"TELLADO FILGUEIRA, MIGUEL ÁNGEL"
291,M,GRUPO PARLAMENTARIO POPULAR EN EL SENADO,GPP,18120,14,https://www.senado.es/web/composicionorganizacion/senadores/composicionsenado/fichasenador/index.html?legis=14&id1=18120,https://www.senado.es/legis14/senadores/regbi/DBR_103792.pdf,"TOMÁS OLIVARES, VIOLANTE"
292,M,GRUPO PARLAMENTARIO SOCIALISTA,GPS,18228,14,https://www.senado.es/web/composicionorganizacion/senadores/composicionsenado/fichasenador/index.html?legis=14&id1=18228,https://www.senado.es/legis14/senadores/regbi/DBR_276.pdf,"TORRALBA VALIENTE, CARMEN"
293,V,GRUPO PARLAMENTARIO POPULAR EN EL SENADO,GPP,18121,14,https://www.senado.es/web/composicionorganizacion/senadores/composicionsenado/fichasenador/index.html?legis=14&id1=18121,https://www.senado.es/legis14/senadores/regbi/DBR_561.pdf,"TORTOSA RUIZ, JOSÉ MANUEL"
294,V,GRUPO PARLAMENTARIO VASCO EN EL SENADO (EAJ-PNV),GPV,18069,14,https://www.senado.es/web/composicionorganizacion/senadores/composicionsenado/fichasenador/index.html?legis=14&id1=18069,https://www.senado.es/legis14/senadores/regbi/DBR_754.pdf,"URIBE-ETXEBARRIA APALATEGUI, LUIS JESÚS"
295,M,GRUPO PARLAMENTARIO VASCO EN EL SENADO (EAJ-PNV),GPV,18067,14,https://www.senado.es/web/composicionorganizacion/senadores/composicionsenado/fichasenador/index.html?legis=14&id1=18067,https://www.senado.es/legis14/senadores/regbi/DBR_113346.pdf,"VAQUERO MONTERO, MARÍA ISABEL"
296,V,GRUPO PARLAMENTARIO POPULAR EN EL SENADO,GPP,18122,14,https://www.senado.es/web/composicionorganizacion/senadores/composicionsenado/fichasenador/index.html?legis=14&id1=18122,https://www.senado.es/legis14/senadores/regbi/DBR_1074.pdf,"VARELA RODRÍGUEZ, MANUEL LORENZO"
297,V,GRUPO PARLAMENTARIO POPULAR EN EL SENADO,GPP,18525,14,https://www.senado.es/web/composicionorganizacion/senadores/composicionsenado/fichasenador/index.html?legis=14&id1=18525,https://www.senado.es/legis14/senadores/regbi/DBR_101612.pdf,"VÁZQUEZ ABAD, JESÚS"
298,V,GRUPO PARLAMENTARIO SOCIALISTA,GPS,17951,14,https://www.senado.es/web/composicionorganizacion/senadores/composicionsenado/fichasenador/index.html?legis=14&id1=17951,https://www.senado.es/legis14/senadores/regbi/DBR_61057.pdf,"VÁZQUEZ BERMÚDEZ, MIGUEL ÁNGEL"
299,V,GRUPO PARLAMENTARIO SOCIALISTA,GPS,18224,14,https://www.senado.es/web/composicionorganizacion/senadores/composicionsenado/fichasenador/index.html?legis=14&id1=18224,https://www.senado.es/legis14/senadores/regbi/DBR_600.pdf,"VÁZQUEZ LORENZO, ANTONIO"
300,V,GRUPO PARLAMENTARIO POPULAR EN EL SENADO,GPP,19064,14,https://www.senado.es/web/composicionorganizacion/senadores/composicionsenado/fichasenador/index.html?legis=14&id1=19064,https://www.senado.es/legis14/senadores/regbi/DBR_689.pdf,"VÁZQUEZ ROJAS, JUAN MARÍA"
301,V,GRUPO PARLAMENTARIO SOCIALISTA,GPS,19165,14,https://www.senado.es/web/composicionorganizacion/senadores/composicionsenado/fichasenador/index.html?legis=14&id1=19165,,"VEGA CARRERA, JOSÉ MANUEL DE LA"
302,M,GRUPO PARLAMENTARIO SOCIALISTA,GPS,18223,14,https://www.senado.es/web/composicionorganizacion/senadores/composicionsenado/fichasenador/index.html?legis=14&id1=18223,https://www.senado.es/legis14/senadores/regbi/DBR_144052.pdf,"VERDIER MAYORAL, CÁNDIDA"
303,V,GRUPO PARLAMENTARIO SOCIALISTA,GPS,19245,14,https://www.senado.es/web/composicionorganizacion/senadores/composicionsenado/fichasenador/index.html?legis=14&id1=19245,https://www.senado.es/legis14/senadores/regbi/DBR_180174.pdf,"VICO RUIZ, ABELARDO"
304,V,"GRUPO PARLAMENTARIO DE IZQUIERDA CONFEDERAL (MÉS PER MALLORCA, MÁS MADRID, COMPROMÍS, GEROA BAI Y AGRUPACIÓN SOCIALISTA GOMERA)",GPIC,18645,14,https://www.senado.es/web/composicionorganizacion/senadores/composicionsenado/fichasenador/index.html?legis=14&id1=18645,https://www.senado.es/legis14/senadores/regbi/DBR_142148.pdf,"VIDAL MATAS, VICENÇ"
305,V,GRUPO PARLAMENTARIO SOCIALISTA,GPS,18222,14,https://www.senado.es/web/composicionorganizacion/senadores/composicionsenado/fichasenador/index.html?legis=14&id1=18222,https://www.senado.es/legis14/senadores/regbi/DBR_140578.pdf,"VIDAL VARELA, SALVADOR"
306,M,"GRUPO PARLAMENTARIO DE IZQUIERDA CONFEDERAL (ADELANTE ANDALUCÍA, MÉS PER MALLORCA, MÁS MADRID, COMPROMÍS, GEROA BAI, CATALUNYA EN COMÚ PODEM Y AGRUPACIÓN SOCIALISTA GOMERA)",GPIC,17326,14,https://www.senado.es/web/composicionorganizacion/senadores/composicionsenado/fichasenador/index.html?legis=14&id1=17326,https://www.senado.es/legis14/senadores/regbi/DBR_1093.pdf,"VILÀ GALÁN, SARA"
307,V,GRUPO PARLAMENTARIO SOCIALISTA,GPS,19545,14,https://www.senado.es/web/composicionorganizacion/senadores/composicionsenado/fichasenador/index.html?legis=14&id1=19545,https://www.senado.es/legis14/senadores/regbi/DBR_109771.pdf,"VILLACAMPA ARILLA, RUBÉN MARCOS"
308,M,GRUPO PARLAMENTARIO SOCIALISTA,GPS,18220,14,https://www.senado.es/web/composicionorganizacion/senadores/composicionsenado/fichasenador/index.html?legis=14&id1=18220,https://www.senado.es/legis14/senadores/regbi/DBR_657.pdf,"VILLAR LECHÓN, ANA ISABEL"
309,M,GRUPO PARLAMENTARIO SOCIALISTA,GPS,19645,14,https://www.senado.es/web/composicionorganizacion/senadores/composicionsenado/fichasenador/index.html?legis=14&id1=19645,https://www.senado.es/legis14/senadores/regbi/DBR_132536.pdf,"VILLUENDAS ASENSIO, MARÍA TERESA"
310,V,GRUPO PARLAMENTARIO POPULAR EN EL SENADO,GPP,18123,14,https://www.senado.es/web/composicionorganizacion/senadores/composicionsenado/fichasenador/index.html?legis=14&id1=18123,https://www.senado.es/legis14/senadores/regbi/DBR_675.pdf,"VISO DIÉGUEZ, MIGUEL ÁNGEL"
311,V,GRUPO PARLAMENTARIO POPULAR EN EL SENADO,GPP,19065,14,https://www.senado.es/web/composicionorganizacion/senadores/composicionsenado/fichasenador/index.html?legis=14&id1=19065,https://www.senado.es/legis14/senadores/regbi/DBR_888.pdf,"YÉCORA ROCA, CARLOS"
312,V,GRUPO PARLAMENTARIO SOCIALISTA,GPS,18312,14,https://www.senado.es/web/composicionorganizacion/senadores/composicionsenado/fichasenador/index.html?legis=14&id1=18312,https://www.senado.es/legis14/senadores/regbi/DBR_705.pdf,"ZUBELDIA SANTOYO, ALEJANDRO JOSÉ"
