Name,Gender,Group,Link
ADELINA ESCANDELL GRASES,F,GP. ESQUERRA REPUBLICANA-EUSKAL HERRIA BILDU,http://www.senado.es/web/composicionorganizacion/senadores/composicionsenado/fichasenador/index.html?id1=19205&legis=14&id2=g
ALBERTO CATALÁN HIGUERAS,M,GP. MIXTO,http://www.senado.es/web/composicionorganizacion/senadores/composicionsenado/fichasenador/index.html?id1=18073&legis=14&id2=g
ALBERTO FABRA PART,M,GP. POPULAR,http://www.senado.es/web/composicionorganizacion/senadores/composicionsenado/fichasenador/index.html?id1=16746&legis=14&id2=g
ALEJANDRO JOSÉ ZUBELDIA SANTOYO,M,GP. SOCIALISTA,http://www.senado.es/web/composicionorganizacion/senadores/composicionsenado/fichasenador/index.html?id1=18312&legis=14&id2=g
ALFONSO CARLOS MOSCOSO GONZÁLEZ,M,GP. SOCIALISTA,http://www.senado.es/web/composicionorganizacion/senadores/composicionsenado/fichasenador/index.html?id1=18311&legis=14&id2=g
ALFONSO ESCUDERO ORTEGA,M,GP. SOCIALISTA,http://www.senado.es/web/composicionorganizacion/senadores/composicionsenado/fichasenador/index.html?id1=18289&legis=14&id2=g
ALFONSO MUÑOZ CUENCA,M,GP. SOCIALISTA,http://www.senado.es/web/composicionorganizacion/senadores/composicionsenado/fichasenador/index.html?id1=18239&legis=14&id2=g
ALMUDENA OTAOLA URQUIJO,F,GP. VASCO,http://www.senado.es/web/composicionorganizacion/senadores/composicionsenado/fichasenador/index.html?id1=18070&legis=14&id2=g
AMARO HUELVA BETANZOS,M,GP. SOCIALISTA,http://www.senado.es/web/composicionorganizacion/senadores/composicionsenado/fichasenador/index.html?id1=16969&legis=14&id2=g
AMAYA LANDÍN DÍAZ DE CORCUERA,F,GP. POPULAR,http://www.senado.es/web/composicionorganizacion/senadores/composicionsenado/fichasenador/index.html?id1=19047&legis=14&id2=g
AMELIA SALANUEVA MURGUIALDAY,F,GP. POPULAR,http://www.senado.es/web/composicionorganizacion/senadores/composicionsenado/fichasenador/index.html?id1=12936&legis=14&id2=g
ANA BELÉN EDO GIL,F,GP. SOCIALISTA,http://www.senado.es/web/composicionorganizacion/senadores/composicionsenado/fichasenador/index.html?id1=18385&legis=14&id2=g
ANA CAMINS MARTÍNEZ,F,GP. POPULAR,http://www.senado.es/web/composicionorganizacion/senadores/composicionsenado/fichasenador/index.html?id1=18625&legis=14&id2=g
ANA ISABEL ALÓS LÓPEZ,F,GP. POPULAR,http://www.senado.es/web/composicionorganizacion/senadores/composicionsenado/fichasenador/index.html?id1=18087&legis=14&id2=g
ANA ISABEL VILLAR LECHÓN,F,GP. SOCIALISTA,http://www.senado.es/web/composicionorganizacion/senadores/composicionsenado/fichasenador/index.html?id1=18220&legis=14&id2=g
ANA LOURDES GONZÁLEZ GARCÍA,F,GP. POPULAR,http://www.senado.es/web/composicionorganizacion/senadores/composicionsenado/fichasenador/index.html?id1=15505&legis=14&id2=g
ANA MARÍA AGUDÍEZ CALVO,F,GP. SOCIALISTA,http://www.senado.es/web/composicionorganizacion/senadores/composicionsenado/fichasenador/index.html?id1=18305&legis=14&id2=g
ANA MARIA SURRA SPADEA,F,GP. ESQUERRA REPUBLICANA-EUSKAL HERRIA BILDU,http://www.senado.es/web/composicionorganizacion/senadores/composicionsenado/fichasenador/index.html?id1=18128&legis=14&id2=g
ANA MARTÍNEZ ZARAGOZA,F,GP. SOCIALISTA,http://www.senado.es/web/composicionorganizacion/senadores/composicionsenado/fichasenador/index.html?id1=18297&legis=14&id2=g
ANDER GIL GARCÍA,M,GP. SOCIALISTA,http://www.senado.es/web/composicionorganizacion/senadores/composicionsenado/fichasenador/index.html?id1=15307&legis=14&id2=g
ANTONIO ALARCÓ HERNÁNDEZ,M,GP. POPULAR,http://www.senado.es/web/composicionorganizacion/senadores/composicionsenado/fichasenador/index.html?id1=14170&legis=14&id2=g
ANTONIO ARMANDO FERRER SAIS,M,GP. SOCIALISTA,http://www.senado.es/web/composicionorganizacion/senadores/composicionsenado/fichasenador/index.html?id1=18346&legis=14&id2=g
ANTONIO GUTIÉRREZ LIMONES,M,GP. SOCIALISTA,http://www.senado.es/web/composicionorganizacion/senadores/composicionsenado/fichasenador/index.html?id1=14081&legis=14&id2=g
ANTONIO JOSÉ COSCULLUELA BERGUA,M,GP. SOCIALISTA,http://www.senado.es/web/composicionorganizacion/senadores/composicionsenado/fichasenador/index.html?id1=18425&legis=14&id2=g
ANTONIO JULIÁN RODRÍGUEZ ESQUERDO,M,GP. SOCIALISTA,http://www.senado.es/web/composicionorganizacion/senadores/composicionsenado/fichasenador/index.html?id1=15785&legis=14&id2=g
ANTONIO MAGDALENO ALEGRÍA,M,GP. SOCIALISTA,http://www.senado.es/web/composicionorganizacion/senadores/composicionsenado/fichasenador/index.html?id1=18247&legis=14&id2=g
ANTONIO ROMÁN JASANADA,M,GP. POPULAR,http://www.senado.es/web/composicionorganizacion/senadores/composicionsenado/fichasenador/index.html?id1=12864&legis=14&id2=g
ANTONIO SERRANO AGUILAR,M,GP. POPULAR,http://www.senado.es/web/composicionorganizacion/senadores/composicionsenado/fichasenador/index.html?id1=12866&legis=14&id2=g
ANTONIO SILVÁN RODRÍGUEZ,M,GP. POPULAR,http://www.senado.es/web/composicionorganizacion/senadores/composicionsenado/fichasenador/index.html?id1=19051&legis=14&id2=g
ANTONIO VÁZQUEZ LORENZO,M,GP. SOCIALISTA,http://www.senado.es/web/composicionorganizacion/senadores/composicionsenado/fichasenador/index.html?id1=18224&legis=14&id2=g
ARTEMI VICENT RALLO LOMBARTE,M,GP. SOCIALISTA,http://www.senado.es/web/composicionorganizacion/senadores/composicionsenado/fichasenador/index.html?id1=18234&legis=14&id2=g
ASIER ANTONA GÓMEZ,M,GP. POPULAR,http://www.senado.es/web/composicionorganizacion/senadores/composicionsenado/fichasenador/index.html?id1=18905&legis=14&id2=g
BALDOMERO ESPINOSA MORENO,M,GP. SOCIALISTA,http://www.senado.es/web/composicionorganizacion/senadores/composicionsenado/fichasenador/index.html?id1=18290&legis=14&id2=g
BEATRIZ MARTÍN LARRED,F,GP. MIXTO,http://www.senado.es/web/composicionorganizacion/senadores/composicionsenado/fichasenador/index.html?id1=19026&legis=14&id2=g
BERNAT PICORNELL GRENZNER,M,GP. ESQUERRA REPUBLICANA-EUSKAL HERRIA BILDU,http://www.senado.es/web/composicionorganizacion/senadores/composicionsenado/fichasenador/index.html?id1=17327&legis=14&id2=g
BIENVENIDO DE ARRIBA SÁNCHEZ,M,GP. POPULAR,http://www.senado.es/web/composicionorganizacion/senadores/composicionsenado/fichasenador/index.html?id1=18088&legis=14&id2=g
BORJA PÉREZ SICILIA,M,GP. POPULAR,http://www.senado.es/web/composicionorganizacion/senadores/composicionsenado/fichasenador/index.html?id1=19086&legis=14&id2=g
CÁNDIDA VERDIER MAYORAL,F,GP. SOCIALISTA,http://www.senado.es/web/composicionorganizacion/senadores/composicionsenado/fichasenador/index.html?id1=18223&legis=14&id2=g
CARLES MULET GARCÍA,M,GP. IZQUIERDA CONFEDERAL,http://www.senado.es/web/composicionorganizacion/senadores/composicionsenado/fichasenador/index.html?id1=16605&legis=14&id2=g
CARLOS JAVIER FLORIANO CORRALES,M,GP. POPULAR,http://www.senado.es/web/composicionorganizacion/senadores/composicionsenado/fichasenador/index.html?id1=12698&legis=14&id2=g
CARLOS YÉCORA ROCA,M,GP. POPULAR,http://www.senado.es/web/composicionorganizacion/senadores/composicionsenado/fichasenador/index.html?id1=19065&legis=14&id2=g
CARLOTA SANTIAGO CAMACHO,F,GP. CIUDADANOS,http://www.senado.es/web/composicionorganizacion/senadores/composicionsenado/fichasenador/index.html?id1=18606&legis=14&id2=g
CARMEN TORRALBA VALIENTE,F,GP. SOCIALISTA,http://www.senado.es/web/composicionorganizacion/senadores/composicionsenado/fichasenador/index.html?id1=18228&legis=14&id2=g
CAROLINA AGUDO ALONSO,F,GP. POPULAR,http://www.senado.es/web/composicionorganizacion/senadores/composicionsenado/fichasenador/index.html?id1=18785&legis=14&id2=g
CÉSAR ALEJANDRO MOGO ZARO,M,GP. SOCIALISTA,http://www.senado.es/web/composicionorganizacion/senadores/composicionsenado/fichasenador/index.html?id1=18243&legis=14&id2=g
CLEMENTE SÁNCHEZ-GARNICA GÓMEZ,M,GP. MIXTO,http://www.senado.es/web/composicionorganizacion/senadores/composicionsenado/fichasenador/index.html?id1=18005&legis=14&id2=g
COSME BONET BONET,M,GP. SOCIALISTA,http://www.senado.es/web/composicionorganizacion/senadores/composicionsenado/fichasenador/index.html?id1=18306&legis=14&id2=g
CRISTINA AYALA SANTAMARÍA,F,GP. POPULAR,http://www.senado.es/web/composicionorganizacion/senadores/composicionsenado/fichasenador/index.html?id1=17039&legis=14&id2=g
DAVID JUAN MUÑOZ ARBONA,M,GP. POPULAR,http://www.senado.es/web/composicionorganizacion/senadores/composicionsenado/fichasenador/index.html?id1=19058&legis=14&id2=g
DONELIA ROLDÁN MARTÍNEZ,F,GP. SOCIALISTA,http://www.senado.es/web/composicionorganizacion/senadores/composicionsenado/fichasenador/index.html?id1=18232&legis=14&id2=g
EDUARDO FERNÁNDEZ RUBIÑO,M,GP. IZQUIERDA CONFEDERAL,http://www.senado.es/web/composicionorganizacion/senadores/composicionsenado/fichasenador/index.html?id1=18605&legis=14&id2=g
ELENA MUÑOZ FONTERIZ,F,GP. POPULAR,http://www.senado.es/web/composicionorganizacion/senadores/composicionsenado/fichasenador/index.html?id1=18526&legis=14&id2=g
ELISENDA PÉREZ ESTEVE,F,GP. ESQUERRA REPUBLICANA-EUSKAL HERRIA BILDU,http://www.senado.es/web/composicionorganizacion/senadores/composicionsenado/fichasenador/index.html?id1=17357&legis=14&id2=g
EMILIO ARGÜESO TORRES,M,GP. CIUDADANOS,http://www.senado.es/web/composicionorganizacion/senadores/composicionsenado/fichasenador/index.html?id1=18545&legis=14&id2=g
ESTEFANÍA MARTÍN PALOP,F,GP. SOCIALISTA,http://www.senado.es/web/composicionorganizacion/senadores/composicionsenado/fichasenador/index.html?id1=18246&legis=14&id2=g
ESTHER BASILIA DEL BRÍO GONZÁLEZ,F,GP. POPULAR,http://www.senado.es/web/composicionorganizacion/senadores/composicionsenado/fichasenador/index.html?id1=17150&legis=14&id2=g
FABIÁN CHINEA CORREA,M,GP. MIXTO,http://www.senado.es/web/composicionorganizacion/senadores/composicionsenado/fichasenador/index.html?id1=18725&legis=14&id2=g
FÉLIX DE LAS CUEVAS CORTÉS,M,GP. POPULAR,http://www.senado.es/web/composicionorganizacion/senadores/composicionsenado/fichasenador/index.html?id1=19048&legis=14&id2=g
FÉLIX ORTEGA FERNÁNDEZ,M,GP. SOCIALISTA,http://www.senado.es/web/composicionorganizacion/senadores/composicionsenado/fichasenador/index.html?id1=16993&legis=14&id2=g
FERNANDO CLAVIJO BATLLE,M,GP. NACIONALISTA EN EL SENADO JUNTS PER CATALUNYA-COALICIÓN CANARIA / PARTIDO NACIONALISTA CANARIO,http://www.senado.es/web/composicionorganizacion/senadores/composicionsenado/fichasenador/index.html?id1=18885&legis=14&id2=g
FERNANDO DE ROSA TORNER,M,GP. POPULAR,http://www.senado.es/web/composicionorganizacion/senadores/composicionsenado/fichasenador/index.html?id1=18112&legis=14&id2=g
FERNANDO LASTRA VALDÉS,M,GP. SOCIALISTA,http://www.senado.es/web/composicionorganizacion/senadores/composicionsenado/fichasenador/index.html?id1=18191&legis=14&id2=g
FERNANDO LÓPEZ GIL,M,GP. SOCIALISTA,http://www.senado.es/web/composicionorganizacion/senadores/composicionsenado/fichasenador/index.html?id1=18965&legis=14&id2=g
FERNANDO MARTÍNEZ-MAÍLLO TORIBIO,M,GP. POPULAR,http://www.senado.es/web/composicionorganizacion/senadores/composicionsenado/fichasenador/index.html?id1=18103&legis=14&id2=g
FERNANDO PRIEGO CHACÓN,M,GP. POPULAR,http://www.senado.es/web/composicionorganizacion/senadores/composicionsenado/fichasenador/index.html?id1=17353&legis=14&id2=g
FRANCISCO ANTONIO BLANCO ÁNGEL,M,GP. SOCIALISTA,http://www.senado.es/web/composicionorganizacion/senadores/composicionsenado/fichasenador/index.html?id1=18210&legis=14&id2=g
FRANCISCO CAÑIZARES JIMÉNEZ,M,GP. POPULAR,http://www.senado.es/web/composicionorganizacion/senadores/composicionsenado/fichasenador/index.html?id1=19087&legis=14&id2=g
FRANCISCO DÍAZ MUÑOZ,M,GP. SOCIALISTA,http://www.senado.es/web/composicionorganizacion/senadores/composicionsenado/fichasenador/index.html;jsessionid=CDnppKxGN4Qf4kvvV7GpWDmv6DvzvyqPRTC6wDHXQdTNxm7HRJxk!981478430?legis=14&id1=18846
FRANCISCO JAVIER ALEGRE BUXEDA,M,GP. CIUDADANOS,http://www.senado.es/web/composicionorganizacion/senadores/composicionsenado/fichasenador/index.html?id1=17325&legis=14&id2=g
FRANCISCO JAVIER ARAGÓN ARIZA,M,GP. SOCIALISTA,http://www.senado.es/web/composicionorganizacion/senadores/composicionsenado/fichasenador/index.html?id1=18215&legis=14&id2=g
FRANCISCO JAVIER ARENAS BOCANEGRA,M,GP. POPULAR,http://www.senado.es/web/composicionorganizacion/senadores/composicionsenado/fichasenador/index.html?id1=10154&legis=14&id2=g
FRANCISCO JAVIER DE LUCAS MARTÍN,M,GP. SOCIALISTA,http://www.senado.es/web/composicionorganizacion/senadores/composicionsenado/fichasenador/index.html?id1=18188&legis=14&id2=g
FRANCISCO JAVIER FRAGOSO MARTÍNEZ,M,GP. POPULAR,http://www.senado.es/web/composicionorganizacion/senadores/composicionsenado/fichasenador/index.html?id1=19059&legis=14&id2=g
FRANCISCO JAVIER LACALLE LACALLE,M,GP. POPULAR,http://www.senado.es/web/composicionorganizacion/senadores/composicionsenado/fichasenador/index.html?id1=18098&legis=14&id2=g
FRANCISCO JAVIER MÁRQUEZ SÁNCHEZ,M,GP. POPULAR,http://www.senado.es/web/composicionorganizacion/senadores/composicionsenado/fichasenador/index.html?id1=18100&legis=14&id2=g
FRANCISCO JOSÉ FERNÁNDEZ PÉREZ,M,GP. POPULAR,http://www.senado.es/web/composicionorganizacion/senadores/composicionsenado/fichasenador/index.html?id1=15234&legis=14&id2=g
FRANCISCO MANUEL FAJARDO PALAREA,M,GP. SOCIALISTA,http://www.senado.es/web/composicionorganizacion/senadores/composicionsenado/fichasenador/index.html?id1=18200&legis=14&id2=g
FRANCISCO MARTÍN BERNABÉ PÉREZ,M,GP. POPULAR,http://www.senado.es/web/composicionorganizacion/senadores/composicionsenado/fichasenador/index.html?id1=17765&legis=14&id2=g
GERARDO MARTÍNEZ MARTÍNEZ,M,GP. POPULAR,http://www.senado.es/web/composicionorganizacion/senadores/composicionsenado/fichasenador/index.html?id1=15322&legis=14&id2=g
GONZALO JESÚS ROBLES OROZCO,M,GP. POPULAR,http://www.senado.es/web/composicionorganizacion/senadores/composicionsenado/fichasenador/index.html?id1=17045&legis=14&id2=g
GONZALO PALACÍN GUARNÉ,M,GP. SOCIALISTA,http://www.senado.es/web/composicionorganizacion/senadores/composicionsenado/fichasenador/index.html?id1=18345&legis=14&id2=g
GORKA ELEJABARRIETA DÍAZ,M,GP. ESQUERRA REPUBLICANA-EUSKAL HERRIA BILDU,http://www.senado.es/web/composicionorganizacion/senadores/composicionsenado/fichasenador/index.html?id1=18249&legis=14&id2=g
GREGORIO JESÚS FERNÁNDEZ VAQUERO,M,GP. SOCIALISTA,http://www.senado.es/web/composicionorganizacion/senadores/composicionsenado/fichasenador/index.html?id1=18826&legis=14&id2=g
IDURRE BIDEGUREN GABANTXO,F,GP. ESQUERRA REPUBLICANA-EUSKAL HERRIA BILDU,http://www.senado.es/web/composicionorganizacion/senadores/composicionsenado/fichasenador/index.html?id1=18505&legis=14&id2=g
IMANOL LANDA JÁUREGUI,M,GP. VASCO,http://www.senado.es/web/composicionorganizacion/senadores/composicionsenado/fichasenador/index.html?id1=18066&legis=14&id2=g
INÉS MARÍA PLAZA GARCÍA,F,GP. SOCIALISTA,http://www.senado.es/web/composicionorganizacion/senadores/composicionsenado/fichasenador/index.html?id1=18236&legis=14&id2=g
JACOBO GONZÁLEZ-ROBATTO PEROTE,M,GP. MIXTO,http://www.senado.es/web/composicionorganizacion/senadores/composicionsenado/fichasenador/index.html?id1=19225&legis=14&id2=g
JAVIER GARCINUÑO RAMA,M,GP. SOCIALISTA,http://www.senado.es/web/composicionorganizacion/senadores/composicionsenado/fichasenador/index.html?id1=18326&legis=14&id2=g
JAVIER IGNACIO MAROTO ARANZÁBAL,M,GP. POPULAR,http://www.senado.es/web/composicionorganizacion/senadores/composicionsenado/fichasenador/index.html?id1=18865&legis=14&id2=g
JAVIER JORGE GUERRA FERNÁNDEZ,M,GP. POPULAR,http://www.senado.es/web/composicionorganizacion/senadores/composicionsenado/fichasenador/index.html?id1=19061&legis=14&id2=g
JAVIER PUENTE REDONDO,M,GP. POPULAR,http://www.senado.es/web/composicionorganizacion/senadores/composicionsenado/fichasenador/index.html?id1=18106&legis=14&id2=g
JAVIER SANTIAGO VÉLEZ,M,GP. POPULAR,http://www.senado.es/web/composicionorganizacion/senadores/composicionsenado/fichasenador/index.html?id1=18116&legis=14&id2=g
JESÚS CARO ADANERO,M,GP. SOCIALISTA,http://www.senado.es/web/composicionorganizacion/senadores/composicionsenado/fichasenador/index.html?id1=18207&legis=14&id2=g
JESÚS GONZÁLEZ MÁRQUEZ,M,GP. SOCIALISTA,http://www.senado.es/web/composicionorganizacion/senadores/composicionsenado/fichasenador/index.html?id1=18293&legis=14&id2=g
JESÚS MANUEL ALONSO JIMÉNEZ,M,GP. SOCIALISTA,http://www.senado.es/web/composicionorganizacion/senadores/composicionsenado/fichasenador/index.html?id1=17356&legis=14&id2=g
JESÚS MARTÍN RODRÍGUEZ,M,GP. SOCIALISTA,http://www.senado.es/web/composicionorganizacion/senadores/composicionsenado/fichasenador/index.html?id1=15302&legis=14&id2=g
JESÚS VÁZQUEZ ABAD,M,GP. POPULAR,http://www.senado.es/web/composicionorganizacion/senadores/composicionsenado/fichasenador/index.html?id1=18525&legis=14&id2=g
JOAN LERMA BLASCO,M,GP. SOCIALISTA,http://www.senado.es/web/composicionorganizacion/senadores/composicionsenado/fichasenador/index.html?id1=10560&legis=14&id2=g
JOAQUÍN EGEA SERRANO,M,GP. MIXTO,http://www.senado.es/web/composicionorganizacion/senadores/composicionsenado/fichasenador/index.html?id1=19025&legis=14&id2=g
JORDI LÓPEZ RAVANALS,M,GP. POPULAR,http://www.senado.es/web/composicionorganizacion/senadores/composicionsenado/fichasenador/index.html?id1=19126&legis=14&id2=g
JORDI MARTÍ DEULOFEU,M,GP. ESQUERRA REPUBLICANA-EUSKAL HERRIA BILDU,http://www.senado.es/web/composicionorganizacion/senadores/composicionsenado/fichasenador/index.html?id1=17165&legis=14&id2=g
JORGE DOMINGO MARTÍNEZ ANTOLÍN,M,GP. POPULAR,http://www.senado.es/web/composicionorganizacion/senadores/composicionsenado/fichasenador/index.html?id1=18102&legis=14&id2=g
JOSÉ ANTONIO MONAGO TERRAZA,M,GP. POPULAR,http://www.senado.es/web/composicionorganizacion/senadores/composicionsenado/fichasenador/index.html?id1=14265&legis=14&id2=g
JOSÉ ANTONIO ROBLES RODRÍGUEZ,M,GP. POPULAR,http://www.senado.es/web/composicionorganizacion/senadores/composicionsenado/fichasenador/index.html?id1=19045&legis=14&id2=g
JOSE ASENSI SABATER,M,GP. SOCIALISTA,http://www.senado.es/web/composicionorganizacion/senadores/composicionsenado/fichasenador/index.html?id1=18286&legis=14&id2=g
JOSÉ AURELIO AGUILAR ROMÁN,M,GP. SOCIALISTA,http://www.senado.es/web/composicionorganizacion/senadores/composicionsenado/fichasenador/index.html?id1=18217&legis=14&id2=g
JOSÉ CARMELO CEPEDA GARCÍA DE LEÓN,M,GP. SOCIALISTA,http://www.senado.es/web/composicionorganizacion/senadores/composicionsenado/fichasenador/index.html?id1=16445&legis=14&id2=g
JOSÉ ENRIQUE SÁNCHEZ NÚÑEZ,M,GP. POPULAR,http://www.senado.es/web/composicionorganizacion/senadores/composicionsenado/fichasenador/index.html?id1=19085&legis=14&id2=g
JOSÉ FERNÁNDEZ BLANCO,M,GP. SOCIALISTA,http://www.senado.es/web/composicionorganizacion/senadores/composicionsenado/fichasenador/index.html?id1=12970&legis=14&id2=g
JOSÉ IGNACIO LANDALUCE CALLEJA,M,GP. POPULAR,http://www.senado.es/web/composicionorganizacion/senadores/composicionsenado/fichasenador/index.html?id1=17147&legis=14&id2=g
JOSÉ JULIÁN GREGORIO LÓPEZ,M,GP. POPULAR,http://www.senado.es/web/composicionorganizacion/senadores/composicionsenado/fichasenador/index.html?id1=18096&legis=14&id2=g
JOSÉ LATORRE RUIZ,M,GP. SOCIALISTA,http://www.senado.es/web/composicionorganizacion/senadores/composicionsenado/fichasenador/index.html?id1=18190&legis=14&id2=g
JOSÉ LUIS GONZÁLEZ LA MOLA,M,GP. POPULAR,http://www.senado.es/web/composicionorganizacion/senadores/composicionsenado/fichasenador/index.html?id1=19089&legis=14&id2=g
JOSÉ LUIS SANZ RUIZ,M,GP. POPULAR,http://www.senado.es/web/composicionorganizacion/senadores/composicionsenado/fichasenador/index.html?id1=15225&legis=14&id2=g
JOSÉ MANUEL ARANDA LASSA,M,GP. POPULAR,http://www.senado.es/web/composicionorganizacion/senadores/composicionsenado/fichasenador/index.html?id1=19046&legis=14&id2=g
JOSÉ MANUEL BARREIRO FERNÁNDEZ,M,GP. POPULAR,http://www.senado.es/web/composicionorganizacion/senadores/composicionsenado/fichasenador/index.html?id1=14087&legis=14&id2=g
JOSÉ MANUEL BOLAÑOS VISO,M,GP. SOCIALISTA,http://www.senado.es/web/composicionorganizacion/senadores/composicionsenado/fichasenador/index.html?id1=18208&legis=14&id2=g
JOSÉ MANUEL DE LA VEGA CARRERA,M,GP. SOCIALISTA,http://www.senado.es/web/composicionorganizacion/senadores/composicionsenado/fichasenador/index.html?id1=19165&legis=14&id2=g
JOSÉ MANUEL MARÍN GASCÓN,M,GP. MIXTO,http://www.senado.es/web/composicionorganizacion/senadores/composicionsenado/fichasenador/index.html?id1=19105&legis=14&id2=g
JOSÉ MANUEL TORTOSA RUIZ,M,GP. POPULAR,http://www.senado.es/web/composicionorganizacion/senadores/composicionsenado/fichasenador/index.html?id1=18121&legis=14&id2=g
JOSÉ MARÍA BARRIOS TEJERO,M,GP. POPULAR,http://www.senado.es/web/composicionorganizacion/senadores/composicionsenado/fichasenador/index.html?id1=19057&legis=14&id2=g
JOSÉ MARÍA OLEAGA ZALVIDEA,M,GP. SOCIALISTA,http://www.senado.es/web/composicionorganizacion/senadores/composicionsenado/fichasenador/index.html?id1=18301&legis=14&id2=g
JOSÉ MIGUEL FERNÁNDEZ VIADERO,M,GP. MIXTO,http://www.senado.es/web/composicionorganizacion/senadores/composicionsenado/fichasenador/index.html?id1=18665&legis=14&id2=g
JOSÉ VICENTE MARÍ BOSÓ,M,GP. POPULAR,http://www.senado.es/web/composicionorganizacion/senadores/composicionsenado/fichasenador/index.html?id1=18685&legis=14&id2=g
JOSEFA INMACULADA GONZÁLEZ BAYO,F,GP. SOCIALISTA,http://www.senado.es/web/composicionorganizacion/senadores/composicionsenado/fichasenador/index.html?id1=18185&legis=14&id2=g
JOSEFINA ANTONIA BUENO ALONSO,F,GP. SOCIALISTA,http://www.senado.es/web/composicionorganizacion/senadores/composicionsenado/fichasenador/index.html?id1=18565&legis=14&id2=g
JOSEP LLUÍS CLERIES I GONZÀLEZ,M,GP. NACIONALISTA EN EL SENADO JUNTS PER CATALUNYA-COALICIÓN CANARIA / PARTIDO NACIONALISTA CANARIO,http://www.senado.es/web/composicionorganizacion/senadores/composicionsenado/fichasenador/index.html?id1=15825&legis=14&id2=g
JOSEP MARIA CERVERA PINART,M,GP. NACIONALISTA EN EL SENADO JUNTS PER CATALUNYA-COALICIÓN CANARIA / PARTIDO NACIONALISTA CANARIO,http://www.senado.es/web/composicionorganizacion/senadores/composicionsenado/fichasenador/index.html?id1=19055&legis=14&id2=g
JOSEP MARIA MATAMALA ALSINA,M,GP. NACIONALISTA EN EL SENADO JUNTS PER CATALUNYA-COALICIÓN CANARIA / PARTIDO NACIONALISTA CANARIO,http://www.senado.es/web/composicionorganizacion/senadores/composicionsenado/fichasenador/index.html?id1=18166&legis=14&id2=g
JOSEP RUFÀ GRÀCIA,M,GP. ESQUERRA REPUBLICANA-EUSKAL HERRIA BILDU,http://www.senado.es/web/composicionorganizacion/senadores/composicionsenado/fichasenador/index.html?id1=17107&legis=14&id2=g
JUAN ANTONIO GILABERT SÁNCHEZ,M,GP. SOCIALISTA,http://www.senado.es/web/composicionorganizacion/senadores/composicionsenado/fichasenador/index.html?id1=18291&legis=14&id2=g
JUAN CARLOS MEDINA MARTÍNEZ,M,GP. VASCO,http://www.senado.es/web/composicionorganizacion/senadores/composicionsenado/fichasenador/index.html?id1=18072&legis=14&id2=g
JUAN JOSÉ IMBRODA ORTIZ,M,GP. POPULAR,http://www.senado.es/web/composicionorganizacion/senadores/composicionsenado/fichasenador/index.html?id1=12833&legis=14&id2=g
JUAN JOSÉ SANZ VITORIO,M,GP. POPULAR,http://www.senado.es/web/composicionorganizacion/senadores/composicionsenado/fichasenador/index.html?id1=18118&legis=14&id2=g
JUAN MANUEL JUNCAL RODRÍGUEZ,M,GP. POPULAR,http://www.senado.es/web/composicionorganizacion/senadores/composicionsenado/fichasenador/index.html?id1=13885&legis=14&id2=g
JUAN MARÍA VÁZQUEZ ROJAS,M,GP. POPULAR,http://www.senado.es/web/composicionorganizacion/senadores/composicionsenado/fichasenador/index.html?id1=19064&legis=14&id2=g
JUAN PABLO MARTÍN MARTÍN,M,GP. POPULAR,http://www.senado.es/web/composicionorganizacion/senadores/composicionsenado/fichasenador/index.html?id1=18101&legis=14&id2=g
JULIA MARÍA LIBERAL LIBERAL,F,GP. SOCIALISTA,http://www.senado.es/web/composicionorganizacion/senadores/composicionsenado/fichasenador/index.html?id1=18295&legis=14&id2=g
KOLDO MARTÍNEZ URIONABARRENETXEA,M,GP. IZQUIERDA CONFEDERAL,http://www.senado.es/web/composicionorganizacion/senadores/composicionsenado/fichasenador/index.html?id1=19005&legis=14&id2=g
LAURA CASTEL FORT,F,GP. ESQUERRA REPUBLICANA-EUSKAL HERRIA BILDU,http://www.senado.es/web/composicionorganizacion/senadores/composicionsenado/fichasenador/index.html?id1=17369&legis=14&id2=g
LORENA ROLDÁN SUÁREZ,F,GP. CIUDADANOS,http://www.senado.es/web/composicionorganizacion/senadores/composicionsenado/fichasenador/index.html?id1=17705&legis=14&id2=g
LOURDES RETUERTO RODRÍGUEZ,F,GP. SOCIALISTA,http://www.senado.es/web/composicionorganizacion/senadores/composicionsenado/fichasenador/index.html?id1=18765&legis=14&id2=g
LUIS ALBERTO PLAZA MARTÍN,M,GP. POPULAR,http://www.senado.es/web/composicionorganizacion/senadores/composicionsenado/fichasenador/index.html?id1=19090&legis=14&id2=g
LUIS JESÚS URIBE-ETXEBARRIA APALATEGUI,M,GP. VASCO,http://www.senado.es/web/composicionorganizacion/senadores/composicionsenado/fichasenador/index.html?id1=18069&legis=14&id2=g
LUIS ROGELIO RODRÍGUEZ COMENDADOR PÉREZ,M,GP. POPULAR,http://www.senado.es/web/composicionorganizacion/senadores/composicionsenado/fichasenador/index.html?id1=15205&legis=14&id2=g
LUISA FERNANDA RUDI ÚBEDA,F,GP. POPULAR,http://www.senado.es/web/composicionorganizacion/senadores/composicionsenado/fichasenador/index.html;jsessionid=CDnppKxGN4Qf4kvvV7GpWDmv6DvzvyqPRTC6wDHXQdTNxm7HRJxk!981478430?legis=14&id1=16685
MANUEL ÁNGEL FERNÁNDEZ PALOMINO,M,GP. SOCIALISTA,http://www.senado.es/web/composicionorganizacion/senadores/composicionsenado/fichasenador/index.html?id1=18199&legis=14&id2=g
MANUEL BLASCO MARQUÉS,M,GP. POPULAR,http://www.senado.es/web/composicionorganizacion/senadores/composicionsenado/fichasenador/index.html?id1=12872&legis=14&id2=g
MANUEL CRUZ RODRÍGUEZ,M,GP. SOCIALISTA,http://www.senado.es/web/composicionorganizacion/senadores/composicionsenado/fichasenador/index.html?id1=18205&legis=14&id2=g
MANUEL ESCARDA ESCARDA,M,GP. SOCIALISTA,http://www.senado.es/web/composicionorganizacion/senadores/composicionsenado/fichasenador/index.html?id1=18202&legis=14&id2=g
MANUEL LORENZO VARELA RODRÍGUEZ,M,GP. POPULAR,http://www.senado.es/web/composicionorganizacion/senadores/composicionsenado/fichasenador/index.html?id1=18122&legis=14&id2=g
MANUEL MIRANDA MARTÍNEZ,M,GP. SOCIALISTA,http://www.senado.es/web/composicionorganizacion/senadores/composicionsenado/fichasenador/index.html?id1=18244&legis=14&id2=g
MARÍA ADELAIDA PEDROSA ROLDÁN,F,GP. POPULAR,http://www.senado.es/web/composicionorganizacion/senadores/composicionsenado/fichasenador/index.html?id1=17157&legis=14&id2=g
MARÍA ÁNGELES MUÑOZ URIOL,F,GP. POPULAR,http://www.senado.es/web/composicionorganizacion/senadores/composicionsenado/fichasenador/index.html?id1=16985&legis=14&id2=g
MARÍA ASCENSIÓN GODOY TENA,F,GP. SOCIALISTA,http://www.senado.es/web/composicionorganizacion/senadores/composicionsenado/fichasenador/index.html?id1=18194&legis=14&id2=g
MARÍA CARMEN ISABEL POBO SÁNCHEZ,F,GP. POPULAR,http://www.senado.es/web/composicionorganizacion/senadores/composicionsenado/fichasenador/index.html?id1=16989&legis=14&id2=g
MARÍA CRISTINA NARBONA RUIZ,F,GP. SOCIALISTA,http://www.senado.es/web/composicionorganizacion/senadores/composicionsenado/fichasenador/index.html?id1=18300&legis=14&id2=g
MARÍA DE LAS MERCEDES CANTALAPIEDRA ÁLVAREZ,F,GP. POPULAR,http://www.senado.es/web/composicionorganizacion/senadores/composicionsenado/fichasenador/index.html?id1=19056&legis=14&id2=g
MARÍA DE LOS ÁNGELES LUNA MORALES,F,GP. SOCIALISTA,http://www.senado.es/web/composicionorganizacion/senadores/composicionsenado/fichasenador/index.html?id1=18187&legis=14&id2=g
MARÍA DEL CARMEN FERNÁNDEZ CABALLERO,F,GP. POPULAR,http://www.senado.es/web/composicionorganizacion/senadores/composicionsenado/fichasenador/index.html?id1=19052&legis=14&id2=g
MARÍA DEL CARMEN LEYTE COELLO,F,GP. POPULAR,http://www.senado.es/web/composicionorganizacion/senadores/composicionsenado/fichasenador/index.html?id1=14145&legis=14&id2=g
MARÍA DEL CARMEN MÍNGUEZ SIERRA,F,GP. SOCIALISTA,http://www.senado.es/web/composicionorganizacion/senadores/composicionsenado/fichasenador/index.html?id1=18245&legis=14&id2=g
MARÍA DEL CARMEN MORÁN FRANCO,F,GP. SOCIALISTA,http://www.senado.es/web/composicionorganizacion/senadores/composicionsenado/fichasenador/index.html?id1=18299&legis=14&id2=g
MARÍA DEL MAR ARNÁIZ GARCÍA,F,GP. SOCIALISTA,http://www.senado.es/web/composicionorganizacion/senadores/composicionsenado/fichasenador/index.html?id1=18213&legis=14&id2=g
MARÍA DOLORES ETXANO VARELA,F,GP. VASCO,http://www.senado.es/web/composicionorganizacion/senadores/composicionsenado/fichasenador/index.html?id1=17028&legis=14&id2=g
MARÍA ELENA DIEGO CASTELLANOS,F,GP. SOCIALISTA,http://www.senado.es/web/composicionorganizacion/senadores/composicionsenado/fichasenador/index.html?id1=15314&legis=14&id2=g
MARÍA ESTHER CARMONA DELGADO,F,GP. SOCIALISTA,http://www.senado.es/web/composicionorganizacion/senadores/composicionsenado/fichasenador/index.html?id1=18209&legis=14&id2=g
MARÍA FERNÁNDEZ ÁLVAREZ,F,GP. SOCIALISTA,http://www.senado.es/web/composicionorganizacion/senadores/composicionsenado/fichasenador/index.html?id1=17785&legis=14&id2=g
MARÍA ISABEL FERNÁNDEZ GUTIÉRREZ,F,GP. SOCIALISTA,http://www.senado.es/web/composicionorganizacion/senadores/composicionsenado/fichasenador/index.html?id1=18365&legis=14&id2=g
MARÍA ISABEL MORENO DUQUE,F,GP. SOCIALISTA,http://www.senado.es/web/composicionorganizacion/senadores/composicionsenado/fichasenador/index.html?id1=18240&legis=14&id2=g
MARÍA ISABEL VAQUERO MONTERO,F,GP. VASCO,http://www.senado.es/web/composicionorganizacion/senadores/composicionsenado/fichasenador/index.html?id1=18067&legis=14&id2=g
MARÍA JESÚS ÁLVAREZ GONZÁLEZ,F,GP. SOCIALISTA,http://www.senado.es/web/composicionorganizacion/senadores/composicionsenado/fichasenador/index.html?id1=19185&legis=14&id2=g
MARÍA JESÚS CASTRO MATEOS,F,GP. SOCIALISTA,http://www.senado.es/web/composicionorganizacion/senadores/composicionsenado/fichasenador/index.html?id1=10159&legis=14&id2=g
MARÍA JESÚS SERRANO JIMÉNEZ,F,GP. SOCIALISTA,http://www.senado.es/web/composicionorganizacion/senadores/composicionsenado/fichasenador/index.html?id1=18302&legis=14&id2=g
MARÍA JOSÉ HEREDIA DE MIGUEL,F,GP. POPULAR,http://www.senado.es/web/composicionorganizacion/senadores/composicionsenado/fichasenador/index.html?id1=19054&legis=14&id2=g
MARÍA LUISA BUSTINDUY BARRERO,F,GP. SOCIALISTA,http://www.senado.es/web/composicionorganizacion/senadores/composicionsenado/fichasenador/index.html?id1=17949&legis=14&id2=g
MARÍA MARGARITA PEREGRINA ADRIO TARACIDO,F,GP. SOCIALISTA,http://www.senado.es/web/composicionorganizacion/senadores/composicionsenado/fichasenador/index.html?id1=18248&legis=14&id2=g
MARÍA MERCEDES BERENGUER LLORENS,F,GP. SOCIALISTA,http://www.senado.es/web/composicionorganizacion/senadores/composicionsenado/fichasenador/index.html?id1=18287&legis=14&id2=g
MARÍA MERCEDES GARMENDIA BERECIARTU,F,GP. VASCO,http://www.senado.es/web/composicionorganizacion/senadores/composicionsenado/fichasenador/index.html?id1=18068&legis=14&id2=g
MARÍA MERCEDES OTERO GARCÍA,F,GP. SOCIALISTA,http://www.senado.es/web/composicionorganizacion/senadores/composicionsenado/fichasenador/index.html?id1=19186&legis=14&id2=g
MARÍA MONTSERRAT MURO MARTÍN,F,GP. SOCIALISTA,http://www.senado.es/web/composicionorganizacion/senadores/composicionsenado/fichasenador/index.html?id1=18238&legis=14&id2=g
MARÍA NIEVES HERNÁNDEZ ESPINAL,F,GP. SOCIALISTA,http://www.senado.es/web/composicionorganizacion/senadores/composicionsenado/fichasenador/index.html?id1=18294&legis=14&id2=g
MARÍA PILAR ALÍA AGUADO,F,GP. POPULAR,http://www.senado.es/web/composicionorganizacion/senadores/composicionsenado/fichasenador/index.html?id1=19050&legis=14&id2=g
MARÍA PILAR DELGADO DÍEZ,F,GP. SOCIALISTA,http://www.senado.es/web/composicionorganizacion/senadores/composicionsenado/fichasenador/index.html?id1=18203&legis=14&id2=g
MARÍA PILAR GONZÁLEZ MODINO,F,GP. IZQUIERDA CONFEDERAL,http://www.senado.es/web/composicionorganizacion/senadores/composicionsenado/fichasenador/index.html?id1=19206&legis=14&id2=g
MARÍA PILAR LLOP CUENCA,F,GP. SOCIALISTA,http://www.senado.es/web/composicionorganizacion/senadores/composicionsenado/fichasenador/index.html?id1=18646&legis=14&id2=g
MARÍA PILAR MARTÍNEZ PEÑARRUBIA,F,GP. POPULAR,http://www.senado.es/web/composicionorganizacion/senadores/composicionsenado/fichasenador/index.html?id1=19088&legis=14&id2=g
MARÍA ROSA PERAL DÍEZ,F,GP. VASCO,http://www.senado.es/web/composicionorganizacion/senadores/composicionsenado/fichasenador/index.html?id1=18071&legis=14&id2=g
MARÍA SALOM COLL,F,GP. POPULAR,http://www.senado.es/web/composicionorganizacion/senadores/composicionsenado/fichasenador/index.html?id1=18115&legis=14&id2=g
MARÍA TERESA FERNÁNDEZ MOLINA,F,GP. SOCIALISTA,http://www.senado.es/web/composicionorganizacion/senadores/composicionsenado/fichasenador/index.html?id1=18825&legis=14&id2=g
MARÍA TERESA LÓPEZ MARTÍN,F,GP. SOCIALISTA,http://www.senado.es/web/composicionorganizacion/senadores/composicionsenado/fichasenador/index.html?id1=18845&legis=14&id2=g
MARÍA TERESA MACÍAS MATEOS,F,GP. SOCIALISTA,http://www.senado.es/web/composicionorganizacion/senadores/composicionsenado/fichasenador/index.html?id1=18186&legis=14&id2=g
MARÍA TERESA MARTÍN POZO,F,GP. POPULAR,http://www.senado.es/web/composicionorganizacion/senadores/composicionsenado/fichasenador/index.html?id1=18945&legis=14&id2=g
MARIA TERESA RIVERO SEGALÀS,F,GP. NACIONALISTA EN EL SENADO JUNTS PER CATALUNYA-COALICIÓN CANARIA / PARTIDO NACIONALISTA CANARIO,http://www.senado.es/web/composicionorganizacion/senadores/composicionsenado/fichasenador/index.html?id1=15294&legis=14&id2=g
MARÍA TERESA RUIZ-SILLERO BERNAL,F,GP. POPULAR,http://www.senado.es/web/composicionorganizacion/senadores/composicionsenado/fichasenador/index.html?id1=17965&legis=14&id2=g
MARÍA VICTORIA DE PABLO DÁVILA,F,GP. SOCIALISTA,http://www.senado.es/web/composicionorganizacion/senadores/composicionsenado/fichasenador/index.html?id1=18237&legis=14&id2=g
MERCEDES FERNÁNDEZ GONZÁLEZ,F,GP. POPULAR,http://www.senado.es/web/composicionorganizacion/senadores/composicionsenado/fichasenador/index.html?id1=19125&legis=14&id2=g
MICAELA NAVARRO GARZÓN,F,GP. SOCIALISTA,http://www.senado.es/web/composicionorganizacion/senadores/composicionsenado/fichasenador/index.html?id1=10141&legis=14&id2=g
MIGUEL ÁNGEL HEREDIA DÍAZ,M,GP. SOCIALISTA,http://www.senado.es/web/composicionorganizacion/senadores/composicionsenado/fichasenador/index.html?id1=18307&legis=14&id2=g
MIGUEL ÁNGEL NACARINO MURIEL,M,GP. SOCIALISTA,http://www.senado.es/web/composicionorganizacion/senadores/composicionsenado/fichasenador/index.html?id1=17805&legis=14&id2=g
MIGUEL ÁNGEL VÁZQUEZ BERMÚDEZ,M,GP. SOCIALISTA,http://www.senado.es/web/composicionorganizacion/senadores/composicionsenado/fichasenador/index.html?id1=17951&legis=14&id2=g
MIGUEL ÁNGEL VISO DIÉGUEZ,M,GP. POPULAR,http://www.senado.es/web/composicionorganizacion/senadores/composicionsenado/fichasenador/index.html?id1=18123&legis=14&id2=g
MIGUEL DALMAU BLANCO,M,GP. SOCIALISTA,http://www.senado.es/web/composicionorganizacion/senadores/composicionsenado/fichasenador/index.html?id1=18204&legis=14&id2=g
MIGUEL JOSÉ AUBÀ FLEIX,M,GP. ESQUERRA REPUBLICANA-EUSKAL HERRIA BILDU,http://www.senado.es/web/composicionorganizacion/senadores/composicionsenado/fichasenador/index.html?id1=17105&legis=14&id2=g
MIGUEL LORENZO TORRES,M,GP. POPULAR,http://www.senado.es/web/composicionorganizacion/senadores/composicionsenado/fichasenador/index.html?id1=18099&legis=14&id2=g
MIGUEL SÁNCHEZ LÓPEZ,M,GP. CIUDADANOS,http://www.senado.es/web/composicionorganizacion/senadores/composicionsenado/fichasenador/index.html?id1=18745&legis=14&id2=g
MIQUEL CAMINAL CERDÀ,M,GP. ESQUERRA REPUBLICANA-EUSKAL HERRIA BILDU,http://www.senado.es/web/composicionorganizacion/senadores/composicionsenado/fichasenador/index.html?id1=18126&legis=14&id2=g
MIRELLA CORTÈS GÈS,F,GP. ESQUERRA REPUBLICANA-EUSKAL HERRIA BILDU,http://www.senado.es/web/composicionorganizacion/senadores/composicionsenado/fichasenador/index.html?id1=17328&legis=14&id2=g
MODESTO POSE MESURA,M,GP. SOCIALISTA,http://www.senado.es/web/composicionorganizacion/senadores/composicionsenado/fichasenador/index.html?id1=17185&legis=14&id2=g
NEREA AHEDO CEZA,F,GP. VASCO,http://www.senado.es/web/composicionorganizacion/senadores/composicionsenado/fichasenador/index.html?id1=17027&legis=14&id2=g
OLIVIA MARÍA DELGADO OVAL,F,GP. SOCIALISTA,http://www.senado.es/web/composicionorganizacion/senadores/composicionsenado/fichasenador/index.html?id1=16984&legis=14&id2=g
PABLO PÉREZ CORONADO,M,GP. POPULAR,http://www.senado.es/web/composicionorganizacion/senadores/composicionsenado/fichasenador/index.html?id1=19053&legis=14&id2=g
PABLO RUZ VILLANUEVA,M,GP. POPULAR,http://www.senado.es/web/composicionorganizacion/senadores/composicionsenado/fichasenador/index.html?id1=18113&legis=14&id2=g
PALOMA HERNÁNDEZ CEREZO,F,GP. SOCIALISTA,http://www.senado.es/web/composicionorganizacion/senadores/composicionsenado/fichasenador/index.html?id1=18193&legis=14&id2=g
PALOMA INÉS SANZ JERÓNIMO,F,GP. POPULAR,http://www.senado.es/web/composicionorganizacion/senadores/composicionsenado/fichasenador/index.html?id1=15317&legis=14&id2=g
PATRICIA ABASCAL JIMÉNEZ,F,GP. SOCIALISTA,http://www.senado.es/web/composicionorganizacion/senadores/composicionsenado/fichasenador/index.html?id1=18218&legis=14&id2=g
PATRICIA RODRÍGUEZ CALLEJA,F,GP. POPULAR,http://www.senado.es/web/composicionorganizacion/senadores/composicionsenado/fichasenador/index.html?id1=18109&legis=14&id2=g
PEDRO ANATAEL MENESES ROQUÉ,M,GP. SOCIALISTA,http://www.senado.es/web/composicionorganizacion/senadores/composicionsenado/fichasenador/index.html?id1=18705&legis=14&id2=g
PEDRO ANTONIO MONTALVO ÍÑIGO,M,GP. SOCIALISTA,http://www.senado.es/web/composicionorganizacion/senadores/composicionsenado/fichasenador/index.html?id1=18241&legis=14&id2=g
PEDRO MANUEL RAMOS NEGRÍN,M,GP. SOCIALISTA,http://www.senado.es/web/composicionorganizacion/senadores/composicionsenado/fichasenador/index.html?id1=18886&legis=14&id2=g
PEDRO MANUEL ROLLÁN OJEDA,M,GP. POPULAR,http://www.senado.es/web/composicionorganizacion/senadores/composicionsenado/fichasenador/index.html?id1=19063&legis=14&id2=g
PILAR ROJO NOGUERA,F,GP. POPULAR,http://www.senado.es/web/composicionorganizacion/senadores/composicionsenado/fichasenador/index.html?id1=19062&legis=14&id2=g
PÍO GARCÍA-ESCUDERO MÁRQUEZ,M,GP. POPULAR,http://www.senado.es/web/composicionorganizacion/senadores/composicionsenado/fichasenador/index.html?id1=10216&legis=14&id2=g
RAFAEL ANTONIO HERNANDO FRAILE,M,GP. POPULAR,http://www.senado.es/web/composicionorganizacion/senadores/composicionsenado/fichasenador/index.html?id1=10308&legis=14&id2=g
RAFAEL DAMIÁN LEMUS RUBIALES,M,GP. SOCIALISTA,http://www.senado.es/web/composicionorganizacion/senadores/composicionsenado/fichasenador/index.html?id1=16586&legis=14&id2=g
RAFAEL ESTEBAN SANTAMARÍA,M,GP. SOCIALISTA,http://www.senado.es/web/composicionorganizacion/senadores/composicionsenado/fichasenador/index.html?id1=18201&legis=14&id2=g
RAMÓN MORALES QUESADA,M,GP. SOCIALISTA,http://www.senado.es/web/composicionorganizacion/senadores/composicionsenado/fichasenador/index.html?id1=18298&legis=14&id2=g
RAMÓN RODRÍGUEZ LÓPEZ,M,GP. POPULAR,http://www.senado.es/web/composicionorganizacion/senadores/composicionsenado/fichasenador/index.html?id1=19049&legis=14&id2=g
RAÚL DÍAZ MARÍN,M,GP. SOCIALISTA,http://www.senado.es/web/composicionorganizacion/senadores/composicionsenado/fichasenador/index.html?id1=18805&legis=14&id2=g
RIANSARES SERRANO MORALES,F,GP. SOCIALISTA,http://www.senado.es/web/composicionorganizacion/senadores/composicionsenado/fichasenador/index.html?id1=16991&legis=14&id2=g
ROBERT MASIH NAHAR,M,GP. ESQUERRA REPUBLICANA-EUSKAL HERRIA BILDU,http://www.senado.es/web/composicionorganizacion/senadores/composicionsenado/fichasenador/index.html?id1=17605&legis=14&id2=g
RODRIGO MEDIAVILLA PÉREZ,M,GP. POPULAR,http://www.senado.es/web/composicionorganizacion/senadores/composicionsenado/fichasenador/index.html?id1=18104&legis=14&id2=g
ROSA MARÍA ALDEA GÓMEZ,F,GP. SOCIALISTA,http://www.senado.es/web/composicionorganizacion/senadores/composicionsenado/fichasenador/index.html?id1=16999&legis=14&id2=g
ROSA MARÍA ARZA RODRÍGUEZ,F,GP. POPULAR,http://www.senado.es/web/composicionorganizacion/senadores/composicionsenado/fichasenador/index.html?id1=18089&legis=14&id2=g
ROSA MARÍA SERRANO SIERRA,F,GP. SOCIALISTA,http://www.senado.es/web/composicionorganizacion/senadores/composicionsenado/fichasenador/index.html?id1=18428&legis=14&id2=g
RUBÉN MORENO PALANQUES,M,GP. POPULAR,http://www.senado.es/web/composicionorganizacion/senadores/composicionsenado/fichasenador/index.html?id1=19067&legis=14&id2=g
RUTH GOÑI SARRIES,F,GP. CIUDADANOS,http://www.senado.es/web/composicionorganizacion/senadores/composicionsenado/fichasenador/index.html?id1=18147&legis=14&id2=g
SALOMÉ PRADAS TEN,F,GP. POPULAR,http://www.senado.es/web/composicionorganizacion/senadores/composicionsenado/fichasenador/index.html?id1=17066&legis=14&id2=g
SALVADOR VIDAL VARELA,M,GP. SOCIALISTA,http://www.senado.es/web/composicionorganizacion/senadores/composicionsenado/fichasenador/index.html?id1=18222&legis=14&id2=g
SANTIAGO JOSÉ CASTELLÀ SURRIBAS,M,GP. SOCIALISTA,http://www.senado.es/web/composicionorganizacion/senadores/composicionsenado/fichasenador/index.html?id1=18206&legis=14&id2=g
SARA BAILAC ARDANUY,F,GP. ESQUERRA REPUBLICANA-EUSKAL HERRIA BILDU,http://www.senado.es/web/composicionorganizacion/senadores/composicionsenado/fichasenador/index.html?id1=18125&legis=14&id2=g
SARA MARÍA GALVÁN LOBATO,F,GP. SOCIALISTA,http://www.senado.es/web/composicionorganizacion/senadores/composicionsenado/fichasenador/index.html?id1=18197&legis=14&id2=g
SARA VILÀ GALÁN,F,GP. IZQUIERDA CONFEDERAL,http://www.senado.es/web/composicionorganizacion/senadores/composicionsenado/fichasenador/index.html?id1=17326&legis=14&id2=g
SATURNINA SANTANA DUMPIÉRREZ,F,GP. SOCIALISTA,http://www.senado.es/web/composicionorganizacion/senadores/composicionsenado/fichasenador/index.html?id1=14026&legis=14&id2=g
SEBASTIÁN GONZÁLEZ VÁZQUEZ,M,GP. POPULAR,http://www.senado.es/web/composicionorganizacion/senadores/composicionsenado/fichasenador/index.html?id1=17037&legis=14&id2=g
SERGIO RAMOS ACOSTA,M,GP. POPULAR,http://www.senado.es/web/composicionorganizacion/senadores/composicionsenado/fichasenador/index.html?id1=18108&legis=14&id2=g
SOFÍA ACEDO REYES,F,GP. POPULAR,http://www.senado.es/web/composicionorganizacion/senadores/composicionsenado/fichasenador/index.html?id1=17160&legis=14&id2=g
SUSANNA MOLL KAMMERICH,F,GP. SOCIALISTA,http://www.senado.es/web/composicionorganizacion/senadores/composicionsenado/fichasenador/index.html?id1=18310&legis=14&id2=g
TOMÁS MARCOS ARIAS,M,GP. CIUDADANOS,http://www.senado.es/web/composicionorganizacion/senadores/composicionsenado/fichasenador/index.html?id1=16465&legis=14&id2=g
VERÓNICA MARÍA CASAL MÍGUEZ,F,GP. POPULAR,http://www.senado.es/web/composicionorganizacion/senadores/composicionsenado/fichasenador/index.html?id1=19060&legis=14&id2=g
VICENÇ VIDAL MATAS,M,GP. IZQUIERDA CONFEDERAL,http://www.senado.es/web/composicionorganizacion/senadores/composicionsenado/fichasenador/index.html?id1=18645&legis=14&id2=g
VICENTE MARTÍNEZ MUS,M,GP. POPULAR,http://www.senado.es/web/composicionorganizacion/senadores/composicionsenado/fichasenador/index.html?id1=19066&legis=14&id2=g
VÍCTOR JAVIER RUIZ DE DIEGO,M,GP. SOCIALISTA,http://www.senado.es/web/composicionorganizacion/senadores/composicionsenado/fichasenador/index.html?id1=18231&legis=14&id2=g
VIOLANTE TOMÁS OLIVARES,F,GP. POPULAR,http://www.senado.es/web/composicionorganizacion/senadores/composicionsenado/fichasenador/index.html?id1=18120&legis=14&id2=g
XAVIER CASTELLANA GAMISANS,M,GP. ESQUERRA REPUBLICANA-EUSKAL HERRIA BILDU,http://www.senado.es/web/composicionorganizacion/senadores/composicionsenado/fichasenador/index.html?id1=17359&legis=14&id2=g
XOAQUÍN FERNÁNDEZ LEICEAGA,M,GP. SOCIALISTA,http://www.senado.es/web/composicionorganizacion/senadores/composicionsenado/fichasenador/index.html?id1=19145&legis=14&id2=g
ANTONIO MARTÍNEZ RODRÍGUEZ,M,GP. SOCIALISTA,http://www.senado.es/web/composicionorganizacion/senadores/composicionsenado/fichasenador/index.html?id1=19285&legis=14&id2=g
YOLANDA MERELO PALOMARES,F,GP. MIXTO,http://www.senado.es/web/composicionorganizacion/senadores/composicionsenado/fichasenador/index.html?id1=19265&legis=14&id2=g
ABELARDO VICO RUIZ,M,GP. SOCIALISTA,http://www.senado.es/web/composicionorganizacion/senadores/composicionsenado/fichasenador/index.html?id1=19245&legis=14&id2=g
ESTEFANÍA BELTRÁN DE HEREDIA ARRONIZ,F,GP. VASCO,https://www.senado.es/web/composicionorganizacion/senadores/composicionsenado/fichasenador/index.html?id1=19365&legis=14&id2=b 
ASSUMPCIÓ CASTELLVÍ AUVÍ,F,GP. NACIONALISTA EN EL SENADO JUNTS PER CATALUNYA-COALICIÓN CANARIA / PARTIDO NACIONALISTA CANARIO,https://www.senado.es/web/composicionorganizacion/senadores/composicionsenado/fichasenador/index.html?id1=19305&legis=14 
MIGUEL BAUTISTA CARBALLO,M,GP. SOCIALISTA,https://www.senado.es/web/composicionorganizacion/senadores/composicionsenado/fichasenador/index.html?id1=19345&legis=14
MARÍA PONCE GALLARDO,F,GP. CIUDADANOS,https://www.senado.es/web/composicionorganizacion/senadores/composicionsenado/fichasenador/index.html?id1=19326&legis=14
FRANCISCO JAVIER HERVÍAS CHIROSA,M,GP. CIUDADANOS,https://www.senado.es/web/composicionorganizacion/senadores/composicionsenado/fichasenador/index.html?id1=19325&legis=14
